ID1	ID2	kinship
1	1	1.0
1	1001	0.5
1	1002	0.5
1	1003	0.5
1	1601	0.25
1	1602	0.25
1	1603	0.25
1	2201	0.25
1	2202	0.25
1	2203	0.25
1	2801	0.25
1	2802	0.25
1	2803	0.25
2	2	1.0
2	1001	0.5
2	1002	0.5
2	1003	0.5
2	1601	0.25
2	1602	0.25
2	1603	0.25
2	2201	0.25
2	2202	0.25
2	2203	0.25
2	2801	0.25
2	2802	0.25
2	2803	0.25
3	3	1.0
3	1601	0.5
3	1602	0.5
3	1603	0.5
4	4	1.0
4	2201	0.5
4	2202	0.5
4	2203	0.5
5	5	1.0
5	2801	0.5
5	2802	0.5
5	2803	0.5
6	6	1.0
6	1004	0.5
6	1005	0.5
6	1006	0.5
6	1604	0.25
6	1605	0.25
6	1606	0.25
6	2204	0.25
6	2205	0.25
6	2206	0.25
6	2804	0.25
6	2805	0.25
6	2806	0.25
7	7	1.0
7	1004	0.5
7	1005	0.5
7	1006	0.5
7	1604	0.25
7	1605	0.25
7	1606	0.25
7	2204	0.25
7	2205	0.25
7	2206	0.25
7	2804	0.25
7	2805	0.25
7	2806	0.25
8	8	1.0
8	1604	0.5
8	1605	0.5
8	1606	0.5
9	9	1.0
9	2204	0.5
9	2205	0.5
9	2206	0.5
10	10	1.0
10	2804	0.5
10	2805	0.5
10	2806	0.5
11	11	1.0
11	1007	0.5
11	1008	0.5
11	1009	0.5
11	1607	0.25
11	1608	0.25
11	1609	0.25
11	2207	0.25
11	2208	0.25
11	2209	0.25
11	2807	0.25
11	2808	0.25
11	2809	0.25
12	12	1.0
12	1007	0.5
12	1008	0.5
12	1009	0.5
12	1607	0.25
12	1608	0.25
12	1609	0.25
12	2207	0.25
12	2208	0.25
12	2209	0.25
12	2807	0.25
12	2808	0.25
12	2809	0.25
13	13	1.0
13	1607	0.5
13	1608	0.5
13	1609	0.5
14	14	1.0
14	2207	0.5
14	2208	0.5
14	2209	0.5
15	15	1.0
15	2807	0.5
15	2808	0.5
15	2809	0.5
16	16	1.0
16	1010	0.5
16	1011	0.5
16	1012	0.5
16	1610	0.25
16	1611	0.25
16	1612	0.25
16	2210	0.25
16	2211	0.25
16	2212	0.25
16	2810	0.25
16	2811	0.25
16	2812	0.25
17	17	1.0
17	1010	0.5
17	1011	0.5
17	1012	0.5
17	1610	0.25
17	1611	0.25
17	1612	0.25
17	2210	0.25
17	2211	0.25
17	2212	0.25
17	2810	0.25
17	2811	0.25
17	2812	0.25
18	18	1.0
18	1610	0.5
18	1611	0.5
18	1612	0.5
19	19	1.0
19	2210	0.5
19	2211	0.5
19	2212	0.5
20	20	1.0
20	2810	0.5
20	2811	0.5
20	2812	0.5
21	21	1.0
21	1013	0.5
21	1014	0.5
21	1015	0.5
21	1613	0.25
21	1614	0.25
21	1615	0.25
21	2213	0.25
21	2214	0.25
21	2215	0.25
21	2813	0.25
21	2814	0.25
21	2815	0.25
22	22	1.0
22	1013	0.5
22	1014	0.5
22	1015	0.5
22	1613	0.25
22	1614	0.25
22	1615	0.25
22	2213	0.25
22	2214	0.25
22	2215	0.25
22	2813	0.25
22	2814	0.25
22	2815	0.25
23	23	1.0
23	1613	0.5
23	1614	0.5
23	1615	0.5
24	24	1.0
24	2213	0.5
24	2214	0.5
24	2215	0.5
25	25	1.0
25	2813	0.5
25	2814	0.5
25	2815	0.5
26	26	1.0
26	1016	0.5
26	1017	0.5
26	1018	0.5
26	1616	0.25
26	1617	0.25
26	1618	0.25
26	2216	0.25
26	2217	0.25
26	2218	0.25
26	2816	0.25
26	2817	0.25
26	2818	0.25
27	27	1.0
27	1016	0.5
27	1017	0.5
27	1018	0.5
27	1616	0.25
27	1617	0.25
27	1618	0.25
27	2216	0.25
27	2217	0.25
27	2218	0.25
27	2816	0.25
27	2817	0.25
27	2818	0.25
28	28	1.0
28	1616	0.5
28	1617	0.5
28	1618	0.5
29	29	1.0
29	2216	0.5
29	2217	0.5
29	2218	0.5
30	30	1.0
30	2816	0.5
30	2817	0.5
30	2818	0.5
31	31	1.0
31	1019	0.5
31	1020	0.5
31	1021	0.5
31	1619	0.25
31	1620	0.25
31	1621	0.25
31	2219	0.25
31	2220	0.25
31	2221	0.25
31	2819	0.25
31	2820	0.25
31	2821	0.25
32	32	1.0
32	1019	0.5
32	1020	0.5
32	1021	0.5
32	1619	0.25
32	1620	0.25
32	1621	0.25
32	2219	0.25
32	2220	0.25
32	2221	0.25
32	2819	0.25
32	2820	0.25
32	2821	0.25
33	33	1.0
33	1619	0.5
33	1620	0.5
33	1621	0.5
34	34	1.0
34	2219	0.5
34	2220	0.5
34	2221	0.5
35	35	1.0
35	2819	0.5
35	2820	0.5
35	2821	0.5
36	36	1.0
36	1022	0.5
36	1023	0.5
36	1024	0.5
36	1622	0.25
36	1623	0.25
36	1624	0.25
36	2222	0.25
36	2223	0.25
36	2224	0.25
36	2822	0.25
36	2823	0.25
36	2824	0.25
37	37	1.0
37	1022	0.5
37	1023	0.5
37	1024	0.5
37	1622	0.25
37	1623	0.25
37	1624	0.25
37	2222	0.25
37	2223	0.25
37	2224	0.25
37	2822	0.25
37	2823	0.25
37	2824	0.25
38	38	1.0
38	1622	0.5
38	1623	0.5
38	1624	0.5
39	39	1.0
39	2222	0.5
39	2223	0.5
39	2224	0.5
40	40	1.0
40	2822	0.5
40	2823	0.5
40	2824	0.5
41	41	1.0
41	1025	0.5
41	1026	0.5
41	1027	0.5
41	1625	0.25
41	1626	0.25
41	1627	0.25
41	2225	0.25
41	2226	0.25
41	2227	0.25
41	2825	0.25
41	2826	0.25
41	2827	0.25
42	42	1.0
42	1025	0.5
42	1026	0.5
42	1027	0.5
42	1625	0.25
42	1626	0.25
42	1627	0.25
42	2225	0.25
42	2226	0.25
42	2227	0.25
42	2825	0.25
42	2826	0.25
42	2827	0.25
43	43	1.0
43	1625	0.5
43	1626	0.5
43	1627	0.5
44	44	1.0
44	2225	0.5
44	2226	0.5
44	2227	0.5
45	45	1.0
45	2825	0.5
45	2826	0.5
45	2827	0.5
46	46	1.0
46	1028	0.5
46	1029	0.5
46	1030	0.5
46	1628	0.25
46	1629	0.25
46	1630	0.25
46	2228	0.25
46	2229	0.25
46	2230	0.25
46	2828	0.25
46	2829	0.25
46	2830	0.25
47	47	1.0
47	1028	0.5
47	1029	0.5
47	1030	0.5
47	1628	0.25
47	1629	0.25
47	1630	0.25
47	2228	0.25
47	2229	0.25
47	2230	0.25
47	2828	0.25
47	2829	0.25
47	2830	0.25
48	48	1.0
48	1628	0.5
48	1629	0.5
48	1630	0.5
49	49	1.0
49	2228	0.5
49	2229	0.5
49	2230	0.5
50	50	1.0
50	2828	0.5
50	2829	0.5
50	2830	0.5
51	51	1.0
51	1031	0.5
51	1032	0.5
51	1033	0.5
51	1631	0.25
51	1632	0.25
51	1633	0.25
51	2231	0.25
51	2232	0.25
51	2233	0.25
51	2831	0.25
51	2832	0.25
51	2833	0.25
52	52	1.0
52	1031	0.5
52	1032	0.5
52	1033	0.5
52	1631	0.25
52	1632	0.25
52	1633	0.25
52	2231	0.25
52	2232	0.25
52	2233	0.25
52	2831	0.25
52	2832	0.25
52	2833	0.25
53	53	1.0
53	1631	0.5
53	1632	0.5
53	1633	0.5
54	54	1.0
54	2231	0.5
54	2232	0.5
54	2233	0.5
55	55	1.0
55	2831	0.5
55	2832	0.5
55	2833	0.5
56	56	1.0
56	1034	0.5
56	1035	0.5
56	1036	0.5
56	1634	0.25
56	1635	0.25
56	1636	0.25
56	2234	0.25
56	2235	0.25
56	2236	0.25
56	2834	0.25
56	2835	0.25
56	2836	0.25
57	57	1.0
57	1034	0.5
57	1035	0.5
57	1036	0.5
57	1634	0.25
57	1635	0.25
57	1636	0.25
57	2234	0.25
57	2235	0.25
57	2236	0.25
57	2834	0.25
57	2835	0.25
57	2836	0.25
58	58	1.0
58	1634	0.5
58	1635	0.5
58	1636	0.5
59	59	1.0
59	2234	0.5
59	2235	0.5
59	2236	0.5
60	60	1.0
60	2834	0.5
60	2835	0.5
60	2836	0.5
61	61	1.0
61	1037	0.5
61	1038	0.5
61	1039	0.5
61	1637	0.25
61	1638	0.25
61	1639	0.25
61	2237	0.25
61	2238	0.25
61	2239	0.25
61	2837	0.25
61	2838	0.25
61	2839	0.25
62	62	1.0
62	1037	0.5
62	1038	0.5
62	1039	0.5
62	1637	0.25
62	1638	0.25
62	1639	0.25
62	2237	0.25
62	2238	0.25
62	2239	0.25
62	2837	0.25
62	2838	0.25
62	2839	0.25
63	63	1.0
63	1637	0.5
63	1638	0.5
63	1639	0.5
64	64	1.0
64	2237	0.5
64	2238	0.5
64	2239	0.5
65	65	1.0
65	2837	0.5
65	2838	0.5
65	2839	0.5
66	66	1.0
66	1040	0.5
66	1041	0.5
66	1042	0.5
66	1640	0.25
66	1641	0.25
66	1642	0.25
66	2240	0.25
66	2241	0.25
66	2242	0.25
66	2840	0.25
66	2841	0.25
66	2842	0.25
67	67	1.0
67	1040	0.5
67	1041	0.5
67	1042	0.5
67	1640	0.25
67	1641	0.25
67	1642	0.25
67	2240	0.25
67	2241	0.25
67	2242	0.25
67	2840	0.25
67	2841	0.25
67	2842	0.25
68	68	1.0
68	1640	0.5
68	1641	0.5
68	1642	0.5
69	69	1.0
69	2240	0.5
69	2241	0.5
69	2242	0.5
70	70	1.0
70	2840	0.5
70	2841	0.5
70	2842	0.5
71	71	1.0
71	1043	0.5
71	1044	0.5
71	1045	0.5
71	1643	0.25
71	1644	0.25
71	1645	0.25
71	2243	0.25
71	2244	0.25
71	2245	0.25
71	2843	0.25
71	2844	0.25
71	2845	0.25
72	72	1.0
72	1043	0.5
72	1044	0.5
72	1045	0.5
72	1643	0.25
72	1644	0.25
72	1645	0.25
72	2243	0.25
72	2244	0.25
72	2245	0.25
72	2843	0.25
72	2844	0.25
72	2845	0.25
73	73	1.0
73	1643	0.5
73	1644	0.5
73	1645	0.5
74	74	1.0
74	2243	0.5
74	2244	0.5
74	2245	0.5
75	75	1.0
75	2843	0.5
75	2844	0.5
75	2845	0.5
76	76	1.0
76	1046	0.5
76	1047	0.5
76	1048	0.5
76	1646	0.25
76	1647	0.25
76	1648	0.25
76	2246	0.25
76	2247	0.25
76	2248	0.25
76	2846	0.25
76	2847	0.25
76	2848	0.25
77	77	1.0
77	1046	0.5
77	1047	0.5
77	1048	0.5
77	1646	0.25
77	1647	0.25
77	1648	0.25
77	2246	0.25
77	2247	0.25
77	2248	0.25
77	2846	0.25
77	2847	0.25
77	2848	0.25
78	78	1.0
78	1646	0.5
78	1647	0.5
78	1648	0.5
79	79	1.0
79	2246	0.5
79	2247	0.5
79	2248	0.5
80	80	1.0
80	2846	0.5
80	2847	0.5
80	2848	0.5
81	81	1.0
81	1049	0.5
81	1050	0.5
81	1051	0.5
81	1649	0.25
81	1650	0.25
81	1651	0.25
81	2249	0.25
81	2250	0.25
81	2251	0.25
81	2849	0.25
81	2850	0.25
81	2851	0.25
82	82	1.0
82	1049	0.5
82	1050	0.5
82	1051	0.5
82	1649	0.25
82	1650	0.25
82	1651	0.25
82	2249	0.25
82	2250	0.25
82	2251	0.25
82	2849	0.25
82	2850	0.25
82	2851	0.25
83	83	1.0
83	1649	0.5
83	1650	0.5
83	1651	0.5
84	84	1.0
84	2249	0.5
84	2250	0.5
84	2251	0.5
85	85	1.0
85	2849	0.5
85	2850	0.5
85	2851	0.5
86	86	1.0
86	1052	0.5
86	1053	0.5
86	1054	0.5
86	1652	0.25
86	1653	0.25
86	1654	0.25
86	2252	0.25
86	2253	0.25
86	2254	0.25
86	2852	0.25
86	2853	0.25
86	2854	0.25
87	87	1.0
87	1052	0.5
87	1053	0.5
87	1054	0.5
87	1652	0.25
87	1653	0.25
87	1654	0.25
87	2252	0.25
87	2253	0.25
87	2254	0.25
87	2852	0.25
87	2853	0.25
87	2854	0.25
88	88	1.0
88	1652	0.5
88	1653	0.5
88	1654	0.5
89	89	1.0
89	2252	0.5
89	2253	0.5
89	2254	0.5
90	90	1.0
90	2852	0.5
90	2853	0.5
90	2854	0.5
91	91	1.0
91	1055	0.5
91	1056	0.5
91	1057	0.5
91	1655	0.25
91	1656	0.25
91	1657	0.25
91	2255	0.25
91	2256	0.25
91	2257	0.25
91	2855	0.25
91	2856	0.25
91	2857	0.25
92	92	1.0
92	1055	0.5
92	1056	0.5
92	1057	0.5
92	1655	0.25
92	1656	0.25
92	1657	0.25
92	2255	0.25
92	2256	0.25
92	2257	0.25
92	2855	0.25
92	2856	0.25
92	2857	0.25
93	93	1.0
93	1655	0.5
93	1656	0.5
93	1657	0.5
94	94	1.0
94	2255	0.5
94	2256	0.5
94	2257	0.5
95	95	1.0
95	2855	0.5
95	2856	0.5
95	2857	0.5
96	96	1.0
96	1058	0.5
96	1059	0.5
96	1060	0.5
96	1658	0.25
96	1659	0.25
96	1660	0.25
96	2258	0.25
96	2259	0.25
96	2260	0.25
96	2858	0.25
96	2859	0.25
96	2860	0.25
97	97	1.0
97	1058	0.5
97	1059	0.5
97	1060	0.5
97	1658	0.25
97	1659	0.25
97	1660	0.25
97	2258	0.25
97	2259	0.25
97	2260	0.25
97	2858	0.25
97	2859	0.25
97	2860	0.25
98	98	1.0
98	1658	0.5
98	1659	0.5
98	1660	0.5
99	99	1.0
99	2258	0.5
99	2259	0.5
99	2260	0.5
100	100	1.0
100	2858	0.5
100	2859	0.5
100	2860	0.5
101	101	1.0
101	1061	0.5
101	1062	0.5
101	1063	0.5
101	1661	0.25
101	1662	0.25
101	1663	0.25
101	2261	0.25
101	2262	0.25
101	2263	0.25
101	2861	0.25
101	2862	0.25
101	2863	0.25
102	102	1.0
102	1061	0.5
102	1062	0.5
102	1063	0.5
102	1661	0.25
102	1662	0.25
102	1663	0.25
102	2261	0.25
102	2262	0.25
102	2263	0.25
102	2861	0.25
102	2862	0.25
102	2863	0.25
103	103	1.0
103	1661	0.5
103	1662	0.5
103	1663	0.5
104	104	1.0
104	2261	0.5
104	2262	0.5
104	2263	0.5
105	105	1.0
105	2861	0.5
105	2862	0.5
105	2863	0.5
106	106	1.0
106	1064	0.5
106	1065	0.5
106	1066	0.5
106	1664	0.25
106	1665	0.25
106	1666	0.25
106	2264	0.25
106	2265	0.25
106	2266	0.25
106	2864	0.25
106	2865	0.25
106	2866	0.25
107	107	1.0
107	1064	0.5
107	1065	0.5
107	1066	0.5
107	1664	0.25
107	1665	0.25
107	1666	0.25
107	2264	0.25
107	2265	0.25
107	2266	0.25
107	2864	0.25
107	2865	0.25
107	2866	0.25
108	108	1.0
108	1664	0.5
108	1665	0.5
108	1666	0.5
109	109	1.0
109	2264	0.5
109	2265	0.5
109	2266	0.5
110	110	1.0
110	2864	0.5
110	2865	0.5
110	2866	0.5
111	111	1.0
111	1067	0.5
111	1068	0.5
111	1069	0.5
111	1667	0.25
111	1668	0.25
111	1669	0.25
111	2267	0.25
111	2268	0.25
111	2269	0.25
111	2867	0.25
111	2868	0.25
111	2869	0.25
112	112	1.0
112	1067	0.5
112	1068	0.5
112	1069	0.5
112	1667	0.25
112	1668	0.25
112	1669	0.25
112	2267	0.25
112	2268	0.25
112	2269	0.25
112	2867	0.25
112	2868	0.25
112	2869	0.25
113	113	1.0
113	1667	0.5
113	1668	0.5
113	1669	0.5
114	114	1.0
114	2267	0.5
114	2268	0.5
114	2269	0.5
115	115	1.0
115	2867	0.5
115	2868	0.5
115	2869	0.5
116	116	1.0
116	1070	0.5
116	1071	0.5
116	1072	0.5
116	1670	0.25
116	1671	0.25
116	1672	0.25
116	2270	0.25
116	2271	0.25
116	2272	0.25
116	2870	0.25
116	2871	0.25
116	2872	0.25
117	117	1.0
117	1070	0.5
117	1071	0.5
117	1072	0.5
117	1670	0.25
117	1671	0.25
117	1672	0.25
117	2270	0.25
117	2271	0.25
117	2272	0.25
117	2870	0.25
117	2871	0.25
117	2872	0.25
118	118	1.0
118	1670	0.5
118	1671	0.5
118	1672	0.5
119	119	1.0
119	2270	0.5
119	2271	0.5
119	2272	0.5
120	120	1.0
120	2870	0.5
120	2871	0.5
120	2872	0.5
121	121	1.0
121	1073	0.5
121	1074	0.5
121	1075	0.5
121	1673	0.25
121	1674	0.25
121	1675	0.25
121	2273	0.25
121	2274	0.25
121	2275	0.25
121	2873	0.25
121	2874	0.25
121	2875	0.25
122	122	1.0
122	1073	0.5
122	1074	0.5
122	1075	0.5
122	1673	0.25
122	1674	0.25
122	1675	0.25
122	2273	0.25
122	2274	0.25
122	2275	0.25
122	2873	0.25
122	2874	0.25
122	2875	0.25
123	123	1.0
123	1673	0.5
123	1674	0.5
123	1675	0.5
124	124	1.0
124	2273	0.5
124	2274	0.5
124	2275	0.5
125	125	1.0
125	2873	0.5
125	2874	0.5
125	2875	0.5
126	126	1.0
126	1076	0.5
126	1077	0.5
126	1078	0.5
126	1676	0.25
126	1677	0.25
126	1678	0.25
126	2276	0.25
126	2277	0.25
126	2278	0.25
126	2876	0.25
126	2877	0.25
126	2878	0.25
127	127	1.0
127	1076	0.5
127	1077	0.5
127	1078	0.5
127	1676	0.25
127	1677	0.25
127	1678	0.25
127	2276	0.25
127	2277	0.25
127	2278	0.25
127	2876	0.25
127	2877	0.25
127	2878	0.25
128	128	1.0
128	1676	0.5
128	1677	0.5
128	1678	0.5
129	129	1.0
129	2276	0.5
129	2277	0.5
129	2278	0.5
130	130	1.0
130	2876	0.5
130	2877	0.5
130	2878	0.5
131	131	1.0
131	1079	0.5
131	1080	0.5
131	1081	0.5
131	1679	0.25
131	1680	0.25
131	1681	0.25
131	2279	0.25
131	2280	0.25
131	2281	0.25
131	2879	0.25
131	2880	0.25
131	2881	0.25
132	132	1.0
132	1079	0.5
132	1080	0.5
132	1081	0.5
132	1679	0.25
132	1680	0.25
132	1681	0.25
132	2279	0.25
132	2280	0.25
132	2281	0.25
132	2879	0.25
132	2880	0.25
132	2881	0.25
133	133	1.0
133	1679	0.5
133	1680	0.5
133	1681	0.5
134	134	1.0
134	2279	0.5
134	2280	0.5
134	2281	0.5
135	135	1.0
135	2879	0.5
135	2880	0.5
135	2881	0.5
136	136	1.0
136	1082	0.5
136	1083	0.5
136	1084	0.5
136	1682	0.25
136	1683	0.25
136	1684	0.25
136	2282	0.25
136	2283	0.25
136	2284	0.25
136	2882	0.25
136	2883	0.25
136	2884	0.25
137	137	1.0
137	1082	0.5
137	1083	0.5
137	1084	0.5
137	1682	0.25
137	1683	0.25
137	1684	0.25
137	2282	0.25
137	2283	0.25
137	2284	0.25
137	2882	0.25
137	2883	0.25
137	2884	0.25
138	138	1.0
138	1682	0.5
138	1683	0.5
138	1684	0.5
139	139	1.0
139	2282	0.5
139	2283	0.5
139	2284	0.5
140	140	1.0
140	2882	0.5
140	2883	0.5
140	2884	0.5
141	141	1.0
141	1085	0.5
141	1086	0.5
141	1087	0.5
141	1685	0.25
141	1686	0.25
141	1687	0.25
141	2285	0.25
141	2286	0.25
141	2287	0.25
141	2885	0.25
141	2886	0.25
141	2887	0.25
142	142	1.0
142	1085	0.5
142	1086	0.5
142	1087	0.5
142	1685	0.25
142	1686	0.25
142	1687	0.25
142	2285	0.25
142	2286	0.25
142	2287	0.25
142	2885	0.25
142	2886	0.25
142	2887	0.25
143	143	1.0
143	1685	0.5
143	1686	0.5
143	1687	0.5
144	144	1.0
144	2285	0.5
144	2286	0.5
144	2287	0.5
145	145	1.0
145	2885	0.5
145	2886	0.5
145	2887	0.5
146	146	1.0
146	1088	0.5
146	1089	0.5
146	1090	0.5
146	1688	0.25
146	1689	0.25
146	1690	0.25
146	2288	0.25
146	2289	0.25
146	2290	0.25
146	2888	0.25
146	2889	0.25
146	2890	0.25
147	147	1.0
147	1088	0.5
147	1089	0.5
147	1090	0.5
147	1688	0.25
147	1689	0.25
147	1690	0.25
147	2288	0.25
147	2289	0.25
147	2290	0.25
147	2888	0.25
147	2889	0.25
147	2890	0.25
148	148	1.0
148	1688	0.5
148	1689	0.5
148	1690	0.5
149	149	1.0
149	2288	0.5
149	2289	0.5
149	2290	0.5
150	150	1.0
150	2888	0.5
150	2889	0.5
150	2890	0.5
151	151	1.0
151	1091	0.5
151	1092	0.5
151	1093	0.5
151	1691	0.25
151	1692	0.25
151	1693	0.25
151	2291	0.25
151	2292	0.25
151	2293	0.25
151	2891	0.25
151	2892	0.25
151	2893	0.25
152	152	1.0
152	1091	0.5
152	1092	0.5
152	1093	0.5
152	1691	0.25
152	1692	0.25
152	1693	0.25
152	2291	0.25
152	2292	0.25
152	2293	0.25
152	2891	0.25
152	2892	0.25
152	2893	0.25
153	153	1.0
153	1691	0.5
153	1692	0.5
153	1693	0.5
154	154	1.0
154	2291	0.5
154	2292	0.5
154	2293	0.5
155	155	1.0
155	2891	0.5
155	2892	0.5
155	2893	0.5
156	156	1.0
156	1094	0.5
156	1095	0.5
156	1096	0.5
156	1694	0.25
156	1695	0.25
156	1696	0.25
156	2294	0.25
156	2295	0.25
156	2296	0.25
156	2894	0.25
156	2895	0.25
156	2896	0.25
157	157	1.0
157	1094	0.5
157	1095	0.5
157	1096	0.5
157	1694	0.25
157	1695	0.25
157	1696	0.25
157	2294	0.25
157	2295	0.25
157	2296	0.25
157	2894	0.25
157	2895	0.25
157	2896	0.25
158	158	1.0
158	1694	0.5
158	1695	0.5
158	1696	0.5
159	159	1.0
159	2294	0.5
159	2295	0.5
159	2296	0.5
160	160	1.0
160	2894	0.5
160	2895	0.5
160	2896	0.5
161	161	1.0
161	1097	0.5
161	1098	0.5
161	1099	0.5
161	1697	0.25
161	1698	0.25
161	1699	0.25
161	2297	0.25
161	2298	0.25
161	2299	0.25
161	2897	0.25
161	2898	0.25
161	2899	0.25
162	162	1.0
162	1097	0.5
162	1098	0.5
162	1099	0.5
162	1697	0.25
162	1698	0.25
162	1699	0.25
162	2297	0.25
162	2298	0.25
162	2299	0.25
162	2897	0.25
162	2898	0.25
162	2899	0.25
163	163	1.0
163	1697	0.5
163	1698	0.5
163	1699	0.5
164	164	1.0
164	2297	0.5
164	2298	0.5
164	2299	0.5
165	165	1.0
165	2897	0.5
165	2898	0.5
165	2899	0.5
166	166	1.0
166	1100	0.5
166	1101	0.5
166	1102	0.5
166	1700	0.25
166	1701	0.25
166	1702	0.25
166	2300	0.25
166	2301	0.25
166	2302	0.25
166	2900	0.25
166	2901	0.25
166	2902	0.25
167	167	1.0
167	1100	0.5
167	1101	0.5
167	1102	0.5
167	1700	0.25
167	1701	0.25
167	1702	0.25
167	2300	0.25
167	2301	0.25
167	2302	0.25
167	2900	0.25
167	2901	0.25
167	2902	0.25
168	168	1.0
168	1700	0.5
168	1701	0.5
168	1702	0.5
169	169	1.0
169	2300	0.5
169	2301	0.5
169	2302	0.5
170	170	1.0
170	2900	0.5
170	2901	0.5
170	2902	0.5
171	171	1.0
171	1103	0.5
171	1104	0.5
171	1105	0.5
171	1703	0.25
171	1704	0.25
171	1705	0.25
171	2303	0.25
171	2304	0.25
171	2305	0.25
171	2903	0.25
171	2904	0.25
171	2905	0.25
172	172	1.0
172	1103	0.5
172	1104	0.5
172	1105	0.5
172	1703	0.25
172	1704	0.25
172	1705	0.25
172	2303	0.25
172	2304	0.25
172	2305	0.25
172	2903	0.25
172	2904	0.25
172	2905	0.25
173	173	1.0
173	1703	0.5
173	1704	0.5
173	1705	0.5
174	174	1.0
174	2303	0.5
174	2304	0.5
174	2305	0.5
175	175	1.0
175	2903	0.5
175	2904	0.5
175	2905	0.5
176	176	1.0
176	1106	0.5
176	1107	0.5
176	1108	0.5
176	1706	0.25
176	1707	0.25
176	1708	0.25
176	2306	0.25
176	2307	0.25
176	2308	0.25
176	2906	0.25
176	2907	0.25
176	2908	0.25
177	177	1.0
177	1106	0.5
177	1107	0.5
177	1108	0.5
177	1706	0.25
177	1707	0.25
177	1708	0.25
177	2306	0.25
177	2307	0.25
177	2308	0.25
177	2906	0.25
177	2907	0.25
177	2908	0.25
178	178	1.0
178	1706	0.5
178	1707	0.5
178	1708	0.5
179	179	1.0
179	2306	0.5
179	2307	0.5
179	2308	0.5
180	180	1.0
180	2906	0.5
180	2907	0.5
180	2908	0.5
181	181	1.0
181	1109	0.5
181	1110	0.5
181	1111	0.5
181	1709	0.25
181	1710	0.25
181	1711	0.25
181	2309	0.25
181	2310	0.25
181	2311	0.25
181	2909	0.25
181	2910	0.25
181	2911	0.25
182	182	1.0
182	1109	0.5
182	1110	0.5
182	1111	0.5
182	1709	0.25
182	1710	0.25
182	1711	0.25
182	2309	0.25
182	2310	0.25
182	2311	0.25
182	2909	0.25
182	2910	0.25
182	2911	0.25
183	183	1.0
183	1709	0.5
183	1710	0.5
183	1711	0.5
184	184	1.0
184	2309	0.5
184	2310	0.5
184	2311	0.5
185	185	1.0
185	2909	0.5
185	2910	0.5
185	2911	0.5
186	186	1.0
186	1112	0.5
186	1113	0.5
186	1114	0.5
186	1712	0.25
186	1713	0.25
186	1714	0.25
186	2312	0.25
186	2313	0.25
186	2314	0.25
186	2912	0.25
186	2913	0.25
186	2914	0.25
187	187	1.0
187	1112	0.5
187	1113	0.5
187	1114	0.5
187	1712	0.25
187	1713	0.25
187	1714	0.25
187	2312	0.25
187	2313	0.25
187	2314	0.25
187	2912	0.25
187	2913	0.25
187	2914	0.25
188	188	1.0
188	1712	0.5
188	1713	0.5
188	1714	0.5
189	189	1.0
189	2312	0.5
189	2313	0.5
189	2314	0.5
190	190	1.0
190	2912	0.5
190	2913	0.5
190	2914	0.5
191	191	1.0
191	1115	0.5
191	1116	0.5
191	1117	0.5
191	1715	0.25
191	1716	0.25
191	1717	0.25
191	2315	0.25
191	2316	0.25
191	2317	0.25
191	2915	0.25
191	2916	0.25
191	2917	0.25
192	192	1.0
192	1115	0.5
192	1116	0.5
192	1117	0.5
192	1715	0.25
192	1716	0.25
192	1717	0.25
192	2315	0.25
192	2316	0.25
192	2317	0.25
192	2915	0.25
192	2916	0.25
192	2917	0.25
193	193	1.0
193	1715	0.5
193	1716	0.5
193	1717	0.5
194	194	1.0
194	2315	0.5
194	2316	0.5
194	2317	0.5
195	195	1.0
195	2915	0.5
195	2916	0.5
195	2917	0.5
196	196	1.0
196	1118	0.5
196	1119	0.5
196	1120	0.5
196	1718	0.25
196	1719	0.25
196	1720	0.25
196	2318	0.25
196	2319	0.25
196	2320	0.25
196	2918	0.25
196	2919	0.25
196	2920	0.25
197	197	1.0
197	1118	0.5
197	1119	0.5
197	1120	0.5
197	1718	0.25
197	1719	0.25
197	1720	0.25
197	2318	0.25
197	2319	0.25
197	2320	0.25
197	2918	0.25
197	2919	0.25
197	2920	0.25
198	198	1.0
198	1718	0.5
198	1719	0.5
198	1720	0.5
199	199	1.0
199	2318	0.5
199	2319	0.5
199	2320	0.5
200	200	1.0
200	2918	0.5
200	2919	0.5
200	2920	0.5
201	201	1.0
201	1121	0.5
201	1122	0.5
201	1123	0.5
201	1721	0.25
201	1722	0.25
201	1723	0.25
201	2321	0.25
201	2322	0.25
201	2323	0.25
201	2921	0.25
201	2922	0.25
201	2923	0.25
202	202	1.0
202	1121	0.5
202	1122	0.5
202	1123	0.5
202	1721	0.25
202	1722	0.25
202	1723	0.25
202	2321	0.25
202	2322	0.25
202	2323	0.25
202	2921	0.25
202	2922	0.25
202	2923	0.25
203	203	1.0
203	1721	0.5
203	1722	0.5
203	1723	0.5
204	204	1.0
204	2321	0.5
204	2322	0.5
204	2323	0.5
205	205	1.0
205	2921	0.5
205	2922	0.5
205	2923	0.5
206	206	1.0
206	1124	0.5
206	1125	0.5
206	1126	0.5
206	1724	0.25
206	1725	0.25
206	1726	0.25
206	2324	0.25
206	2325	0.25
206	2326	0.25
206	2924	0.25
206	2925	0.25
206	2926	0.25
207	207	1.0
207	1124	0.5
207	1125	0.5
207	1126	0.5
207	1724	0.25
207	1725	0.25
207	1726	0.25
207	2324	0.25
207	2325	0.25
207	2326	0.25
207	2924	0.25
207	2925	0.25
207	2926	0.25
208	208	1.0
208	1724	0.5
208	1725	0.5
208	1726	0.5
209	209	1.0
209	2324	0.5
209	2325	0.5
209	2326	0.5
210	210	1.0
210	2924	0.5
210	2925	0.5
210	2926	0.5
211	211	1.0
211	1127	0.5
211	1128	0.5
211	1129	0.5
211	1727	0.25
211	1728	0.25
211	1729	0.25
211	2327	0.25
211	2328	0.25
211	2329	0.25
211	2927	0.25
211	2928	0.25
211	2929	0.25
212	212	1.0
212	1127	0.5
212	1128	0.5
212	1129	0.5
212	1727	0.25
212	1728	0.25
212	1729	0.25
212	2327	0.25
212	2328	0.25
212	2329	0.25
212	2927	0.25
212	2928	0.25
212	2929	0.25
213	213	1.0
213	1727	0.5
213	1728	0.5
213	1729	0.5
214	214	1.0
214	2327	0.5
214	2328	0.5
214	2329	0.5
215	215	1.0
215	2927	0.5
215	2928	0.5
215	2929	0.5
216	216	1.0
216	1130	0.5
216	1131	0.5
216	1132	0.5
216	1730	0.25
216	1731	0.25
216	1732	0.25
216	2330	0.25
216	2331	0.25
216	2332	0.25
216	2930	0.25
216	2931	0.25
216	2932	0.25
217	217	1.0
217	1130	0.5
217	1131	0.5
217	1132	0.5
217	1730	0.25
217	1731	0.25
217	1732	0.25
217	2330	0.25
217	2331	0.25
217	2332	0.25
217	2930	0.25
217	2931	0.25
217	2932	0.25
218	218	1.0
218	1730	0.5
218	1731	0.5
218	1732	0.5
219	219	1.0
219	2330	0.5
219	2331	0.5
219	2332	0.5
220	220	1.0
220	2930	0.5
220	2931	0.5
220	2932	0.5
221	221	1.0
221	1133	0.5
221	1134	0.5
221	1135	0.5
221	1733	0.25
221	1734	0.25
221	1735	0.25
221	2333	0.25
221	2334	0.25
221	2335	0.25
221	2933	0.25
221	2934	0.25
221	2935	0.25
222	222	1.0
222	1133	0.5
222	1134	0.5
222	1135	0.5
222	1733	0.25
222	1734	0.25
222	1735	0.25
222	2333	0.25
222	2334	0.25
222	2335	0.25
222	2933	0.25
222	2934	0.25
222	2935	0.25
223	223	1.0
223	1733	0.5
223	1734	0.5
223	1735	0.5
224	224	1.0
224	2333	0.5
224	2334	0.5
224	2335	0.5
225	225	1.0
225	2933	0.5
225	2934	0.5
225	2935	0.5
226	226	1.0
226	1136	0.5
226	1137	0.5
226	1138	0.5
226	1736	0.25
226	1737	0.25
226	1738	0.25
226	2336	0.25
226	2337	0.25
226	2338	0.25
226	2936	0.25
226	2937	0.25
226	2938	0.25
227	227	1.0
227	1136	0.5
227	1137	0.5
227	1138	0.5
227	1736	0.25
227	1737	0.25
227	1738	0.25
227	2336	0.25
227	2337	0.25
227	2338	0.25
227	2936	0.25
227	2937	0.25
227	2938	0.25
228	228	1.0
228	1736	0.5
228	1737	0.5
228	1738	0.5
229	229	1.0
229	2336	0.5
229	2337	0.5
229	2338	0.5
230	230	1.0
230	2936	0.5
230	2937	0.5
230	2938	0.5
231	231	1.0
231	1139	0.5
231	1140	0.5
231	1141	0.5
231	1739	0.25
231	1740	0.25
231	1741	0.25
231	2339	0.25
231	2340	0.25
231	2341	0.25
231	2939	0.25
231	2940	0.25
231	2941	0.25
232	232	1.0
232	1139	0.5
232	1140	0.5
232	1141	0.5
232	1739	0.25
232	1740	0.25
232	1741	0.25
232	2339	0.25
232	2340	0.25
232	2341	0.25
232	2939	0.25
232	2940	0.25
232	2941	0.25
233	233	1.0
233	1739	0.5
233	1740	0.5
233	1741	0.5
234	234	1.0
234	2339	0.5
234	2340	0.5
234	2341	0.5
235	235	1.0
235	2939	0.5
235	2940	0.5
235	2941	0.5
236	236	1.0
236	1142	0.5
236	1143	0.5
236	1144	0.5
236	1742	0.25
236	1743	0.25
236	1744	0.25
236	2342	0.25
236	2343	0.25
236	2344	0.25
236	2942	0.25
236	2943	0.25
236	2944	0.25
237	237	1.0
237	1142	0.5
237	1143	0.5
237	1144	0.5
237	1742	0.25
237	1743	0.25
237	1744	0.25
237	2342	0.25
237	2343	0.25
237	2344	0.25
237	2942	0.25
237	2943	0.25
237	2944	0.25
238	238	1.0
238	1742	0.5
238	1743	0.5
238	1744	0.5
239	239	1.0
239	2342	0.5
239	2343	0.5
239	2344	0.5
240	240	1.0
240	2942	0.5
240	2943	0.5
240	2944	0.5
241	241	1.0
241	1145	0.5
241	1146	0.5
241	1147	0.5
241	1745	0.25
241	1746	0.25
241	1747	0.25
241	2345	0.25
241	2346	0.25
241	2347	0.25
241	2945	0.25
241	2946	0.25
241	2947	0.25
242	242	1.0
242	1145	0.5
242	1146	0.5
242	1147	0.5
242	1745	0.25
242	1746	0.25
242	1747	0.25
242	2345	0.25
242	2346	0.25
242	2347	0.25
242	2945	0.25
242	2946	0.25
242	2947	0.25
243	243	1.0
243	1745	0.5
243	1746	0.5
243	1747	0.5
244	244	1.0
244	2345	0.5
244	2346	0.5
244	2347	0.5
245	245	1.0
245	2945	0.5
245	2946	0.5
245	2947	0.5
246	246	1.0
246	1148	0.5
246	1149	0.5
246	1150	0.5
246	1748	0.25
246	1749	0.25
246	1750	0.25
246	2348	0.25
246	2349	0.25
246	2350	0.25
246	2948	0.25
246	2949	0.25
246	2950	0.25
247	247	1.0
247	1148	0.5
247	1149	0.5
247	1150	0.5
247	1748	0.25
247	1749	0.25
247	1750	0.25
247	2348	0.25
247	2349	0.25
247	2350	0.25
247	2948	0.25
247	2949	0.25
247	2950	0.25
248	248	1.0
248	1748	0.5
248	1749	0.5
248	1750	0.5
249	249	1.0
249	2348	0.5
249	2349	0.5
249	2350	0.5
250	250	1.0
250	2948	0.5
250	2949	0.5
250	2950	0.5
251	251	1.0
251	1151	0.5
251	1152	0.5
251	1153	0.5
251	1751	0.25
251	1752	0.25
251	1753	0.25
251	2351	0.25
251	2352	0.25
251	2353	0.25
251	2951	0.25
251	2952	0.25
251	2953	0.25
252	252	1.0
252	1151	0.5
252	1152	0.5
252	1153	0.5
252	1751	0.25
252	1752	0.25
252	1753	0.25
252	2351	0.25
252	2352	0.25
252	2353	0.25
252	2951	0.25
252	2952	0.25
252	2953	0.25
253	253	1.0
253	1751	0.5
253	1752	0.5
253	1753	0.5
254	254	1.0
254	2351	0.5
254	2352	0.5
254	2353	0.5
255	255	1.0
255	2951	0.5
255	2952	0.5
255	2953	0.5
256	256	1.0
256	1154	0.5
256	1155	0.5
256	1156	0.5
256	1754	0.25
256	1755	0.25
256	1756	0.25
256	2354	0.25
256	2355	0.25
256	2356	0.25
256	2954	0.25
256	2955	0.25
256	2956	0.25
257	257	1.0
257	1154	0.5
257	1155	0.5
257	1156	0.5
257	1754	0.25
257	1755	0.25
257	1756	0.25
257	2354	0.25
257	2355	0.25
257	2356	0.25
257	2954	0.25
257	2955	0.25
257	2956	0.25
258	258	1.0
258	1754	0.5
258	1755	0.5
258	1756	0.5
259	259	1.0
259	2354	0.5
259	2355	0.5
259	2356	0.5
260	260	1.0
260	2954	0.5
260	2955	0.5
260	2956	0.5
261	261	1.0
261	1157	0.5
261	1158	0.5
261	1159	0.5
261	1757	0.25
261	1758	0.25
261	1759	0.25
261	2357	0.25
261	2358	0.25
261	2359	0.25
261	2957	0.25
261	2958	0.25
261	2959	0.25
262	262	1.0
262	1157	0.5
262	1158	0.5
262	1159	0.5
262	1757	0.25
262	1758	0.25
262	1759	0.25
262	2357	0.25
262	2358	0.25
262	2359	0.25
262	2957	0.25
262	2958	0.25
262	2959	0.25
263	263	1.0
263	1757	0.5
263	1758	0.5
263	1759	0.5
264	264	1.0
264	2357	0.5
264	2358	0.5
264	2359	0.5
265	265	1.0
265	2957	0.5
265	2958	0.5
265	2959	0.5
266	266	1.0
266	1160	0.5
266	1161	0.5
266	1162	0.5
266	1760	0.25
266	1761	0.25
266	1762	0.25
266	2360	0.25
266	2361	0.25
266	2362	0.25
266	2960	0.25
266	2961	0.25
266	2962	0.25
267	267	1.0
267	1160	0.5
267	1161	0.5
267	1162	0.5
267	1760	0.25
267	1761	0.25
267	1762	0.25
267	2360	0.25
267	2361	0.25
267	2362	0.25
267	2960	0.25
267	2961	0.25
267	2962	0.25
268	268	1.0
268	1760	0.5
268	1761	0.5
268	1762	0.5
269	269	1.0
269	2360	0.5
269	2361	0.5
269	2362	0.5
270	270	1.0
270	2960	0.5
270	2961	0.5
270	2962	0.5
271	271	1.0
271	1163	0.5
271	1164	0.5
271	1165	0.5
271	1763	0.25
271	1764	0.25
271	1765	0.25
271	2363	0.25
271	2364	0.25
271	2365	0.25
271	2963	0.25
271	2964	0.25
271	2965	0.25
272	272	1.0
272	1163	0.5
272	1164	0.5
272	1165	0.5
272	1763	0.25
272	1764	0.25
272	1765	0.25
272	2363	0.25
272	2364	0.25
272	2365	0.25
272	2963	0.25
272	2964	0.25
272	2965	0.25
273	273	1.0
273	1763	0.5
273	1764	0.5
273	1765	0.5
274	274	1.0
274	2363	0.5
274	2364	0.5
274	2365	0.5
275	275	1.0
275	2963	0.5
275	2964	0.5
275	2965	0.5
276	276	1.0
276	1166	0.5
276	1167	0.5
276	1168	0.5
276	1766	0.25
276	1767	0.25
276	1768	0.25
276	2366	0.25
276	2367	0.25
276	2368	0.25
276	2966	0.25
276	2967	0.25
276	2968	0.25
277	277	1.0
277	1166	0.5
277	1167	0.5
277	1168	0.5
277	1766	0.25
277	1767	0.25
277	1768	0.25
277	2366	0.25
277	2367	0.25
277	2368	0.25
277	2966	0.25
277	2967	0.25
277	2968	0.25
278	278	1.0
278	1766	0.5
278	1767	0.5
278	1768	0.5
279	279	1.0
279	2366	0.5
279	2367	0.5
279	2368	0.5
280	280	1.0
280	2966	0.5
280	2967	0.5
280	2968	0.5
281	281	1.0
281	1169	0.5
281	1170	0.5
281	1171	0.5
281	1769	0.25
281	1770	0.25
281	1771	0.25
281	2369	0.25
281	2370	0.25
281	2371	0.25
281	2969	0.25
281	2970	0.25
281	2971	0.25
282	282	1.0
282	1169	0.5
282	1170	0.5
282	1171	0.5
282	1769	0.25
282	1770	0.25
282	1771	0.25
282	2369	0.25
282	2370	0.25
282	2371	0.25
282	2969	0.25
282	2970	0.25
282	2971	0.25
283	283	1.0
283	1769	0.5
283	1770	0.5
283	1771	0.5
284	284	1.0
284	2369	0.5
284	2370	0.5
284	2371	0.5
285	285	1.0
285	2969	0.5
285	2970	0.5
285	2971	0.5
286	286	1.0
286	1172	0.5
286	1173	0.5
286	1174	0.5
286	1772	0.25
286	1773	0.25
286	1774	0.25
286	2372	0.25
286	2373	0.25
286	2374	0.25
286	2972	0.25
286	2973	0.25
286	2974	0.25
287	287	1.0
287	1172	0.5
287	1173	0.5
287	1174	0.5
287	1772	0.25
287	1773	0.25
287	1774	0.25
287	2372	0.25
287	2373	0.25
287	2374	0.25
287	2972	0.25
287	2973	0.25
287	2974	0.25
288	288	1.0
288	1772	0.5
288	1773	0.5
288	1774	0.5
289	289	1.0
289	2372	0.5
289	2373	0.5
289	2374	0.5
290	290	1.0
290	2972	0.5
290	2973	0.5
290	2974	0.5
291	291	1.0
291	1175	0.5
291	1176	0.5
291	1177	0.5
291	1775	0.25
291	1776	0.25
291	1777	0.25
291	2375	0.25
291	2376	0.25
291	2377	0.25
291	2975	0.25
291	2976	0.25
291	2977	0.25
292	292	1.0
292	1175	0.5
292	1176	0.5
292	1177	0.5
292	1775	0.25
292	1776	0.25
292	1777	0.25
292	2375	0.25
292	2376	0.25
292	2377	0.25
292	2975	0.25
292	2976	0.25
292	2977	0.25
293	293	1.0
293	1775	0.5
293	1776	0.5
293	1777	0.5
294	294	1.0
294	2375	0.5
294	2376	0.5
294	2377	0.5
295	295	1.0
295	2975	0.5
295	2976	0.5
295	2977	0.5
296	296	1.0
296	1178	0.5
296	1179	0.5
296	1180	0.5
296	1778	0.25
296	1779	0.25
296	1780	0.25
296	2378	0.25
296	2379	0.25
296	2380	0.25
296	2978	0.25
296	2979	0.25
296	2980	0.25
297	297	1.0
297	1178	0.5
297	1179	0.5
297	1180	0.5
297	1778	0.25
297	1779	0.25
297	1780	0.25
297	2378	0.25
297	2379	0.25
297	2380	0.25
297	2978	0.25
297	2979	0.25
297	2980	0.25
298	298	1.0
298	1778	0.5
298	1779	0.5
298	1780	0.5
299	299	1.0
299	2378	0.5
299	2379	0.5
299	2380	0.5
300	300	1.0
300	2978	0.5
300	2979	0.5
300	2980	0.5
301	301	1.0
301	1181	0.5
301	1182	0.5
301	1183	0.5
301	1781	0.25
301	1782	0.25
301	1783	0.25
301	2381	0.25
301	2382	0.25
301	2383	0.25
301	2981	0.25
301	2982	0.25
301	2983	0.25
302	302	1.0
302	1181	0.5
302	1182	0.5
302	1183	0.5
302	1781	0.25
302	1782	0.25
302	1783	0.25
302	2381	0.25
302	2382	0.25
302	2383	0.25
302	2981	0.25
302	2982	0.25
302	2983	0.25
303	303	1.0
303	1781	0.5
303	1782	0.5
303	1783	0.5
304	304	1.0
304	2381	0.5
304	2382	0.5
304	2383	0.5
305	305	1.0
305	2981	0.5
305	2982	0.5
305	2983	0.5
306	306	1.0
306	1184	0.5
306	1185	0.5
306	1186	0.5
306	1784	0.25
306	1785	0.25
306	1786	0.25
306	2384	0.25
306	2385	0.25
306	2386	0.25
306	2984	0.25
306	2985	0.25
306	2986	0.25
307	307	1.0
307	1184	0.5
307	1185	0.5
307	1186	0.5
307	1784	0.25
307	1785	0.25
307	1786	0.25
307	2384	0.25
307	2385	0.25
307	2386	0.25
307	2984	0.25
307	2985	0.25
307	2986	0.25
308	308	1.0
308	1784	0.5
308	1785	0.5
308	1786	0.5
309	309	1.0
309	2384	0.5
309	2385	0.5
309	2386	0.5
310	310	1.0
310	2984	0.5
310	2985	0.5
310	2986	0.5
311	311	1.0
311	1187	0.5
311	1188	0.5
311	1189	0.5
311	1787	0.25
311	1788	0.25
311	1789	0.25
311	2387	0.25
311	2388	0.25
311	2389	0.25
311	2987	0.25
311	2988	0.25
311	2989	0.25
312	312	1.0
312	1187	0.5
312	1188	0.5
312	1189	0.5
312	1787	0.25
312	1788	0.25
312	1789	0.25
312	2387	0.25
312	2388	0.25
312	2389	0.25
312	2987	0.25
312	2988	0.25
312	2989	0.25
313	313	1.0
313	1787	0.5
313	1788	0.5
313	1789	0.5
314	314	1.0
314	2387	0.5
314	2388	0.5
314	2389	0.5
315	315	1.0
315	2987	0.5
315	2988	0.5
315	2989	0.5
316	316	1.0
316	1190	0.5
316	1191	0.5
316	1192	0.5
316	1790	0.25
316	1791	0.25
316	1792	0.25
316	2390	0.25
316	2391	0.25
316	2392	0.25
316	2990	0.25
316	2991	0.25
316	2992	0.25
317	317	1.0
317	1190	0.5
317	1191	0.5
317	1192	0.5
317	1790	0.25
317	1791	0.25
317	1792	0.25
317	2390	0.25
317	2391	0.25
317	2392	0.25
317	2990	0.25
317	2991	0.25
317	2992	0.25
318	318	1.0
318	1790	0.5
318	1791	0.5
318	1792	0.5
319	319	1.0
319	2390	0.5
319	2391	0.5
319	2392	0.5
320	320	1.0
320	2990	0.5
320	2991	0.5
320	2992	0.5
321	321	1.0
321	1193	0.5
321	1194	0.5
321	1195	0.5
321	1793	0.25
321	1794	0.25
321	1795	0.25
321	2393	0.25
321	2394	0.25
321	2395	0.25
321	2993	0.25
321	2994	0.25
321	2995	0.25
322	322	1.0
322	1193	0.5
322	1194	0.5
322	1195	0.5
322	1793	0.25
322	1794	0.25
322	1795	0.25
322	2393	0.25
322	2394	0.25
322	2395	0.25
322	2993	0.25
322	2994	0.25
322	2995	0.25
323	323	1.0
323	1793	0.5
323	1794	0.5
323	1795	0.5
324	324	1.0
324	2393	0.5
324	2394	0.5
324	2395	0.5
325	325	1.0
325	2993	0.5
325	2994	0.5
325	2995	0.5
326	326	1.0
326	1196	0.5
326	1197	0.5
326	1198	0.5
326	1796	0.25
326	1797	0.25
326	1798	0.25
326	2396	0.25
326	2397	0.25
326	2398	0.25
326	2996	0.25
326	2997	0.25
326	2998	0.25
327	327	1.0
327	1196	0.5
327	1197	0.5
327	1198	0.5
327	1796	0.25
327	1797	0.25
327	1798	0.25
327	2396	0.25
327	2397	0.25
327	2398	0.25
327	2996	0.25
327	2997	0.25
327	2998	0.25
328	328	1.0
328	1796	0.5
328	1797	0.5
328	1798	0.5
329	329	1.0
329	2396	0.5
329	2397	0.5
329	2398	0.5
330	330	1.0
330	2996	0.5
330	2997	0.5
330	2998	0.5
331	331	1.0
331	1199	0.5
331	1200	0.5
331	1201	0.5
331	1799	0.25
331	1800	0.25
331	1801	0.25
331	2399	0.25
331	2400	0.25
331	2401	0.25
331	2999	0.25
331	3000	0.25
331	3001	0.25
332	332	1.0
332	1199	0.5
332	1200	0.5
332	1201	0.5
332	1799	0.25
332	1800	0.25
332	1801	0.25
332	2399	0.25
332	2400	0.25
332	2401	0.25
332	2999	0.25
332	3000	0.25
332	3001	0.25
333	333	1.0
333	1799	0.5
333	1800	0.5
333	1801	0.5
334	334	1.0
334	2399	0.5
334	2400	0.5
334	2401	0.5
335	335	1.0
335	2999	0.5
335	3000	0.5
335	3001	0.5
336	336	1.0
336	1202	0.5
336	1203	0.5
336	1204	0.5
336	1802	0.25
336	1803	0.25
336	1804	0.25
336	2402	0.25
336	2403	0.25
336	2404	0.25
336	3002	0.25
336	3003	0.25
336	3004	0.25
337	337	1.0
337	1202	0.5
337	1203	0.5
337	1204	0.5
337	1802	0.25
337	1803	0.25
337	1804	0.25
337	2402	0.25
337	2403	0.25
337	2404	0.25
337	3002	0.25
337	3003	0.25
337	3004	0.25
338	338	1.0
338	1802	0.5
338	1803	0.5
338	1804	0.5
339	339	1.0
339	2402	0.5
339	2403	0.5
339	2404	0.5
340	340	1.0
340	3002	0.5
340	3003	0.5
340	3004	0.5
341	341	1.0
341	1205	0.5
341	1206	0.5
341	1207	0.5
341	1805	0.25
341	1806	0.25
341	1807	0.25
341	2405	0.25
341	2406	0.25
341	2407	0.25
341	3005	0.25
341	3006	0.25
341	3007	0.25
342	342	1.0
342	1205	0.5
342	1206	0.5
342	1207	0.5
342	1805	0.25
342	1806	0.25
342	1807	0.25
342	2405	0.25
342	2406	0.25
342	2407	0.25
342	3005	0.25
342	3006	0.25
342	3007	0.25
343	343	1.0
343	1805	0.5
343	1806	0.5
343	1807	0.5
344	344	1.0
344	2405	0.5
344	2406	0.5
344	2407	0.5
345	345	1.0
345	3005	0.5
345	3006	0.5
345	3007	0.5
346	346	1.0
346	1208	0.5
346	1209	0.5
346	1210	0.5
346	1808	0.25
346	1809	0.25
346	1810	0.25
346	2408	0.25
346	2409	0.25
346	2410	0.25
346	3008	0.25
346	3009	0.25
346	3010	0.25
347	347	1.0
347	1208	0.5
347	1209	0.5
347	1210	0.5
347	1808	0.25
347	1809	0.25
347	1810	0.25
347	2408	0.25
347	2409	0.25
347	2410	0.25
347	3008	0.25
347	3009	0.25
347	3010	0.25
348	348	1.0
348	1808	0.5
348	1809	0.5
348	1810	0.5
349	349	1.0
349	2408	0.5
349	2409	0.5
349	2410	0.5
350	350	1.0
350	3008	0.5
350	3009	0.5
350	3010	0.5
351	351	1.0
351	1211	0.5
351	1212	0.5
351	1213	0.5
351	1811	0.25
351	1812	0.25
351	1813	0.25
351	2411	0.25
351	2412	0.25
351	2413	0.25
351	3011	0.25
351	3012	0.25
351	3013	0.25
352	352	1.0
352	1211	0.5
352	1212	0.5
352	1213	0.5
352	1811	0.25
352	1812	0.25
352	1813	0.25
352	2411	0.25
352	2412	0.25
352	2413	0.25
352	3011	0.25
352	3012	0.25
352	3013	0.25
353	353	1.0
353	1811	0.5
353	1812	0.5
353	1813	0.5
354	354	1.0
354	2411	0.5
354	2412	0.5
354	2413	0.5
355	355	1.0
355	3011	0.5
355	3012	0.5
355	3013	0.5
356	356	1.0
356	1214	0.5
356	1215	0.5
356	1216	0.5
356	1814	0.25
356	1815	0.25
356	1816	0.25
356	2414	0.25
356	2415	0.25
356	2416	0.25
356	3014	0.25
356	3015	0.25
356	3016	0.25
357	357	1.0
357	1214	0.5
357	1215	0.5
357	1216	0.5
357	1814	0.25
357	1815	0.25
357	1816	0.25
357	2414	0.25
357	2415	0.25
357	2416	0.25
357	3014	0.25
357	3015	0.25
357	3016	0.25
358	358	1.0
358	1814	0.5
358	1815	0.5
358	1816	0.5
359	359	1.0
359	2414	0.5
359	2415	0.5
359	2416	0.5
360	360	1.0
360	3014	0.5
360	3015	0.5
360	3016	0.5
361	361	1.0
361	1217	0.5
361	1218	0.5
361	1219	0.5
361	1817	0.25
361	1818	0.25
361	1819	0.25
361	2417	0.25
361	2418	0.25
361	2419	0.25
361	3017	0.25
361	3018	0.25
361	3019	0.25
362	362	1.0
362	1217	0.5
362	1218	0.5
362	1219	0.5
362	1817	0.25
362	1818	0.25
362	1819	0.25
362	2417	0.25
362	2418	0.25
362	2419	0.25
362	3017	0.25
362	3018	0.25
362	3019	0.25
363	363	1.0
363	1817	0.5
363	1818	0.5
363	1819	0.5
364	364	1.0
364	2417	0.5
364	2418	0.5
364	2419	0.5
365	365	1.0
365	3017	0.5
365	3018	0.5
365	3019	0.5
366	366	1.0
366	1220	0.5
366	1221	0.5
366	1222	0.5
366	1820	0.25
366	1821	0.25
366	1822	0.25
366	2420	0.25
366	2421	0.25
366	2422	0.25
366	3020	0.25
366	3021	0.25
366	3022	0.25
367	367	1.0
367	1220	0.5
367	1221	0.5
367	1222	0.5
367	1820	0.25
367	1821	0.25
367	1822	0.25
367	2420	0.25
367	2421	0.25
367	2422	0.25
367	3020	0.25
367	3021	0.25
367	3022	0.25
368	368	1.0
368	1820	0.5
368	1821	0.5
368	1822	0.5
369	369	1.0
369	2420	0.5
369	2421	0.5
369	2422	0.5
370	370	1.0
370	3020	0.5
370	3021	0.5
370	3022	0.5
371	371	1.0
371	1223	0.5
371	1224	0.5
371	1225	0.5
371	1823	0.25
371	1824	0.25
371	1825	0.25
371	2423	0.25
371	2424	0.25
371	2425	0.25
371	3023	0.25
371	3024	0.25
371	3025	0.25
372	372	1.0
372	1223	0.5
372	1224	0.5
372	1225	0.5
372	1823	0.25
372	1824	0.25
372	1825	0.25
372	2423	0.25
372	2424	0.25
372	2425	0.25
372	3023	0.25
372	3024	0.25
372	3025	0.25
373	373	1.0
373	1823	0.5
373	1824	0.5
373	1825	0.5
374	374	1.0
374	2423	0.5
374	2424	0.5
374	2425	0.5
375	375	1.0
375	3023	0.5
375	3024	0.5
375	3025	0.5
376	376	1.0
376	1226	0.5
376	1227	0.5
376	1228	0.5
376	1826	0.25
376	1827	0.25
376	1828	0.25
376	2426	0.25
376	2427	0.25
376	2428	0.25
376	3026	0.25
376	3027	0.25
376	3028	0.25
377	377	1.0
377	1226	0.5
377	1227	0.5
377	1228	0.5
377	1826	0.25
377	1827	0.25
377	1828	0.25
377	2426	0.25
377	2427	0.25
377	2428	0.25
377	3026	0.25
377	3027	0.25
377	3028	0.25
378	378	1.0
378	1826	0.5
378	1827	0.5
378	1828	0.5
379	379	1.0
379	2426	0.5
379	2427	0.5
379	2428	0.5
380	380	1.0
380	3026	0.5
380	3027	0.5
380	3028	0.5
381	381	1.0
381	1229	0.5
381	1230	0.5
381	1231	0.5
381	1829	0.25
381	1830	0.25
381	1831	0.25
381	2429	0.25
381	2430	0.25
381	2431	0.25
381	3029	0.25
381	3030	0.25
381	3031	0.25
382	382	1.0
382	1229	0.5
382	1230	0.5
382	1231	0.5
382	1829	0.25
382	1830	0.25
382	1831	0.25
382	2429	0.25
382	2430	0.25
382	2431	0.25
382	3029	0.25
382	3030	0.25
382	3031	0.25
383	383	1.0
383	1829	0.5
383	1830	0.5
383	1831	0.5
384	384	1.0
384	2429	0.5
384	2430	0.5
384	2431	0.5
385	385	1.0
385	3029	0.5
385	3030	0.5
385	3031	0.5
386	386	1.0
386	1232	0.5
386	1233	0.5
386	1234	0.5
386	1832	0.25
386	1833	0.25
386	1834	0.25
386	2432	0.25
386	2433	0.25
386	2434	0.25
386	3032	0.25
386	3033	0.25
386	3034	0.25
387	387	1.0
387	1232	0.5
387	1233	0.5
387	1234	0.5
387	1832	0.25
387	1833	0.25
387	1834	0.25
387	2432	0.25
387	2433	0.25
387	2434	0.25
387	3032	0.25
387	3033	0.25
387	3034	0.25
388	388	1.0
388	1832	0.5
388	1833	0.5
388	1834	0.5
389	389	1.0
389	2432	0.5
389	2433	0.5
389	2434	0.5
390	390	1.0
390	3032	0.5
390	3033	0.5
390	3034	0.5
391	391	1.0
391	1235	0.5
391	1236	0.5
391	1237	0.5
391	1835	0.25
391	1836	0.25
391	1837	0.25
391	2435	0.25
391	2436	0.25
391	2437	0.25
391	3035	0.25
391	3036	0.25
391	3037	0.25
392	392	1.0
392	1235	0.5
392	1236	0.5
392	1237	0.5
392	1835	0.25
392	1836	0.25
392	1837	0.25
392	2435	0.25
392	2436	0.25
392	2437	0.25
392	3035	0.25
392	3036	0.25
392	3037	0.25
393	393	1.0
393	1835	0.5
393	1836	0.5
393	1837	0.5
394	394	1.0
394	2435	0.5
394	2436	0.5
394	2437	0.5
395	395	1.0
395	3035	0.5
395	3036	0.5
395	3037	0.5
396	396	1.0
396	1238	0.5
396	1239	0.5
396	1240	0.5
396	1838	0.25
396	1839	0.25
396	1840	0.25
396	2438	0.25
396	2439	0.25
396	2440	0.25
396	3038	0.25
396	3039	0.25
396	3040	0.25
397	397	1.0
397	1238	0.5
397	1239	0.5
397	1240	0.5
397	1838	0.25
397	1839	0.25
397	1840	0.25
397	2438	0.25
397	2439	0.25
397	2440	0.25
397	3038	0.25
397	3039	0.25
397	3040	0.25
398	398	1.0
398	1838	0.5
398	1839	0.5
398	1840	0.5
399	399	1.0
399	2438	0.5
399	2439	0.5
399	2440	0.5
400	400	1.0
400	3038	0.5
400	3039	0.5
400	3040	0.5
401	401	1.0
401	1241	0.5
401	1242	0.5
401	1243	0.5
401	1841	0.25
401	1842	0.25
401	1843	0.25
401	2441	0.25
401	2442	0.25
401	2443	0.25
401	3041	0.25
401	3042	0.25
401	3043	0.25
402	402	1.0
402	1241	0.5
402	1242	0.5
402	1243	0.5
402	1841	0.25
402	1842	0.25
402	1843	0.25
402	2441	0.25
402	2442	0.25
402	2443	0.25
402	3041	0.25
402	3042	0.25
402	3043	0.25
403	403	1.0
403	1841	0.5
403	1842	0.5
403	1843	0.5
404	404	1.0
404	2441	0.5
404	2442	0.5
404	2443	0.5
405	405	1.0
405	3041	0.5
405	3042	0.5
405	3043	0.5
406	406	1.0
406	1244	0.5
406	1245	0.5
406	1246	0.5
406	1844	0.25
406	1845	0.25
406	1846	0.25
406	2444	0.25
406	2445	0.25
406	2446	0.25
406	3044	0.25
406	3045	0.25
406	3046	0.25
407	407	1.0
407	1244	0.5
407	1245	0.5
407	1246	0.5
407	1844	0.25
407	1845	0.25
407	1846	0.25
407	2444	0.25
407	2445	0.25
407	2446	0.25
407	3044	0.25
407	3045	0.25
407	3046	0.25
408	408	1.0
408	1844	0.5
408	1845	0.5
408	1846	0.5
409	409	1.0
409	2444	0.5
409	2445	0.5
409	2446	0.5
410	410	1.0
410	3044	0.5
410	3045	0.5
410	3046	0.5
411	411	1.0
411	1247	0.5
411	1248	0.5
411	1249	0.5
411	1847	0.25
411	1848	0.25
411	1849	0.25
411	2447	0.25
411	2448	0.25
411	2449	0.25
411	3047	0.25
411	3048	0.25
411	3049	0.25
412	412	1.0
412	1247	0.5
412	1248	0.5
412	1249	0.5
412	1847	0.25
412	1848	0.25
412	1849	0.25
412	2447	0.25
412	2448	0.25
412	2449	0.25
412	3047	0.25
412	3048	0.25
412	3049	0.25
413	413	1.0
413	1847	0.5
413	1848	0.5
413	1849	0.5
414	414	1.0
414	2447	0.5
414	2448	0.5
414	2449	0.5
415	415	1.0
415	3047	0.5
415	3048	0.5
415	3049	0.5
416	416	1.0
416	1250	0.5
416	1251	0.5
416	1252	0.5
416	1850	0.25
416	1851	0.25
416	1852	0.25
416	2450	0.25
416	2451	0.25
416	2452	0.25
416	3050	0.25
416	3051	0.25
416	3052	0.25
417	417	1.0
417	1250	0.5
417	1251	0.5
417	1252	0.5
417	1850	0.25
417	1851	0.25
417	1852	0.25
417	2450	0.25
417	2451	0.25
417	2452	0.25
417	3050	0.25
417	3051	0.25
417	3052	0.25
418	418	1.0
418	1850	0.5
418	1851	0.5
418	1852	0.5
419	419	1.0
419	2450	0.5
419	2451	0.5
419	2452	0.5
420	420	1.0
420	3050	0.5
420	3051	0.5
420	3052	0.5
421	421	1.0
421	1253	0.5
421	1254	0.5
421	1255	0.5
421	1853	0.25
421	1854	0.25
421	1855	0.25
421	2453	0.25
421	2454	0.25
421	2455	0.25
421	3053	0.25
421	3054	0.25
421	3055	0.25
422	422	1.0
422	1253	0.5
422	1254	0.5
422	1255	0.5
422	1853	0.25
422	1854	0.25
422	1855	0.25
422	2453	0.25
422	2454	0.25
422	2455	0.25
422	3053	0.25
422	3054	0.25
422	3055	0.25
423	423	1.0
423	1853	0.5
423	1854	0.5
423	1855	0.5
424	424	1.0
424	2453	0.5
424	2454	0.5
424	2455	0.5
425	425	1.0
425	3053	0.5
425	3054	0.5
425	3055	0.5
426	426	1.0
426	1256	0.5
426	1257	0.5
426	1258	0.5
426	1856	0.25
426	1857	0.25
426	1858	0.25
426	2456	0.25
426	2457	0.25
426	2458	0.25
426	3056	0.25
426	3057	0.25
426	3058	0.25
427	427	1.0
427	1256	0.5
427	1257	0.5
427	1258	0.5
427	1856	0.25
427	1857	0.25
427	1858	0.25
427	2456	0.25
427	2457	0.25
427	2458	0.25
427	3056	0.25
427	3057	0.25
427	3058	0.25
428	428	1.0
428	1856	0.5
428	1857	0.5
428	1858	0.5
429	429	1.0
429	2456	0.5
429	2457	0.5
429	2458	0.5
430	430	1.0
430	3056	0.5
430	3057	0.5
430	3058	0.5
431	431	1.0
431	1259	0.5
431	1260	0.5
431	1261	0.5
431	1859	0.25
431	1860	0.25
431	1861	0.25
431	2459	0.25
431	2460	0.25
431	2461	0.25
431	3059	0.25
431	3060	0.25
431	3061	0.25
432	432	1.0
432	1259	0.5
432	1260	0.5
432	1261	0.5
432	1859	0.25
432	1860	0.25
432	1861	0.25
432	2459	0.25
432	2460	0.25
432	2461	0.25
432	3059	0.25
432	3060	0.25
432	3061	0.25
433	433	1.0
433	1859	0.5
433	1860	0.5
433	1861	0.5
434	434	1.0
434	2459	0.5
434	2460	0.5
434	2461	0.5
435	435	1.0
435	3059	0.5
435	3060	0.5
435	3061	0.5
436	436	1.0
436	1262	0.5
436	1263	0.5
436	1264	0.5
436	1862	0.25
436	1863	0.25
436	1864	0.25
436	2462	0.25
436	2463	0.25
436	2464	0.25
436	3062	0.25
436	3063	0.25
436	3064	0.25
437	437	1.0
437	1262	0.5
437	1263	0.5
437	1264	0.5
437	1862	0.25
437	1863	0.25
437	1864	0.25
437	2462	0.25
437	2463	0.25
437	2464	0.25
437	3062	0.25
437	3063	0.25
437	3064	0.25
438	438	1.0
438	1862	0.5
438	1863	0.5
438	1864	0.5
439	439	1.0
439	2462	0.5
439	2463	0.5
439	2464	0.5
440	440	1.0
440	3062	0.5
440	3063	0.5
440	3064	0.5
441	441	1.0
441	1265	0.5
441	1266	0.5
441	1267	0.5
441	1865	0.25
441	1866	0.25
441	1867	0.25
441	2465	0.25
441	2466	0.25
441	2467	0.25
441	3065	0.25
441	3066	0.25
441	3067	0.25
442	442	1.0
442	1265	0.5
442	1266	0.5
442	1267	0.5
442	1865	0.25
442	1866	0.25
442	1867	0.25
442	2465	0.25
442	2466	0.25
442	2467	0.25
442	3065	0.25
442	3066	0.25
442	3067	0.25
443	443	1.0
443	1865	0.5
443	1866	0.5
443	1867	0.5
444	444	1.0
444	2465	0.5
444	2466	0.5
444	2467	0.5
445	445	1.0
445	3065	0.5
445	3066	0.5
445	3067	0.5
446	446	1.0
446	1268	0.5
446	1269	0.5
446	1270	0.5
446	1868	0.25
446	1869	0.25
446	1870	0.25
446	2468	0.25
446	2469	0.25
446	2470	0.25
446	3068	0.25
446	3069	0.25
446	3070	0.25
447	447	1.0
447	1268	0.5
447	1269	0.5
447	1270	0.5
447	1868	0.25
447	1869	0.25
447	1870	0.25
447	2468	0.25
447	2469	0.25
447	2470	0.25
447	3068	0.25
447	3069	0.25
447	3070	0.25
448	448	1.0
448	1868	0.5
448	1869	0.5
448	1870	0.5
449	449	1.0
449	2468	0.5
449	2469	0.5
449	2470	0.5
450	450	1.0
450	3068	0.5
450	3069	0.5
450	3070	0.5
451	451	1.0
451	1271	0.5
451	1272	0.5
451	1273	0.5
451	1871	0.25
451	1872	0.25
451	1873	0.25
451	2471	0.25
451	2472	0.25
451	2473	0.25
451	3071	0.25
451	3072	0.25
451	3073	0.25
452	452	1.0
452	1271	0.5
452	1272	0.5
452	1273	0.5
452	1871	0.25
452	1872	0.25
452	1873	0.25
452	2471	0.25
452	2472	0.25
452	2473	0.25
452	3071	0.25
452	3072	0.25
452	3073	0.25
453	453	1.0
453	1871	0.5
453	1872	0.5
453	1873	0.5
454	454	1.0
454	2471	0.5
454	2472	0.5
454	2473	0.5
455	455	1.0
455	3071	0.5
455	3072	0.5
455	3073	0.5
456	456	1.0
456	1274	0.5
456	1275	0.5
456	1276	0.5
456	1874	0.25
456	1875	0.25
456	1876	0.25
456	2474	0.25
456	2475	0.25
456	2476	0.25
456	3074	0.25
456	3075	0.25
456	3076	0.25
457	457	1.0
457	1274	0.5
457	1275	0.5
457	1276	0.5
457	1874	0.25
457	1875	0.25
457	1876	0.25
457	2474	0.25
457	2475	0.25
457	2476	0.25
457	3074	0.25
457	3075	0.25
457	3076	0.25
458	458	1.0
458	1874	0.5
458	1875	0.5
458	1876	0.5
459	459	1.0
459	2474	0.5
459	2475	0.5
459	2476	0.5
460	460	1.0
460	3074	0.5
460	3075	0.5
460	3076	0.5
461	461	1.0
461	1277	0.5
461	1278	0.5
461	1279	0.5
461	1877	0.25
461	1878	0.25
461	1879	0.25
461	2477	0.25
461	2478	0.25
461	2479	0.25
461	3077	0.25
461	3078	0.25
461	3079	0.25
462	462	1.0
462	1277	0.5
462	1278	0.5
462	1279	0.5
462	1877	0.25
462	1878	0.25
462	1879	0.25
462	2477	0.25
462	2478	0.25
462	2479	0.25
462	3077	0.25
462	3078	0.25
462	3079	0.25
463	463	1.0
463	1877	0.5
463	1878	0.5
463	1879	0.5
464	464	1.0
464	2477	0.5
464	2478	0.5
464	2479	0.5
465	465	1.0
465	3077	0.5
465	3078	0.5
465	3079	0.5
466	466	1.0
466	1280	0.5
466	1281	0.5
466	1282	0.5
466	1880	0.25
466	1881	0.25
466	1882	0.25
466	2480	0.25
466	2481	0.25
466	2482	0.25
466	3080	0.25
466	3081	0.25
466	3082	0.25
467	467	1.0
467	1280	0.5
467	1281	0.5
467	1282	0.5
467	1880	0.25
467	1881	0.25
467	1882	0.25
467	2480	0.25
467	2481	0.25
467	2482	0.25
467	3080	0.25
467	3081	0.25
467	3082	0.25
468	468	1.0
468	1880	0.5
468	1881	0.5
468	1882	0.5
469	469	1.0
469	2480	0.5
469	2481	0.5
469	2482	0.5
470	470	1.0
470	3080	0.5
470	3081	0.5
470	3082	0.5
471	471	1.0
471	1283	0.5
471	1284	0.5
471	1285	0.5
471	1883	0.25
471	1884	0.25
471	1885	0.25
471	2483	0.25
471	2484	0.25
471	2485	0.25
471	3083	0.25
471	3084	0.25
471	3085	0.25
472	472	1.0
472	1283	0.5
472	1284	0.5
472	1285	0.5
472	1883	0.25
472	1884	0.25
472	1885	0.25
472	2483	0.25
472	2484	0.25
472	2485	0.25
472	3083	0.25
472	3084	0.25
472	3085	0.25
473	473	1.0
473	1883	0.5
473	1884	0.5
473	1885	0.5
474	474	1.0
474	2483	0.5
474	2484	0.5
474	2485	0.5
475	475	1.0
475	3083	0.5
475	3084	0.5
475	3085	0.5
476	476	1.0
476	1286	0.5
476	1287	0.5
476	1288	0.5
476	1886	0.25
476	1887	0.25
476	1888	0.25
476	2486	0.25
476	2487	0.25
476	2488	0.25
476	3086	0.25
476	3087	0.25
476	3088	0.25
477	477	1.0
477	1286	0.5
477	1287	0.5
477	1288	0.5
477	1886	0.25
477	1887	0.25
477	1888	0.25
477	2486	0.25
477	2487	0.25
477	2488	0.25
477	3086	0.25
477	3087	0.25
477	3088	0.25
478	478	1.0
478	1886	0.5
478	1887	0.5
478	1888	0.5
479	479	1.0
479	2486	0.5
479	2487	0.5
479	2488	0.5
480	480	1.0
480	3086	0.5
480	3087	0.5
480	3088	0.5
481	481	1.0
481	1289	0.5
481	1290	0.5
481	1291	0.5
481	1889	0.25
481	1890	0.25
481	1891	0.25
481	2489	0.25
481	2490	0.25
481	2491	0.25
481	3089	0.25
481	3090	0.25
481	3091	0.25
482	482	1.0
482	1289	0.5
482	1290	0.5
482	1291	0.5
482	1889	0.25
482	1890	0.25
482	1891	0.25
482	2489	0.25
482	2490	0.25
482	2491	0.25
482	3089	0.25
482	3090	0.25
482	3091	0.25
483	483	1.0
483	1889	0.5
483	1890	0.5
483	1891	0.5
484	484	1.0
484	2489	0.5
484	2490	0.5
484	2491	0.5
485	485	1.0
485	3089	0.5
485	3090	0.5
485	3091	0.5
486	486	1.0
486	1292	0.5
486	1293	0.5
486	1294	0.5
486	1892	0.25
486	1893	0.25
486	1894	0.25
486	2492	0.25
486	2493	0.25
486	2494	0.25
486	3092	0.25
486	3093	0.25
486	3094	0.25
487	487	1.0
487	1292	0.5
487	1293	0.5
487	1294	0.5
487	1892	0.25
487	1893	0.25
487	1894	0.25
487	2492	0.25
487	2493	0.25
487	2494	0.25
487	3092	0.25
487	3093	0.25
487	3094	0.25
488	488	1.0
488	1892	0.5
488	1893	0.5
488	1894	0.5
489	489	1.0
489	2492	0.5
489	2493	0.5
489	2494	0.5
490	490	1.0
490	3092	0.5
490	3093	0.5
490	3094	0.5
491	491	1.0
491	1295	0.5
491	1296	0.5
491	1297	0.5
491	1895	0.25
491	1896	0.25
491	1897	0.25
491	2495	0.25
491	2496	0.25
491	2497	0.25
491	3095	0.25
491	3096	0.25
491	3097	0.25
492	492	1.0
492	1295	0.5
492	1296	0.5
492	1297	0.5
492	1895	0.25
492	1896	0.25
492	1897	0.25
492	2495	0.25
492	2496	0.25
492	2497	0.25
492	3095	0.25
492	3096	0.25
492	3097	0.25
493	493	1.0
493	1895	0.5
493	1896	0.5
493	1897	0.5
494	494	1.0
494	2495	0.5
494	2496	0.5
494	2497	0.5
495	495	1.0
495	3095	0.5
495	3096	0.5
495	3097	0.5
496	496	1.0
496	1298	0.5
496	1299	0.5
496	1300	0.5
496	1898	0.25
496	1899	0.25
496	1900	0.25
496	2498	0.25
496	2499	0.25
496	2500	0.25
496	3098	0.25
496	3099	0.25
496	3100	0.25
497	497	1.0
497	1298	0.5
497	1299	0.5
497	1300	0.5
497	1898	0.25
497	1899	0.25
497	1900	0.25
497	2498	0.25
497	2499	0.25
497	2500	0.25
497	3098	0.25
497	3099	0.25
497	3100	0.25
498	498	1.0
498	1898	0.5
498	1899	0.5
498	1900	0.5
499	499	1.0
499	2498	0.5
499	2499	0.5
499	2500	0.5
500	500	1.0
500	3098	0.5
500	3099	0.5
500	3100	0.5
501	501	1.0
501	1301	0.5
501	1302	0.5
501	1303	0.5
501	1901	0.25
501	1902	0.25
501	1903	0.25
501	2501	0.25
501	2502	0.25
501	2503	0.25
501	3101	0.25
501	3102	0.25
501	3103	0.25
502	502	1.0
502	1301	0.5
502	1302	0.5
502	1303	0.5
502	1901	0.25
502	1902	0.25
502	1903	0.25
502	2501	0.25
502	2502	0.25
502	2503	0.25
502	3101	0.25
502	3102	0.25
502	3103	0.25
503	503	1.0
503	1901	0.5
503	1902	0.5
503	1903	0.5
504	504	1.0
504	2501	0.5
504	2502	0.5
504	2503	0.5
505	505	1.0
505	3101	0.5
505	3102	0.5
505	3103	0.5
506	506	1.0
506	1304	0.5
506	1305	0.5
506	1306	0.5
506	1904	0.25
506	1905	0.25
506	1906	0.25
506	2504	0.25
506	2505	0.25
506	2506	0.25
506	3104	0.25
506	3105	0.25
506	3106	0.25
507	507	1.0
507	1304	0.5
507	1305	0.5
507	1306	0.5
507	1904	0.25
507	1905	0.25
507	1906	0.25
507	2504	0.25
507	2505	0.25
507	2506	0.25
507	3104	0.25
507	3105	0.25
507	3106	0.25
508	508	1.0
508	1904	0.5
508	1905	0.5
508	1906	0.5
509	509	1.0
509	2504	0.5
509	2505	0.5
509	2506	0.5
510	510	1.0
510	3104	0.5
510	3105	0.5
510	3106	0.5
511	511	1.0
511	1307	0.5
511	1308	0.5
511	1309	0.5
511	1907	0.25
511	1908	0.25
511	1909	0.25
511	2507	0.25
511	2508	0.25
511	2509	0.25
511	3107	0.25
511	3108	0.25
511	3109	0.25
512	512	1.0
512	1307	0.5
512	1308	0.5
512	1309	0.5
512	1907	0.25
512	1908	0.25
512	1909	0.25
512	2507	0.25
512	2508	0.25
512	2509	0.25
512	3107	0.25
512	3108	0.25
512	3109	0.25
513	513	1.0
513	1907	0.5
513	1908	0.5
513	1909	0.5
514	514	1.0
514	2507	0.5
514	2508	0.5
514	2509	0.5
515	515	1.0
515	3107	0.5
515	3108	0.5
515	3109	0.5
516	516	1.0
516	1310	0.5
516	1311	0.5
516	1312	0.5
516	1910	0.25
516	1911	0.25
516	1912	0.25
516	2510	0.25
516	2511	0.25
516	2512	0.25
516	3110	0.25
516	3111	0.25
516	3112	0.25
517	517	1.0
517	1310	0.5
517	1311	0.5
517	1312	0.5
517	1910	0.25
517	1911	0.25
517	1912	0.25
517	2510	0.25
517	2511	0.25
517	2512	0.25
517	3110	0.25
517	3111	0.25
517	3112	0.25
518	518	1.0
518	1910	0.5
518	1911	0.5
518	1912	0.5
519	519	1.0
519	2510	0.5
519	2511	0.5
519	2512	0.5
520	520	1.0
520	3110	0.5
520	3111	0.5
520	3112	0.5
521	521	1.0
521	1313	0.5
521	1314	0.5
521	1315	0.5
521	1913	0.25
521	1914	0.25
521	1915	0.25
521	2513	0.25
521	2514	0.25
521	2515	0.25
521	3113	0.25
521	3114	0.25
521	3115	0.25
522	522	1.0
522	1313	0.5
522	1314	0.5
522	1315	0.5
522	1913	0.25
522	1914	0.25
522	1915	0.25
522	2513	0.25
522	2514	0.25
522	2515	0.25
522	3113	0.25
522	3114	0.25
522	3115	0.25
523	523	1.0
523	1913	0.5
523	1914	0.5
523	1915	0.5
524	524	1.0
524	2513	0.5
524	2514	0.5
524	2515	0.5
525	525	1.0
525	3113	0.5
525	3114	0.5
525	3115	0.5
526	526	1.0
526	1316	0.5
526	1317	0.5
526	1318	0.5
526	1916	0.25
526	1917	0.25
526	1918	0.25
526	2516	0.25
526	2517	0.25
526	2518	0.25
526	3116	0.25
526	3117	0.25
526	3118	0.25
527	527	1.0
527	1316	0.5
527	1317	0.5
527	1318	0.5
527	1916	0.25
527	1917	0.25
527	1918	0.25
527	2516	0.25
527	2517	0.25
527	2518	0.25
527	3116	0.25
527	3117	0.25
527	3118	0.25
528	528	1.0
528	1916	0.5
528	1917	0.5
528	1918	0.5
529	529	1.0
529	2516	0.5
529	2517	0.5
529	2518	0.5
530	530	1.0
530	3116	0.5
530	3117	0.5
530	3118	0.5
531	531	1.0
531	1319	0.5
531	1320	0.5
531	1321	0.5
531	1919	0.25
531	1920	0.25
531	1921	0.25
531	2519	0.25
531	2520	0.25
531	2521	0.25
531	3119	0.25
531	3120	0.25
531	3121	0.25
532	532	1.0
532	1319	0.5
532	1320	0.5
532	1321	0.5
532	1919	0.25
532	1920	0.25
532	1921	0.25
532	2519	0.25
532	2520	0.25
532	2521	0.25
532	3119	0.25
532	3120	0.25
532	3121	0.25
533	533	1.0
533	1919	0.5
533	1920	0.5
533	1921	0.5
534	534	1.0
534	2519	0.5
534	2520	0.5
534	2521	0.5
535	535	1.0
535	3119	0.5
535	3120	0.5
535	3121	0.5
536	536	1.0
536	1322	0.5
536	1323	0.5
536	1324	0.5
536	1922	0.25
536	1923	0.25
536	1924	0.25
536	2522	0.25
536	2523	0.25
536	2524	0.25
536	3122	0.25
536	3123	0.25
536	3124	0.25
537	537	1.0
537	1322	0.5
537	1323	0.5
537	1324	0.5
537	1922	0.25
537	1923	0.25
537	1924	0.25
537	2522	0.25
537	2523	0.25
537	2524	0.25
537	3122	0.25
537	3123	0.25
537	3124	0.25
538	538	1.0
538	1922	0.5
538	1923	0.5
538	1924	0.5
539	539	1.0
539	2522	0.5
539	2523	0.5
539	2524	0.5
540	540	1.0
540	3122	0.5
540	3123	0.5
540	3124	0.5
541	541	1.0
541	1325	0.5
541	1326	0.5
541	1327	0.5
541	1925	0.25
541	1926	0.25
541	1927	0.25
541	2525	0.25
541	2526	0.25
541	2527	0.25
541	3125	0.25
541	3126	0.25
541	3127	0.25
542	542	1.0
542	1325	0.5
542	1326	0.5
542	1327	0.5
542	1925	0.25
542	1926	0.25
542	1927	0.25
542	2525	0.25
542	2526	0.25
542	2527	0.25
542	3125	0.25
542	3126	0.25
542	3127	0.25
543	543	1.0
543	1925	0.5
543	1926	0.5
543	1927	0.5
544	544	1.0
544	2525	0.5
544	2526	0.5
544	2527	0.5
545	545	1.0
545	3125	0.5
545	3126	0.5
545	3127	0.5
546	546	1.0
546	1328	0.5
546	1329	0.5
546	1330	0.5
546	1928	0.25
546	1929	0.25
546	1930	0.25
546	2528	0.25
546	2529	0.25
546	2530	0.25
546	3128	0.25
546	3129	0.25
546	3130	0.25
547	547	1.0
547	1328	0.5
547	1329	0.5
547	1330	0.5
547	1928	0.25
547	1929	0.25
547	1930	0.25
547	2528	0.25
547	2529	0.25
547	2530	0.25
547	3128	0.25
547	3129	0.25
547	3130	0.25
548	548	1.0
548	1928	0.5
548	1929	0.5
548	1930	0.5
549	549	1.0
549	2528	0.5
549	2529	0.5
549	2530	0.5
550	550	1.0
550	3128	0.5
550	3129	0.5
550	3130	0.5
551	551	1.0
551	1331	0.5
551	1332	0.5
551	1333	0.5
551	1931	0.25
551	1932	0.25
551	1933	0.25
551	2531	0.25
551	2532	0.25
551	2533	0.25
551	3131	0.25
551	3132	0.25
551	3133	0.25
552	552	1.0
552	1331	0.5
552	1332	0.5
552	1333	0.5
552	1931	0.25
552	1932	0.25
552	1933	0.25
552	2531	0.25
552	2532	0.25
552	2533	0.25
552	3131	0.25
552	3132	0.25
552	3133	0.25
553	553	1.0
553	1931	0.5
553	1932	0.5
553	1933	0.5
554	554	1.0
554	2531	0.5
554	2532	0.5
554	2533	0.5
555	555	1.0
555	3131	0.5
555	3132	0.5
555	3133	0.5
556	556	1.0
556	1334	0.5
556	1335	0.5
556	1336	0.5
556	1934	0.25
556	1935	0.25
556	1936	0.25
556	2534	0.25
556	2535	0.25
556	2536	0.25
556	3134	0.25
556	3135	0.25
556	3136	0.25
557	557	1.0
557	1334	0.5
557	1335	0.5
557	1336	0.5
557	1934	0.25
557	1935	0.25
557	1936	0.25
557	2534	0.25
557	2535	0.25
557	2536	0.25
557	3134	0.25
557	3135	0.25
557	3136	0.25
558	558	1.0
558	1934	0.5
558	1935	0.5
558	1936	0.5
559	559	1.0
559	2534	0.5
559	2535	0.5
559	2536	0.5
560	560	1.0
560	3134	0.5
560	3135	0.5
560	3136	0.5
561	561	1.0
561	1337	0.5
561	1338	0.5
561	1339	0.5
561	1937	0.25
561	1938	0.25
561	1939	0.25
561	2537	0.25
561	2538	0.25
561	2539	0.25
561	3137	0.25
561	3138	0.25
561	3139	0.25
562	562	1.0
562	1337	0.5
562	1338	0.5
562	1339	0.5
562	1937	0.25
562	1938	0.25
562	1939	0.25
562	2537	0.25
562	2538	0.25
562	2539	0.25
562	3137	0.25
562	3138	0.25
562	3139	0.25
563	563	1.0
563	1937	0.5
563	1938	0.5
563	1939	0.5
564	564	1.0
564	2537	0.5
564	2538	0.5
564	2539	0.5
565	565	1.0
565	3137	0.5
565	3138	0.5
565	3139	0.5
566	566	1.0
566	1340	0.5
566	1341	0.5
566	1342	0.5
566	1940	0.25
566	1941	0.25
566	1942	0.25
566	2540	0.25
566	2541	0.25
566	2542	0.25
566	3140	0.25
566	3141	0.25
566	3142	0.25
567	567	1.0
567	1340	0.5
567	1341	0.5
567	1342	0.5
567	1940	0.25
567	1941	0.25
567	1942	0.25
567	2540	0.25
567	2541	0.25
567	2542	0.25
567	3140	0.25
567	3141	0.25
567	3142	0.25
568	568	1.0
568	1940	0.5
568	1941	0.5
568	1942	0.5
569	569	1.0
569	2540	0.5
569	2541	0.5
569	2542	0.5
570	570	1.0
570	3140	0.5
570	3141	0.5
570	3142	0.5
571	571	1.0
571	1343	0.5
571	1344	0.5
571	1345	0.5
571	1943	0.25
571	1944	0.25
571	1945	0.25
571	2543	0.25
571	2544	0.25
571	2545	0.25
571	3143	0.25
571	3144	0.25
571	3145	0.25
572	572	1.0
572	1343	0.5
572	1344	0.5
572	1345	0.5
572	1943	0.25
572	1944	0.25
572	1945	0.25
572	2543	0.25
572	2544	0.25
572	2545	0.25
572	3143	0.25
572	3144	0.25
572	3145	0.25
573	573	1.0
573	1943	0.5
573	1944	0.5
573	1945	0.5
574	574	1.0
574	2543	0.5
574	2544	0.5
574	2545	0.5
575	575	1.0
575	3143	0.5
575	3144	0.5
575	3145	0.5
576	576	1.0
576	1346	0.5
576	1347	0.5
576	1348	0.5
576	1946	0.25
576	1947	0.25
576	1948	0.25
576	2546	0.25
576	2547	0.25
576	2548	0.25
576	3146	0.25
576	3147	0.25
576	3148	0.25
577	577	1.0
577	1346	0.5
577	1347	0.5
577	1348	0.5
577	1946	0.25
577	1947	0.25
577	1948	0.25
577	2546	0.25
577	2547	0.25
577	2548	0.25
577	3146	0.25
577	3147	0.25
577	3148	0.25
578	578	1.0
578	1946	0.5
578	1947	0.5
578	1948	0.5
579	579	1.0
579	2546	0.5
579	2547	0.5
579	2548	0.5
580	580	1.0
580	3146	0.5
580	3147	0.5
580	3148	0.5
581	581	1.0
581	1349	0.5
581	1350	0.5
581	1351	0.5
581	1949	0.25
581	1950	0.25
581	1951	0.25
581	2549	0.25
581	2550	0.25
581	2551	0.25
581	3149	0.25
581	3150	0.25
581	3151	0.25
582	582	1.0
582	1349	0.5
582	1350	0.5
582	1351	0.5
582	1949	0.25
582	1950	0.25
582	1951	0.25
582	2549	0.25
582	2550	0.25
582	2551	0.25
582	3149	0.25
582	3150	0.25
582	3151	0.25
583	583	1.0
583	1949	0.5
583	1950	0.5
583	1951	0.5
584	584	1.0
584	2549	0.5
584	2550	0.5
584	2551	0.5
585	585	1.0
585	3149	0.5
585	3150	0.5
585	3151	0.5
586	586	1.0
586	1352	0.5
586	1353	0.5
586	1354	0.5
586	1952	0.25
586	1953	0.25
586	1954	0.25
586	2552	0.25
586	2553	0.25
586	2554	0.25
586	3152	0.25
586	3153	0.25
586	3154	0.25
587	587	1.0
587	1352	0.5
587	1353	0.5
587	1354	0.5
587	1952	0.25
587	1953	0.25
587	1954	0.25
587	2552	0.25
587	2553	0.25
587	2554	0.25
587	3152	0.25
587	3153	0.25
587	3154	0.25
588	588	1.0
588	1952	0.5
588	1953	0.5
588	1954	0.5
589	589	1.0
589	2552	0.5
589	2553	0.5
589	2554	0.5
590	590	1.0
590	3152	0.5
590	3153	0.5
590	3154	0.5
591	591	1.0
591	1355	0.5
591	1356	0.5
591	1357	0.5
591	1955	0.25
591	1956	0.25
591	1957	0.25
591	2555	0.25
591	2556	0.25
591	2557	0.25
591	3155	0.25
591	3156	0.25
591	3157	0.25
592	592	1.0
592	1355	0.5
592	1356	0.5
592	1357	0.5
592	1955	0.25
592	1956	0.25
592	1957	0.25
592	2555	0.25
592	2556	0.25
592	2557	0.25
592	3155	0.25
592	3156	0.25
592	3157	0.25
593	593	1.0
593	1955	0.5
593	1956	0.5
593	1957	0.5
594	594	1.0
594	2555	0.5
594	2556	0.5
594	2557	0.5
595	595	1.0
595	3155	0.5
595	3156	0.5
595	3157	0.5
596	596	1.0
596	1358	0.5
596	1359	0.5
596	1360	0.5
596	1958	0.25
596	1959	0.25
596	1960	0.25
596	2558	0.25
596	2559	0.25
596	2560	0.25
596	3158	0.25
596	3159	0.25
596	3160	0.25
597	597	1.0
597	1358	0.5
597	1359	0.5
597	1360	0.5
597	1958	0.25
597	1959	0.25
597	1960	0.25
597	2558	0.25
597	2559	0.25
597	2560	0.25
597	3158	0.25
597	3159	0.25
597	3160	0.25
598	598	1.0
598	1958	0.5
598	1959	0.5
598	1960	0.5
599	599	1.0
599	2558	0.5
599	2559	0.5
599	2560	0.5
600	600	1.0
600	3158	0.5
600	3159	0.5
600	3160	0.5
601	601	1.0
601	1361	0.5
601	1362	0.5
601	1363	0.5
601	1961	0.25
601	1962	0.25
601	1963	0.25
601	2561	0.25
601	2562	0.25
601	2563	0.25
601	3161	0.25
601	3162	0.25
601	3163	0.25
602	602	1.0
602	1361	0.5
602	1362	0.5
602	1363	0.5
602	1961	0.25
602	1962	0.25
602	1963	0.25
602	2561	0.25
602	2562	0.25
602	2563	0.25
602	3161	0.25
602	3162	0.25
602	3163	0.25
603	603	1.0
603	1961	0.5
603	1962	0.5
603	1963	0.5
604	604	1.0
604	2561	0.5
604	2562	0.5
604	2563	0.5
605	605	1.0
605	3161	0.5
605	3162	0.5
605	3163	0.5
606	606	1.0
606	1364	0.5
606	1365	0.5
606	1366	0.5
606	1964	0.25
606	1965	0.25
606	1966	0.25
606	2564	0.25
606	2565	0.25
606	2566	0.25
606	3164	0.25
606	3165	0.25
606	3166	0.25
607	607	1.0
607	1364	0.5
607	1365	0.5
607	1366	0.5
607	1964	0.25
607	1965	0.25
607	1966	0.25
607	2564	0.25
607	2565	0.25
607	2566	0.25
607	3164	0.25
607	3165	0.25
607	3166	0.25
608	608	1.0
608	1964	0.5
608	1965	0.5
608	1966	0.5
609	609	1.0
609	2564	0.5
609	2565	0.5
609	2566	0.5
610	610	1.0
610	3164	0.5
610	3165	0.5
610	3166	0.5
611	611	1.0
611	1367	0.5
611	1368	0.5
611	1369	0.5
611	1967	0.25
611	1968	0.25
611	1969	0.25
611	2567	0.25
611	2568	0.25
611	2569	0.25
611	3167	0.25
611	3168	0.25
611	3169	0.25
612	612	1.0
612	1367	0.5
612	1368	0.5
612	1369	0.5
612	1967	0.25
612	1968	0.25
612	1969	0.25
612	2567	0.25
612	2568	0.25
612	2569	0.25
612	3167	0.25
612	3168	0.25
612	3169	0.25
613	613	1.0
613	1967	0.5
613	1968	0.5
613	1969	0.5
614	614	1.0
614	2567	0.5
614	2568	0.5
614	2569	0.5
615	615	1.0
615	3167	0.5
615	3168	0.5
615	3169	0.5
616	616	1.0
616	1370	0.5
616	1371	0.5
616	1372	0.5
616	1970	0.25
616	1971	0.25
616	1972	0.25
616	2570	0.25
616	2571	0.25
616	2572	0.25
616	3170	0.25
616	3171	0.25
616	3172	0.25
617	617	1.0
617	1370	0.5
617	1371	0.5
617	1372	0.5
617	1970	0.25
617	1971	0.25
617	1972	0.25
617	2570	0.25
617	2571	0.25
617	2572	0.25
617	3170	0.25
617	3171	0.25
617	3172	0.25
618	618	1.0
618	1970	0.5
618	1971	0.5
618	1972	0.5
619	619	1.0
619	2570	0.5
619	2571	0.5
619	2572	0.5
620	620	1.0
620	3170	0.5
620	3171	0.5
620	3172	0.5
621	621	1.0
621	1373	0.5
621	1374	0.5
621	1375	0.5
621	1973	0.25
621	1974	0.25
621	1975	0.25
621	2573	0.25
621	2574	0.25
621	2575	0.25
621	3173	0.25
621	3174	0.25
621	3175	0.25
622	622	1.0
622	1373	0.5
622	1374	0.5
622	1375	0.5
622	1973	0.25
622	1974	0.25
622	1975	0.25
622	2573	0.25
622	2574	0.25
622	2575	0.25
622	3173	0.25
622	3174	0.25
622	3175	0.25
623	623	1.0
623	1973	0.5
623	1974	0.5
623	1975	0.5
624	624	1.0
624	2573	0.5
624	2574	0.5
624	2575	0.5
625	625	1.0
625	3173	0.5
625	3174	0.5
625	3175	0.5
626	626	1.0
626	1376	0.5
626	1377	0.5
626	1378	0.5
626	1976	0.25
626	1977	0.25
626	1978	0.25
626	2576	0.25
626	2577	0.25
626	2578	0.25
626	3176	0.25
626	3177	0.25
626	3178	0.25
627	627	1.0
627	1376	0.5
627	1377	0.5
627	1378	0.5
627	1976	0.25
627	1977	0.25
627	1978	0.25
627	2576	0.25
627	2577	0.25
627	2578	0.25
627	3176	0.25
627	3177	0.25
627	3178	0.25
628	628	1.0
628	1976	0.5
628	1977	0.5
628	1978	0.5
629	629	1.0
629	2576	0.5
629	2577	0.5
629	2578	0.5
630	630	1.0
630	3176	0.5
630	3177	0.5
630	3178	0.5
631	631	1.0
631	1379	0.5
631	1380	0.5
631	1381	0.5
631	1979	0.25
631	1980	0.25
631	1981	0.25
631	2579	0.25
631	2580	0.25
631	2581	0.25
631	3179	0.25
631	3180	0.25
631	3181	0.25
632	632	1.0
632	1379	0.5
632	1380	0.5
632	1381	0.5
632	1979	0.25
632	1980	0.25
632	1981	0.25
632	2579	0.25
632	2580	0.25
632	2581	0.25
632	3179	0.25
632	3180	0.25
632	3181	0.25
633	633	1.0
633	1979	0.5
633	1980	0.5
633	1981	0.5
634	634	1.0
634	2579	0.5
634	2580	0.5
634	2581	0.5
635	635	1.0
635	3179	0.5
635	3180	0.5
635	3181	0.5
636	636	1.0
636	1382	0.5
636	1383	0.5
636	1384	0.5
636	1982	0.25
636	1983	0.25
636	1984	0.25
636	2582	0.25
636	2583	0.25
636	2584	0.25
636	3182	0.25
636	3183	0.25
636	3184	0.25
637	637	1.0
637	1382	0.5
637	1383	0.5
637	1384	0.5
637	1982	0.25
637	1983	0.25
637	1984	0.25
637	2582	0.25
637	2583	0.25
637	2584	0.25
637	3182	0.25
637	3183	0.25
637	3184	0.25
638	638	1.0
638	1982	0.5
638	1983	0.5
638	1984	0.5
639	639	1.0
639	2582	0.5
639	2583	0.5
639	2584	0.5
640	640	1.0
640	3182	0.5
640	3183	0.5
640	3184	0.5
641	641	1.0
641	1385	0.5
641	1386	0.5
641	1387	0.5
641	1985	0.25
641	1986	0.25
641	1987	0.25
641	2585	0.25
641	2586	0.25
641	2587	0.25
641	3185	0.25
641	3186	0.25
641	3187	0.25
642	642	1.0
642	1385	0.5
642	1386	0.5
642	1387	0.5
642	1985	0.25
642	1986	0.25
642	1987	0.25
642	2585	0.25
642	2586	0.25
642	2587	0.25
642	3185	0.25
642	3186	0.25
642	3187	0.25
643	643	1.0
643	1985	0.5
643	1986	0.5
643	1987	0.5
644	644	1.0
644	2585	0.5
644	2586	0.5
644	2587	0.5
645	645	1.0
645	3185	0.5
645	3186	0.5
645	3187	0.5
646	646	1.0
646	1388	0.5
646	1389	0.5
646	1390	0.5
646	1988	0.25
646	1989	0.25
646	1990	0.25
646	2588	0.25
646	2589	0.25
646	2590	0.25
646	3188	0.25
646	3189	0.25
646	3190	0.25
647	647	1.0
647	1388	0.5
647	1389	0.5
647	1390	0.5
647	1988	0.25
647	1989	0.25
647	1990	0.25
647	2588	0.25
647	2589	0.25
647	2590	0.25
647	3188	0.25
647	3189	0.25
647	3190	0.25
648	648	1.0
648	1988	0.5
648	1989	0.5
648	1990	0.5
649	649	1.0
649	2588	0.5
649	2589	0.5
649	2590	0.5
650	650	1.0
650	3188	0.5
650	3189	0.5
650	3190	0.5
651	651	1.0
651	1391	0.5
651	1392	0.5
651	1393	0.5
651	1991	0.25
651	1992	0.25
651	1993	0.25
651	2591	0.25
651	2592	0.25
651	2593	0.25
651	3191	0.25
651	3192	0.25
651	3193	0.25
652	652	1.0
652	1391	0.5
652	1392	0.5
652	1393	0.5
652	1991	0.25
652	1992	0.25
652	1993	0.25
652	2591	0.25
652	2592	0.25
652	2593	0.25
652	3191	0.25
652	3192	0.25
652	3193	0.25
653	653	1.0
653	1991	0.5
653	1992	0.5
653	1993	0.5
654	654	1.0
654	2591	0.5
654	2592	0.5
654	2593	0.5
655	655	1.0
655	3191	0.5
655	3192	0.5
655	3193	0.5
656	656	1.0
656	1394	0.5
656	1395	0.5
656	1396	0.5
656	1994	0.25
656	1995	0.25
656	1996	0.25
656	2594	0.25
656	2595	0.25
656	2596	0.25
656	3194	0.25
656	3195	0.25
656	3196	0.25
657	657	1.0
657	1394	0.5
657	1395	0.5
657	1396	0.5
657	1994	0.25
657	1995	0.25
657	1996	0.25
657	2594	0.25
657	2595	0.25
657	2596	0.25
657	3194	0.25
657	3195	0.25
657	3196	0.25
658	658	1.0
658	1994	0.5
658	1995	0.5
658	1996	0.5
659	659	1.0
659	2594	0.5
659	2595	0.5
659	2596	0.5
660	660	1.0
660	3194	0.5
660	3195	0.5
660	3196	0.5
661	661	1.0
661	1397	0.5
661	1398	0.5
661	1399	0.5
661	1997	0.25
661	1998	0.25
661	1999	0.25
661	2597	0.25
661	2598	0.25
661	2599	0.25
661	3197	0.25
661	3198	0.25
661	3199	0.25
662	662	1.0
662	1397	0.5
662	1398	0.5
662	1399	0.5
662	1997	0.25
662	1998	0.25
662	1999	0.25
662	2597	0.25
662	2598	0.25
662	2599	0.25
662	3197	0.25
662	3198	0.25
662	3199	0.25
663	663	1.0
663	1997	0.5
663	1998	0.5
663	1999	0.5
664	664	1.0
664	2597	0.5
664	2598	0.5
664	2599	0.5
665	665	1.0
665	3197	0.5
665	3198	0.5
665	3199	0.5
666	666	1.0
666	1400	0.5
666	1401	0.5
666	1402	0.5
666	2000	0.25
666	2001	0.25
666	2002	0.25
666	2600	0.25
666	2601	0.25
666	2602	0.25
666	3200	0.25
666	3201	0.25
666	3202	0.25
667	667	1.0
667	1400	0.5
667	1401	0.5
667	1402	0.5
667	2000	0.25
667	2001	0.25
667	2002	0.25
667	2600	0.25
667	2601	0.25
667	2602	0.25
667	3200	0.25
667	3201	0.25
667	3202	0.25
668	668	1.0
668	2000	0.5
668	2001	0.5
668	2002	0.5
669	669	1.0
669	2600	0.5
669	2601	0.5
669	2602	0.5
670	670	1.0
670	3200	0.5
670	3201	0.5
670	3202	0.5
671	671	1.0
671	1403	0.5
671	1404	0.5
671	1405	0.5
671	2003	0.25
671	2004	0.25
671	2005	0.25
671	2603	0.25
671	2604	0.25
671	2605	0.25
671	3203	0.25
671	3204	0.25
671	3205	0.25
672	672	1.0
672	1403	0.5
672	1404	0.5
672	1405	0.5
672	2003	0.25
672	2004	0.25
672	2005	0.25
672	2603	0.25
672	2604	0.25
672	2605	0.25
672	3203	0.25
672	3204	0.25
672	3205	0.25
673	673	1.0
673	2003	0.5
673	2004	0.5
673	2005	0.5
674	674	1.0
674	2603	0.5
674	2604	0.5
674	2605	0.5
675	675	1.0
675	3203	0.5
675	3204	0.5
675	3205	0.5
676	676	1.0
676	1406	0.5
676	1407	0.5
676	1408	0.5
676	2006	0.25
676	2007	0.25
676	2008	0.25
676	2606	0.25
676	2607	0.25
676	2608	0.25
676	3206	0.25
676	3207	0.25
676	3208	0.25
677	677	1.0
677	1406	0.5
677	1407	0.5
677	1408	0.5
677	2006	0.25
677	2007	0.25
677	2008	0.25
677	2606	0.25
677	2607	0.25
677	2608	0.25
677	3206	0.25
677	3207	0.25
677	3208	0.25
678	678	1.0
678	2006	0.5
678	2007	0.5
678	2008	0.5
679	679	1.0
679	2606	0.5
679	2607	0.5
679	2608	0.5
680	680	1.0
680	3206	0.5
680	3207	0.5
680	3208	0.5
681	681	1.0
681	1409	0.5
681	1410	0.5
681	1411	0.5
681	2009	0.25
681	2010	0.25
681	2011	0.25
681	2609	0.25
681	2610	0.25
681	2611	0.25
681	3209	0.25
681	3210	0.25
681	3211	0.25
682	682	1.0
682	1409	0.5
682	1410	0.5
682	1411	0.5
682	2009	0.25
682	2010	0.25
682	2011	0.25
682	2609	0.25
682	2610	0.25
682	2611	0.25
682	3209	0.25
682	3210	0.25
682	3211	0.25
683	683	1.0
683	2009	0.5
683	2010	0.5
683	2011	0.5
684	684	1.0
684	2609	0.5
684	2610	0.5
684	2611	0.5
685	685	1.0
685	3209	0.5
685	3210	0.5
685	3211	0.5
686	686	1.0
686	1412	0.5
686	1413	0.5
686	1414	0.5
686	2012	0.25
686	2013	0.25
686	2014	0.25
686	2612	0.25
686	2613	0.25
686	2614	0.25
686	3212	0.25
686	3213	0.25
686	3214	0.25
687	687	1.0
687	1412	0.5
687	1413	0.5
687	1414	0.5
687	2012	0.25
687	2013	0.25
687	2014	0.25
687	2612	0.25
687	2613	0.25
687	2614	0.25
687	3212	0.25
687	3213	0.25
687	3214	0.25
688	688	1.0
688	2012	0.5
688	2013	0.5
688	2014	0.5
689	689	1.0
689	2612	0.5
689	2613	0.5
689	2614	0.5
690	690	1.0
690	3212	0.5
690	3213	0.5
690	3214	0.5
691	691	1.0
691	1415	0.5
691	1416	0.5
691	1417	0.5
691	2015	0.25
691	2016	0.25
691	2017	0.25
691	2615	0.25
691	2616	0.25
691	2617	0.25
691	3215	0.25
691	3216	0.25
691	3217	0.25
692	692	1.0
692	1415	0.5
692	1416	0.5
692	1417	0.5
692	2015	0.25
692	2016	0.25
692	2017	0.25
692	2615	0.25
692	2616	0.25
692	2617	0.25
692	3215	0.25
692	3216	0.25
692	3217	0.25
693	693	1.0
693	2015	0.5
693	2016	0.5
693	2017	0.5
694	694	1.0
694	2615	0.5
694	2616	0.5
694	2617	0.5
695	695	1.0
695	3215	0.5
695	3216	0.5
695	3217	0.5
696	696	1.0
696	1418	0.5
696	1419	0.5
696	1420	0.5
696	2018	0.25
696	2019	0.25
696	2020	0.25
696	2618	0.25
696	2619	0.25
696	2620	0.25
696	3218	0.25
696	3219	0.25
696	3220	0.25
697	697	1.0
697	1418	0.5
697	1419	0.5
697	1420	0.5
697	2018	0.25
697	2019	0.25
697	2020	0.25
697	2618	0.25
697	2619	0.25
697	2620	0.25
697	3218	0.25
697	3219	0.25
697	3220	0.25
698	698	1.0
698	2018	0.5
698	2019	0.5
698	2020	0.5
699	699	1.0
699	2618	0.5
699	2619	0.5
699	2620	0.5
700	700	1.0
700	3218	0.5
700	3219	0.5
700	3220	0.5
701	701	1.0
701	1421	0.5
701	1422	0.5
701	1423	0.5
701	2021	0.25
701	2022	0.25
701	2023	0.25
701	2621	0.25
701	2622	0.25
701	2623	0.25
701	3221	0.25
701	3222	0.25
701	3223	0.25
702	702	1.0
702	1421	0.5
702	1422	0.5
702	1423	0.5
702	2021	0.25
702	2022	0.25
702	2023	0.25
702	2621	0.25
702	2622	0.25
702	2623	0.25
702	3221	0.25
702	3222	0.25
702	3223	0.25
703	703	1.0
703	2021	0.5
703	2022	0.5
703	2023	0.5
704	704	1.0
704	2621	0.5
704	2622	0.5
704	2623	0.5
705	705	1.0
705	3221	0.5
705	3222	0.5
705	3223	0.5
706	706	1.0
706	1424	0.5
706	1425	0.5
706	1426	0.5
706	2024	0.25
706	2025	0.25
706	2026	0.25
706	2624	0.25
706	2625	0.25
706	2626	0.25
706	3224	0.25
706	3225	0.25
706	3226	0.25
707	707	1.0
707	1424	0.5
707	1425	0.5
707	1426	0.5
707	2024	0.25
707	2025	0.25
707	2026	0.25
707	2624	0.25
707	2625	0.25
707	2626	0.25
707	3224	0.25
707	3225	0.25
707	3226	0.25
708	708	1.0
708	2024	0.5
708	2025	0.5
708	2026	0.5
709	709	1.0
709	2624	0.5
709	2625	0.5
709	2626	0.5
710	710	1.0
710	3224	0.5
710	3225	0.5
710	3226	0.5
711	711	1.0
711	1427	0.5
711	1428	0.5
711	1429	0.5
711	2027	0.25
711	2028	0.25
711	2029	0.25
711	2627	0.25
711	2628	0.25
711	2629	0.25
711	3227	0.25
711	3228	0.25
711	3229	0.25
712	712	1.0
712	1427	0.5
712	1428	0.5
712	1429	0.5
712	2027	0.25
712	2028	0.25
712	2029	0.25
712	2627	0.25
712	2628	0.25
712	2629	0.25
712	3227	0.25
712	3228	0.25
712	3229	0.25
713	713	1.0
713	2027	0.5
713	2028	0.5
713	2029	0.5
714	714	1.0
714	2627	0.5
714	2628	0.5
714	2629	0.5
715	715	1.0
715	3227	0.5
715	3228	0.5
715	3229	0.5
716	716	1.0
716	1430	0.5
716	1431	0.5
716	1432	0.5
716	2030	0.25
716	2031	0.25
716	2032	0.25
716	2630	0.25
716	2631	0.25
716	2632	0.25
716	3230	0.25
716	3231	0.25
716	3232	0.25
717	717	1.0
717	1430	0.5
717	1431	0.5
717	1432	0.5
717	2030	0.25
717	2031	0.25
717	2032	0.25
717	2630	0.25
717	2631	0.25
717	2632	0.25
717	3230	0.25
717	3231	0.25
717	3232	0.25
718	718	1.0
718	2030	0.5
718	2031	0.5
718	2032	0.5
719	719	1.0
719	2630	0.5
719	2631	0.5
719	2632	0.5
720	720	1.0
720	3230	0.5
720	3231	0.5
720	3232	0.5
721	721	1.0
721	1433	0.5
721	1434	0.5
721	1435	0.5
721	2033	0.25
721	2034	0.25
721	2035	0.25
721	2633	0.25
721	2634	0.25
721	2635	0.25
721	3233	0.25
721	3234	0.25
721	3235	0.25
722	722	1.0
722	1433	0.5
722	1434	0.5
722	1435	0.5
722	2033	0.25
722	2034	0.25
722	2035	0.25
722	2633	0.25
722	2634	0.25
722	2635	0.25
722	3233	0.25
722	3234	0.25
722	3235	0.25
723	723	1.0
723	2033	0.5
723	2034	0.5
723	2035	0.5
724	724	1.0
724	2633	0.5
724	2634	0.5
724	2635	0.5
725	725	1.0
725	3233	0.5
725	3234	0.5
725	3235	0.5
726	726	1.0
726	1436	0.5
726	1437	0.5
726	1438	0.5
726	2036	0.25
726	2037	0.25
726	2038	0.25
726	2636	0.25
726	2637	0.25
726	2638	0.25
726	3236	0.25
726	3237	0.25
726	3238	0.25
727	727	1.0
727	1436	0.5
727	1437	0.5
727	1438	0.5
727	2036	0.25
727	2037	0.25
727	2038	0.25
727	2636	0.25
727	2637	0.25
727	2638	0.25
727	3236	0.25
727	3237	0.25
727	3238	0.25
728	728	1.0
728	2036	0.5
728	2037	0.5
728	2038	0.5
729	729	1.0
729	2636	0.5
729	2637	0.5
729	2638	0.5
730	730	1.0
730	3236	0.5
730	3237	0.5
730	3238	0.5
731	731	1.0
731	1439	0.5
731	1440	0.5
731	1441	0.5
731	2039	0.25
731	2040	0.25
731	2041	0.25
731	2639	0.25
731	2640	0.25
731	2641	0.25
731	3239	0.25
731	3240	0.25
731	3241	0.25
732	732	1.0
732	1439	0.5
732	1440	0.5
732	1441	0.5
732	2039	0.25
732	2040	0.25
732	2041	0.25
732	2639	0.25
732	2640	0.25
732	2641	0.25
732	3239	0.25
732	3240	0.25
732	3241	0.25
733	733	1.0
733	2039	0.5
733	2040	0.5
733	2041	0.5
734	734	1.0
734	2639	0.5
734	2640	0.5
734	2641	0.5
735	735	1.0
735	3239	0.5
735	3240	0.5
735	3241	0.5
736	736	1.0
736	1442	0.5
736	1443	0.5
736	1444	0.5
736	2042	0.25
736	2043	0.25
736	2044	0.25
736	2642	0.25
736	2643	0.25
736	2644	0.25
736	3242	0.25
736	3243	0.25
736	3244	0.25
737	737	1.0
737	1442	0.5
737	1443	0.5
737	1444	0.5
737	2042	0.25
737	2043	0.25
737	2044	0.25
737	2642	0.25
737	2643	0.25
737	2644	0.25
737	3242	0.25
737	3243	0.25
737	3244	0.25
738	738	1.0
738	2042	0.5
738	2043	0.5
738	2044	0.5
739	739	1.0
739	2642	0.5
739	2643	0.5
739	2644	0.5
740	740	1.0
740	3242	0.5
740	3243	0.5
740	3244	0.5
741	741	1.0
741	1445	0.5
741	1446	0.5
741	1447	0.5
741	2045	0.25
741	2046	0.25
741	2047	0.25
741	2645	0.25
741	2646	0.25
741	2647	0.25
741	3245	0.25
741	3246	0.25
741	3247	0.25
742	742	1.0
742	1445	0.5
742	1446	0.5
742	1447	0.5
742	2045	0.25
742	2046	0.25
742	2047	0.25
742	2645	0.25
742	2646	0.25
742	2647	0.25
742	3245	0.25
742	3246	0.25
742	3247	0.25
743	743	1.0
743	2045	0.5
743	2046	0.5
743	2047	0.5
744	744	1.0
744	2645	0.5
744	2646	0.5
744	2647	0.5
745	745	1.0
745	3245	0.5
745	3246	0.5
745	3247	0.5
746	746	1.0
746	1448	0.5
746	1449	0.5
746	1450	0.5
746	2048	0.25
746	2049	0.25
746	2050	0.25
746	2648	0.25
746	2649	0.25
746	2650	0.25
746	3248	0.25
746	3249	0.25
746	3250	0.25
747	747	1.0
747	1448	0.5
747	1449	0.5
747	1450	0.5
747	2048	0.25
747	2049	0.25
747	2050	0.25
747	2648	0.25
747	2649	0.25
747	2650	0.25
747	3248	0.25
747	3249	0.25
747	3250	0.25
748	748	1.0
748	2048	0.5
748	2049	0.5
748	2050	0.5
749	749	1.0
749	2648	0.5
749	2649	0.5
749	2650	0.5
750	750	1.0
750	3248	0.5
750	3249	0.5
750	3250	0.5
751	751	1.0
751	1451	0.5
751	1452	0.5
751	1453	0.5
751	2051	0.25
751	2052	0.25
751	2053	0.25
751	2651	0.25
751	2652	0.25
751	2653	0.25
751	3251	0.25
751	3252	0.25
751	3253	0.25
752	752	1.0
752	1451	0.5
752	1452	0.5
752	1453	0.5
752	2051	0.25
752	2052	0.25
752	2053	0.25
752	2651	0.25
752	2652	0.25
752	2653	0.25
752	3251	0.25
752	3252	0.25
752	3253	0.25
753	753	1.0
753	2051	0.5
753	2052	0.5
753	2053	0.5
754	754	1.0
754	2651	0.5
754	2652	0.5
754	2653	0.5
755	755	1.0
755	3251	0.5
755	3252	0.5
755	3253	0.5
756	756	1.0
756	1454	0.5
756	1455	0.5
756	1456	0.5
756	2054	0.25
756	2055	0.25
756	2056	0.25
756	2654	0.25
756	2655	0.25
756	2656	0.25
756	3254	0.25
756	3255	0.25
756	3256	0.25
757	757	1.0
757	1454	0.5
757	1455	0.5
757	1456	0.5
757	2054	0.25
757	2055	0.25
757	2056	0.25
757	2654	0.25
757	2655	0.25
757	2656	0.25
757	3254	0.25
757	3255	0.25
757	3256	0.25
758	758	1.0
758	2054	0.5
758	2055	0.5
758	2056	0.5
759	759	1.0
759	2654	0.5
759	2655	0.5
759	2656	0.5
760	760	1.0
760	3254	0.5
760	3255	0.5
760	3256	0.5
761	761	1.0
761	1457	0.5
761	1458	0.5
761	1459	0.5
761	2057	0.25
761	2058	0.25
761	2059	0.25
761	2657	0.25
761	2658	0.25
761	2659	0.25
761	3257	0.25
761	3258	0.25
761	3259	0.25
762	762	1.0
762	1457	0.5
762	1458	0.5
762	1459	0.5
762	2057	0.25
762	2058	0.25
762	2059	0.25
762	2657	0.25
762	2658	0.25
762	2659	0.25
762	3257	0.25
762	3258	0.25
762	3259	0.25
763	763	1.0
763	2057	0.5
763	2058	0.5
763	2059	0.5
764	764	1.0
764	2657	0.5
764	2658	0.5
764	2659	0.5
765	765	1.0
765	3257	0.5
765	3258	0.5
765	3259	0.5
766	766	1.0
766	1460	0.5
766	1461	0.5
766	1462	0.5
766	2060	0.25
766	2061	0.25
766	2062	0.25
766	2660	0.25
766	2661	0.25
766	2662	0.25
766	3260	0.25
766	3261	0.25
766	3262	0.25
767	767	1.0
767	1460	0.5
767	1461	0.5
767	1462	0.5
767	2060	0.25
767	2061	0.25
767	2062	0.25
767	2660	0.25
767	2661	0.25
767	2662	0.25
767	3260	0.25
767	3261	0.25
767	3262	0.25
768	768	1.0
768	2060	0.5
768	2061	0.5
768	2062	0.5
769	769	1.0
769	2660	0.5
769	2661	0.5
769	2662	0.5
770	770	1.0
770	3260	0.5
770	3261	0.5
770	3262	0.5
771	771	1.0
771	1463	0.5
771	1464	0.5
771	1465	0.5
771	2063	0.25
771	2064	0.25
771	2065	0.25
771	2663	0.25
771	2664	0.25
771	2665	0.25
771	3263	0.25
771	3264	0.25
771	3265	0.25
772	772	1.0
772	1463	0.5
772	1464	0.5
772	1465	0.5
772	2063	0.25
772	2064	0.25
772	2065	0.25
772	2663	0.25
772	2664	0.25
772	2665	0.25
772	3263	0.25
772	3264	0.25
772	3265	0.25
773	773	1.0
773	2063	0.5
773	2064	0.5
773	2065	0.5
774	774	1.0
774	2663	0.5
774	2664	0.5
774	2665	0.5
775	775	1.0
775	3263	0.5
775	3264	0.5
775	3265	0.5
776	776	1.0
776	1466	0.5
776	1467	0.5
776	1468	0.5
776	2066	0.25
776	2067	0.25
776	2068	0.25
776	2666	0.25
776	2667	0.25
776	2668	0.25
776	3266	0.25
776	3267	0.25
776	3268	0.25
777	777	1.0
777	1466	0.5
777	1467	0.5
777	1468	0.5
777	2066	0.25
777	2067	0.25
777	2068	0.25
777	2666	0.25
777	2667	0.25
777	2668	0.25
777	3266	0.25
777	3267	0.25
777	3268	0.25
778	778	1.0
778	2066	0.5
778	2067	0.5
778	2068	0.5
779	779	1.0
779	2666	0.5
779	2667	0.5
779	2668	0.5
780	780	1.0
780	3266	0.5
780	3267	0.5
780	3268	0.5
781	781	1.0
781	1469	0.5
781	1470	0.5
781	1471	0.5
781	2069	0.25
781	2070	0.25
781	2071	0.25
781	2669	0.25
781	2670	0.25
781	2671	0.25
781	3269	0.25
781	3270	0.25
781	3271	0.25
782	782	1.0
782	1469	0.5
782	1470	0.5
782	1471	0.5
782	2069	0.25
782	2070	0.25
782	2071	0.25
782	2669	0.25
782	2670	0.25
782	2671	0.25
782	3269	0.25
782	3270	0.25
782	3271	0.25
783	783	1.0
783	2069	0.5
783	2070	0.5
783	2071	0.5
784	784	1.0
784	2669	0.5
784	2670	0.5
784	2671	0.5
785	785	1.0
785	3269	0.5
785	3270	0.5
785	3271	0.5
786	786	1.0
786	1472	0.5
786	1473	0.5
786	1474	0.5
786	2072	0.25
786	2073	0.25
786	2074	0.25
786	2672	0.25
786	2673	0.25
786	2674	0.25
786	3272	0.25
786	3273	0.25
786	3274	0.25
787	787	1.0
787	1472	0.5
787	1473	0.5
787	1474	0.5
787	2072	0.25
787	2073	0.25
787	2074	0.25
787	2672	0.25
787	2673	0.25
787	2674	0.25
787	3272	0.25
787	3273	0.25
787	3274	0.25
788	788	1.0
788	2072	0.5
788	2073	0.5
788	2074	0.5
789	789	1.0
789	2672	0.5
789	2673	0.5
789	2674	0.5
790	790	1.0
790	3272	0.5
790	3273	0.5
790	3274	0.5
791	791	1.0
791	1475	0.5
791	1476	0.5
791	1477	0.5
791	2075	0.25
791	2076	0.25
791	2077	0.25
791	2675	0.25
791	2676	0.25
791	2677	0.25
791	3275	0.25
791	3276	0.25
791	3277	0.25
792	792	1.0
792	1475	0.5
792	1476	0.5
792	1477	0.5
792	2075	0.25
792	2076	0.25
792	2077	0.25
792	2675	0.25
792	2676	0.25
792	2677	0.25
792	3275	0.25
792	3276	0.25
792	3277	0.25
793	793	1.0
793	2075	0.5
793	2076	0.5
793	2077	0.5
794	794	1.0
794	2675	0.5
794	2676	0.5
794	2677	0.5
795	795	1.0
795	3275	0.5
795	3276	0.5
795	3277	0.5
796	796	1.0
796	1478	0.5
796	1479	0.5
796	1480	0.5
796	2078	0.25
796	2079	0.25
796	2080	0.25
796	2678	0.25
796	2679	0.25
796	2680	0.25
796	3278	0.25
796	3279	0.25
796	3280	0.25
797	797	1.0
797	1478	0.5
797	1479	0.5
797	1480	0.5
797	2078	0.25
797	2079	0.25
797	2080	0.25
797	2678	0.25
797	2679	0.25
797	2680	0.25
797	3278	0.25
797	3279	0.25
797	3280	0.25
798	798	1.0
798	2078	0.5
798	2079	0.5
798	2080	0.5
799	799	1.0
799	2678	0.5
799	2679	0.5
799	2680	0.5
800	800	1.0
800	3278	0.5
800	3279	0.5
800	3280	0.5
801	801	1.0
801	1481	0.5
801	1482	0.5
801	1483	0.5
801	2081	0.25
801	2082	0.25
801	2083	0.25
801	2681	0.25
801	2682	0.25
801	2683	0.25
801	3281	0.25
801	3282	0.25
801	3283	0.25
802	802	1.0
802	1481	0.5
802	1482	0.5
802	1483	0.5
802	2081	0.25
802	2082	0.25
802	2083	0.25
802	2681	0.25
802	2682	0.25
802	2683	0.25
802	3281	0.25
802	3282	0.25
802	3283	0.25
803	803	1.0
803	2081	0.5
803	2082	0.5
803	2083	0.5
804	804	1.0
804	2681	0.5
804	2682	0.5
804	2683	0.5
805	805	1.0
805	3281	0.5
805	3282	0.5
805	3283	0.5
806	806	1.0
806	1484	0.5
806	1485	0.5
806	1486	0.5
806	2084	0.25
806	2085	0.25
806	2086	0.25
806	2684	0.25
806	2685	0.25
806	2686	0.25
806	3284	0.25
806	3285	0.25
806	3286	0.25
807	807	1.0
807	1484	0.5
807	1485	0.5
807	1486	0.5
807	2084	0.25
807	2085	0.25
807	2086	0.25
807	2684	0.25
807	2685	0.25
807	2686	0.25
807	3284	0.25
807	3285	0.25
807	3286	0.25
808	808	1.0
808	2084	0.5
808	2085	0.5
808	2086	0.5
809	809	1.0
809	2684	0.5
809	2685	0.5
809	2686	0.5
810	810	1.0
810	3284	0.5
810	3285	0.5
810	3286	0.5
811	811	1.0
811	1487	0.5
811	1488	0.5
811	1489	0.5
811	2087	0.25
811	2088	0.25
811	2089	0.25
811	2687	0.25
811	2688	0.25
811	2689	0.25
811	3287	0.25
811	3288	0.25
811	3289	0.25
812	812	1.0
812	1487	0.5
812	1488	0.5
812	1489	0.5
812	2087	0.25
812	2088	0.25
812	2089	0.25
812	2687	0.25
812	2688	0.25
812	2689	0.25
812	3287	0.25
812	3288	0.25
812	3289	0.25
813	813	1.0
813	2087	0.5
813	2088	0.5
813	2089	0.5
814	814	1.0
814	2687	0.5
814	2688	0.5
814	2689	0.5
815	815	1.0
815	3287	0.5
815	3288	0.5
815	3289	0.5
816	816	1.0
816	1490	0.5
816	1491	0.5
816	1492	0.5
816	2090	0.25
816	2091	0.25
816	2092	0.25
816	2690	0.25
816	2691	0.25
816	2692	0.25
816	3290	0.25
816	3291	0.25
816	3292	0.25
817	817	1.0
817	1490	0.5
817	1491	0.5
817	1492	0.5
817	2090	0.25
817	2091	0.25
817	2092	0.25
817	2690	0.25
817	2691	0.25
817	2692	0.25
817	3290	0.25
817	3291	0.25
817	3292	0.25
818	818	1.0
818	2090	0.5
818	2091	0.5
818	2092	0.5
819	819	1.0
819	2690	0.5
819	2691	0.5
819	2692	0.5
820	820	1.0
820	3290	0.5
820	3291	0.5
820	3292	0.5
821	821	1.0
821	1493	0.5
821	1494	0.5
821	1495	0.5
821	2093	0.25
821	2094	0.25
821	2095	0.25
821	2693	0.25
821	2694	0.25
821	2695	0.25
821	3293	0.25
821	3294	0.25
821	3295	0.25
822	822	1.0
822	1493	0.5
822	1494	0.5
822	1495	0.5
822	2093	0.25
822	2094	0.25
822	2095	0.25
822	2693	0.25
822	2694	0.25
822	2695	0.25
822	3293	0.25
822	3294	0.25
822	3295	0.25
823	823	1.0
823	2093	0.5
823	2094	0.5
823	2095	0.5
824	824	1.0
824	2693	0.5
824	2694	0.5
824	2695	0.5
825	825	1.0
825	3293	0.5
825	3294	0.5
825	3295	0.5
826	826	1.0
826	1496	0.5
826	1497	0.5
826	1498	0.5
826	2096	0.25
826	2097	0.25
826	2098	0.25
826	2696	0.25
826	2697	0.25
826	2698	0.25
826	3296	0.25
826	3297	0.25
826	3298	0.25
827	827	1.0
827	1496	0.5
827	1497	0.5
827	1498	0.5
827	2096	0.25
827	2097	0.25
827	2098	0.25
827	2696	0.25
827	2697	0.25
827	2698	0.25
827	3296	0.25
827	3297	0.25
827	3298	0.25
828	828	1.0
828	2096	0.5
828	2097	0.5
828	2098	0.5
829	829	1.0
829	2696	0.5
829	2697	0.5
829	2698	0.5
830	830	1.0
830	3296	0.5
830	3297	0.5
830	3298	0.5
831	831	1.0
831	1499	0.5
831	1500	0.5
831	1501	0.5
831	2099	0.25
831	2100	0.25
831	2101	0.25
831	2699	0.25
831	2700	0.25
831	2701	0.25
831	3299	0.25
831	3300	0.25
831	3301	0.25
832	832	1.0
832	1499	0.5
832	1500	0.5
832	1501	0.5
832	2099	0.25
832	2100	0.25
832	2101	0.25
832	2699	0.25
832	2700	0.25
832	2701	0.25
832	3299	0.25
832	3300	0.25
832	3301	0.25
833	833	1.0
833	2099	0.5
833	2100	0.5
833	2101	0.5
834	834	1.0
834	2699	0.5
834	2700	0.5
834	2701	0.5
835	835	1.0
835	3299	0.5
835	3300	0.5
835	3301	0.5
836	836	1.0
836	1502	0.5
836	1503	0.5
836	1504	0.5
836	2102	0.25
836	2103	0.25
836	2104	0.25
836	2702	0.25
836	2703	0.25
836	2704	0.25
836	3302	0.25
836	3303	0.25
836	3304	0.25
837	837	1.0
837	1502	0.5
837	1503	0.5
837	1504	0.5
837	2102	0.25
837	2103	0.25
837	2104	0.25
837	2702	0.25
837	2703	0.25
837	2704	0.25
837	3302	0.25
837	3303	0.25
837	3304	0.25
838	838	1.0
838	2102	0.5
838	2103	0.5
838	2104	0.5
839	839	1.0
839	2702	0.5
839	2703	0.5
839	2704	0.5
840	840	1.0
840	3302	0.5
840	3303	0.5
840	3304	0.5
841	841	1.0
841	1505	0.5
841	1506	0.5
841	1507	0.5
841	2105	0.25
841	2106	0.25
841	2107	0.25
841	2705	0.25
841	2706	0.25
841	2707	0.25
841	3305	0.25
841	3306	0.25
841	3307	0.25
842	842	1.0
842	1505	0.5
842	1506	0.5
842	1507	0.5
842	2105	0.25
842	2106	0.25
842	2107	0.25
842	2705	0.25
842	2706	0.25
842	2707	0.25
842	3305	0.25
842	3306	0.25
842	3307	0.25
843	843	1.0
843	2105	0.5
843	2106	0.5
843	2107	0.5
844	844	1.0
844	2705	0.5
844	2706	0.5
844	2707	0.5
845	845	1.0
845	3305	0.5
845	3306	0.5
845	3307	0.5
846	846	1.0
846	1508	0.5
846	1509	0.5
846	1510	0.5
846	2108	0.25
846	2109	0.25
846	2110	0.25
846	2708	0.25
846	2709	0.25
846	2710	0.25
846	3308	0.25
846	3309	0.25
846	3310	0.25
847	847	1.0
847	1508	0.5
847	1509	0.5
847	1510	0.5
847	2108	0.25
847	2109	0.25
847	2110	0.25
847	2708	0.25
847	2709	0.25
847	2710	0.25
847	3308	0.25
847	3309	0.25
847	3310	0.25
848	848	1.0
848	2108	0.5
848	2109	0.5
848	2110	0.5
849	849	1.0
849	2708	0.5
849	2709	0.5
849	2710	0.5
850	850	1.0
850	3308	0.5
850	3309	0.5
850	3310	0.5
851	851	1.0
851	1511	0.5
851	1512	0.5
851	1513	0.5
851	2111	0.25
851	2112	0.25
851	2113	0.25
851	2711	0.25
851	2712	0.25
851	2713	0.25
851	3311	0.25
851	3312	0.25
851	3313	0.25
852	852	1.0
852	1511	0.5
852	1512	0.5
852	1513	0.5
852	2111	0.25
852	2112	0.25
852	2113	0.25
852	2711	0.25
852	2712	0.25
852	2713	0.25
852	3311	0.25
852	3312	0.25
852	3313	0.25
853	853	1.0
853	2111	0.5
853	2112	0.5
853	2113	0.5
854	854	1.0
854	2711	0.5
854	2712	0.5
854	2713	0.5
855	855	1.0
855	3311	0.5
855	3312	0.5
855	3313	0.5
856	856	1.0
856	1514	0.5
856	1515	0.5
856	1516	0.5
856	2114	0.25
856	2115	0.25
856	2116	0.25
856	2714	0.25
856	2715	0.25
856	2716	0.25
856	3314	0.25
856	3315	0.25
856	3316	0.25
857	857	1.0
857	1514	0.5
857	1515	0.5
857	1516	0.5
857	2114	0.25
857	2115	0.25
857	2116	0.25
857	2714	0.25
857	2715	0.25
857	2716	0.25
857	3314	0.25
857	3315	0.25
857	3316	0.25
858	858	1.0
858	2114	0.5
858	2115	0.5
858	2116	0.5
859	859	1.0
859	2714	0.5
859	2715	0.5
859	2716	0.5
860	860	1.0
860	3314	0.5
860	3315	0.5
860	3316	0.5
861	861	1.0
861	1517	0.5
861	1518	0.5
861	1519	0.5
861	2117	0.25
861	2118	0.25
861	2119	0.25
861	2717	0.25
861	2718	0.25
861	2719	0.25
861	3317	0.25
861	3318	0.25
861	3319	0.25
862	862	1.0
862	1517	0.5
862	1518	0.5
862	1519	0.5
862	2117	0.25
862	2118	0.25
862	2119	0.25
862	2717	0.25
862	2718	0.25
862	2719	0.25
862	3317	0.25
862	3318	0.25
862	3319	0.25
863	863	1.0
863	2117	0.5
863	2118	0.5
863	2119	0.5
864	864	1.0
864	2717	0.5
864	2718	0.5
864	2719	0.5
865	865	1.0
865	3317	0.5
865	3318	0.5
865	3319	0.5
866	866	1.0
866	1520	0.5
866	1521	0.5
866	1522	0.5
866	2120	0.25
866	2121	0.25
866	2122	0.25
866	2720	0.25
866	2721	0.25
866	2722	0.25
866	3320	0.25
866	3321	0.25
866	3322	0.25
867	867	1.0
867	1520	0.5
867	1521	0.5
867	1522	0.5
867	2120	0.25
867	2121	0.25
867	2122	0.25
867	2720	0.25
867	2721	0.25
867	2722	0.25
867	3320	0.25
867	3321	0.25
867	3322	0.25
868	868	1.0
868	2120	0.5
868	2121	0.5
868	2122	0.5
869	869	1.0
869	2720	0.5
869	2721	0.5
869	2722	0.5
870	870	1.0
870	3320	0.5
870	3321	0.5
870	3322	0.5
871	871	1.0
871	1523	0.5
871	1524	0.5
871	1525	0.5
871	2123	0.25
871	2124	0.25
871	2125	0.25
871	2723	0.25
871	2724	0.25
871	2725	0.25
871	3323	0.25
871	3324	0.25
871	3325	0.25
872	872	1.0
872	1523	0.5
872	1524	0.5
872	1525	0.5
872	2123	0.25
872	2124	0.25
872	2125	0.25
872	2723	0.25
872	2724	0.25
872	2725	0.25
872	3323	0.25
872	3324	0.25
872	3325	0.25
873	873	1.0
873	2123	0.5
873	2124	0.5
873	2125	0.5
874	874	1.0
874	2723	0.5
874	2724	0.5
874	2725	0.5
875	875	1.0
875	3323	0.5
875	3324	0.5
875	3325	0.5
876	876	1.0
876	1526	0.5
876	1527	0.5
876	1528	0.5
876	2126	0.25
876	2127	0.25
876	2128	0.25
876	2726	0.25
876	2727	0.25
876	2728	0.25
876	3326	0.25
876	3327	0.25
876	3328	0.25
877	877	1.0
877	1526	0.5
877	1527	0.5
877	1528	0.5
877	2126	0.25
877	2127	0.25
877	2128	0.25
877	2726	0.25
877	2727	0.25
877	2728	0.25
877	3326	0.25
877	3327	0.25
877	3328	0.25
878	878	1.0
878	2126	0.5
878	2127	0.5
878	2128	0.5
879	879	1.0
879	2726	0.5
879	2727	0.5
879	2728	0.5
880	880	1.0
880	3326	0.5
880	3327	0.5
880	3328	0.5
881	881	1.0
881	1529	0.5
881	1530	0.5
881	1531	0.5
881	2129	0.25
881	2130	0.25
881	2131	0.25
881	2729	0.25
881	2730	0.25
881	2731	0.25
881	3329	0.25
881	3330	0.25
881	3331	0.25
882	882	1.0
882	1529	0.5
882	1530	0.5
882	1531	0.5
882	2129	0.25
882	2130	0.25
882	2131	0.25
882	2729	0.25
882	2730	0.25
882	2731	0.25
882	3329	0.25
882	3330	0.25
882	3331	0.25
883	883	1.0
883	2129	0.5
883	2130	0.5
883	2131	0.5
884	884	1.0
884	2729	0.5
884	2730	0.5
884	2731	0.5
885	885	1.0
885	3329	0.5
885	3330	0.5
885	3331	0.5
886	886	1.0
886	1532	0.5
886	1533	0.5
886	1534	0.5
886	2132	0.25
886	2133	0.25
886	2134	0.25
886	2732	0.25
886	2733	0.25
886	2734	0.25
886	3332	0.25
886	3333	0.25
886	3334	0.25
887	887	1.0
887	1532	0.5
887	1533	0.5
887	1534	0.5
887	2132	0.25
887	2133	0.25
887	2134	0.25
887	2732	0.25
887	2733	0.25
887	2734	0.25
887	3332	0.25
887	3333	0.25
887	3334	0.25
888	888	1.0
888	2132	0.5
888	2133	0.5
888	2134	0.5
889	889	1.0
889	2732	0.5
889	2733	0.5
889	2734	0.5
890	890	1.0
890	3332	0.5
890	3333	0.5
890	3334	0.5
891	891	1.0
891	1535	0.5
891	1536	0.5
891	1537	0.5
891	2135	0.25
891	2136	0.25
891	2137	0.25
891	2735	0.25
891	2736	0.25
891	2737	0.25
891	3335	0.25
891	3336	0.25
891	3337	0.25
892	892	1.0
892	1535	0.5
892	1536	0.5
892	1537	0.5
892	2135	0.25
892	2136	0.25
892	2137	0.25
892	2735	0.25
892	2736	0.25
892	2737	0.25
892	3335	0.25
892	3336	0.25
892	3337	0.25
893	893	1.0
893	2135	0.5
893	2136	0.5
893	2137	0.5
894	894	1.0
894	2735	0.5
894	2736	0.5
894	2737	0.5
895	895	1.0
895	3335	0.5
895	3336	0.5
895	3337	0.5
896	896	1.0
896	1538	0.5
896	1539	0.5
896	1540	0.5
896	2138	0.25
896	2139	0.25
896	2140	0.25
896	2738	0.25
896	2739	0.25
896	2740	0.25
896	3338	0.25
896	3339	0.25
896	3340	0.25
897	897	1.0
897	1538	0.5
897	1539	0.5
897	1540	0.5
897	2138	0.25
897	2139	0.25
897	2140	0.25
897	2738	0.25
897	2739	0.25
897	2740	0.25
897	3338	0.25
897	3339	0.25
897	3340	0.25
898	898	1.0
898	2138	0.5
898	2139	0.5
898	2140	0.5
899	899	1.0
899	2738	0.5
899	2739	0.5
899	2740	0.5
900	900	1.0
900	3338	0.5
900	3339	0.5
900	3340	0.5
901	901	1.0
901	1541	0.5
901	1542	0.5
901	1543	0.5
901	2141	0.25
901	2142	0.25
901	2143	0.25
901	2741	0.25
901	2742	0.25
901	2743	0.25
901	3341	0.25
901	3342	0.25
901	3343	0.25
902	902	1.0
902	1541	0.5
902	1542	0.5
902	1543	0.5
902	2141	0.25
902	2142	0.25
902	2143	0.25
902	2741	0.25
902	2742	0.25
902	2743	0.25
902	3341	0.25
902	3342	0.25
902	3343	0.25
903	903	1.0
903	2141	0.5
903	2142	0.5
903	2143	0.5
904	904	1.0
904	2741	0.5
904	2742	0.5
904	2743	0.5
905	905	1.0
905	3341	0.5
905	3342	0.5
905	3343	0.5
906	906	1.0
906	1544	0.5
906	1545	0.5
906	1546	0.5
906	2144	0.25
906	2145	0.25
906	2146	0.25
906	2744	0.25
906	2745	0.25
906	2746	0.25
906	3344	0.25
906	3345	0.25
906	3346	0.25
907	907	1.0
907	1544	0.5
907	1545	0.5
907	1546	0.5
907	2144	0.25
907	2145	0.25
907	2146	0.25
907	2744	0.25
907	2745	0.25
907	2746	0.25
907	3344	0.25
907	3345	0.25
907	3346	0.25
908	908	1.0
908	2144	0.5
908	2145	0.5
908	2146	0.5
909	909	1.0
909	2744	0.5
909	2745	0.5
909	2746	0.5
910	910	1.0
910	3344	0.5
910	3345	0.5
910	3346	0.5
911	911	1.0
911	1547	0.5
911	1548	0.5
911	1549	0.5
911	2147	0.25
911	2148	0.25
911	2149	0.25
911	2747	0.25
911	2748	0.25
911	2749	0.25
911	3347	0.25
911	3348	0.25
911	3349	0.25
912	912	1.0
912	1547	0.5
912	1548	0.5
912	1549	0.5
912	2147	0.25
912	2148	0.25
912	2149	0.25
912	2747	0.25
912	2748	0.25
912	2749	0.25
912	3347	0.25
912	3348	0.25
912	3349	0.25
913	913	1.0
913	2147	0.5
913	2148	0.5
913	2149	0.5
914	914	1.0
914	2747	0.5
914	2748	0.5
914	2749	0.5
915	915	1.0
915	3347	0.5
915	3348	0.5
915	3349	0.5
916	916	1.0
916	1550	0.5
916	1551	0.5
916	1552	0.5
916	2150	0.25
916	2151	0.25
916	2152	0.25
916	2750	0.25
916	2751	0.25
916	2752	0.25
916	3350	0.25
916	3351	0.25
916	3352	0.25
917	917	1.0
917	1550	0.5
917	1551	0.5
917	1552	0.5
917	2150	0.25
917	2151	0.25
917	2152	0.25
917	2750	0.25
917	2751	0.25
917	2752	0.25
917	3350	0.25
917	3351	0.25
917	3352	0.25
918	918	1.0
918	2150	0.5
918	2151	0.5
918	2152	0.5
919	919	1.0
919	2750	0.5
919	2751	0.5
919	2752	0.5
920	920	1.0
920	3350	0.5
920	3351	0.5
920	3352	0.5
921	921	1.0
921	1553	0.5
921	1554	0.5
921	1555	0.5
921	2153	0.25
921	2154	0.25
921	2155	0.25
921	2753	0.25
921	2754	0.25
921	2755	0.25
921	3353	0.25
921	3354	0.25
921	3355	0.25
922	922	1.0
922	1553	0.5
922	1554	0.5
922	1555	0.5
922	2153	0.25
922	2154	0.25
922	2155	0.25
922	2753	0.25
922	2754	0.25
922	2755	0.25
922	3353	0.25
922	3354	0.25
922	3355	0.25
923	923	1.0
923	2153	0.5
923	2154	0.5
923	2155	0.5
924	924	1.0
924	2753	0.5
924	2754	0.5
924	2755	0.5
925	925	1.0
925	3353	0.5
925	3354	0.5
925	3355	0.5
926	926	1.0
926	1556	0.5
926	1557	0.5
926	1558	0.5
926	2156	0.25
926	2157	0.25
926	2158	0.25
926	2756	0.25
926	2757	0.25
926	2758	0.25
926	3356	0.25
926	3357	0.25
926	3358	0.25
927	927	1.0
927	1556	0.5
927	1557	0.5
927	1558	0.5
927	2156	0.25
927	2157	0.25
927	2158	0.25
927	2756	0.25
927	2757	0.25
927	2758	0.25
927	3356	0.25
927	3357	0.25
927	3358	0.25
928	928	1.0
928	2156	0.5
928	2157	0.5
928	2158	0.5
929	929	1.0
929	2756	0.5
929	2757	0.5
929	2758	0.5
930	930	1.0
930	3356	0.5
930	3357	0.5
930	3358	0.5
931	931	1.0
931	1559	0.5
931	1560	0.5
931	1561	0.5
931	2159	0.25
931	2160	0.25
931	2161	0.25
931	2759	0.25
931	2760	0.25
931	2761	0.25
931	3359	0.25
931	3360	0.25
931	3361	0.25
932	932	1.0
932	1559	0.5
932	1560	0.5
932	1561	0.5
932	2159	0.25
932	2160	0.25
932	2161	0.25
932	2759	0.25
932	2760	0.25
932	2761	0.25
932	3359	0.25
932	3360	0.25
932	3361	0.25
933	933	1.0
933	2159	0.5
933	2160	0.5
933	2161	0.5
934	934	1.0
934	2759	0.5
934	2760	0.5
934	2761	0.5
935	935	1.0
935	3359	0.5
935	3360	0.5
935	3361	0.5
936	936	1.0
936	1562	0.5
936	1563	0.5
936	1564	0.5
936	2162	0.25
936	2163	0.25
936	2164	0.25
936	2762	0.25
936	2763	0.25
936	2764	0.25
936	3362	0.25
936	3363	0.25
936	3364	0.25
937	937	1.0
937	1562	0.5
937	1563	0.5
937	1564	0.5
937	2162	0.25
937	2163	0.25
937	2164	0.25
937	2762	0.25
937	2763	0.25
937	2764	0.25
937	3362	0.25
937	3363	0.25
937	3364	0.25
938	938	1.0
938	2162	0.5
938	2163	0.5
938	2164	0.5
939	939	1.0
939	2762	0.5
939	2763	0.5
939	2764	0.5
940	940	1.0
940	3362	0.5
940	3363	0.5
940	3364	0.5
941	941	1.0
941	1565	0.5
941	1566	0.5
941	1567	0.5
941	2165	0.25
941	2166	0.25
941	2167	0.25
941	2765	0.25
941	2766	0.25
941	2767	0.25
941	3365	0.25
941	3366	0.25
941	3367	0.25
942	942	1.0
942	1565	0.5
942	1566	0.5
942	1567	0.5
942	2165	0.25
942	2166	0.25
942	2167	0.25
942	2765	0.25
942	2766	0.25
942	2767	0.25
942	3365	0.25
942	3366	0.25
942	3367	0.25
943	943	1.0
943	2165	0.5
943	2166	0.5
943	2167	0.5
944	944	1.0
944	2765	0.5
944	2766	0.5
944	2767	0.5
945	945	1.0
945	3365	0.5
945	3366	0.5
945	3367	0.5
946	946	1.0
946	1568	0.5
946	1569	0.5
946	1570	0.5
946	2168	0.25
946	2169	0.25
946	2170	0.25
946	2768	0.25
946	2769	0.25
946	2770	0.25
946	3368	0.25
946	3369	0.25
946	3370	0.25
947	947	1.0
947	1568	0.5
947	1569	0.5
947	1570	0.5
947	2168	0.25
947	2169	0.25
947	2170	0.25
947	2768	0.25
947	2769	0.25
947	2770	0.25
947	3368	0.25
947	3369	0.25
947	3370	0.25
948	948	1.0
948	2168	0.5
948	2169	0.5
948	2170	0.5
949	949	1.0
949	2768	0.5
949	2769	0.5
949	2770	0.5
950	950	1.0
950	3368	0.5
950	3369	0.5
950	3370	0.5
951	951	1.0
951	1571	0.5
951	1572	0.5
951	1573	0.5
951	2171	0.25
951	2172	0.25
951	2173	0.25
951	2771	0.25
951	2772	0.25
951	2773	0.25
951	3371	0.25
951	3372	0.25
951	3373	0.25
952	952	1.0
952	1571	0.5
952	1572	0.5
952	1573	0.5
952	2171	0.25
952	2172	0.25
952	2173	0.25
952	2771	0.25
952	2772	0.25
952	2773	0.25
952	3371	0.25
952	3372	0.25
952	3373	0.25
953	953	1.0
953	2171	0.5
953	2172	0.5
953	2173	0.5
954	954	1.0
954	2771	0.5
954	2772	0.5
954	2773	0.5
955	955	1.0
955	3371	0.5
955	3372	0.5
955	3373	0.5
956	956	1.0
956	1574	0.5
956	1575	0.5
956	1576	0.5
956	2174	0.25
956	2175	0.25
956	2176	0.25
956	2774	0.25
956	2775	0.25
956	2776	0.25
956	3374	0.25
956	3375	0.25
956	3376	0.25
957	957	1.0
957	1574	0.5
957	1575	0.5
957	1576	0.5
957	2174	0.25
957	2175	0.25
957	2176	0.25
957	2774	0.25
957	2775	0.25
957	2776	0.25
957	3374	0.25
957	3375	0.25
957	3376	0.25
958	958	1.0
958	2174	0.5
958	2175	0.5
958	2176	0.5
959	959	1.0
959	2774	0.5
959	2775	0.5
959	2776	0.5
960	960	1.0
960	3374	0.5
960	3375	0.5
960	3376	0.5
961	961	1.0
961	1577	0.5
961	1578	0.5
961	1579	0.5
961	2177	0.25
961	2178	0.25
961	2179	0.25
961	2777	0.25
961	2778	0.25
961	2779	0.25
961	3377	0.25
961	3378	0.25
961	3379	0.25
962	962	1.0
962	1577	0.5
962	1578	0.5
962	1579	0.5
962	2177	0.25
962	2178	0.25
962	2179	0.25
962	2777	0.25
962	2778	0.25
962	2779	0.25
962	3377	0.25
962	3378	0.25
962	3379	0.25
963	963	1.0
963	2177	0.5
963	2178	0.5
963	2179	0.5
964	964	1.0
964	2777	0.5
964	2778	0.5
964	2779	0.5
965	965	1.0
965	3377	0.5
965	3378	0.5
965	3379	0.5
966	966	1.0
966	1580	0.5
966	1581	0.5
966	1582	0.5
966	2180	0.25
966	2181	0.25
966	2182	0.25
966	2780	0.25
966	2781	0.25
966	2782	0.25
966	3380	0.25
966	3381	0.25
966	3382	0.25
967	967	1.0
967	1580	0.5
967	1581	0.5
967	1582	0.5
967	2180	0.25
967	2181	0.25
967	2182	0.25
967	2780	0.25
967	2781	0.25
967	2782	0.25
967	3380	0.25
967	3381	0.25
967	3382	0.25
968	968	1.0
968	2180	0.5
968	2181	0.5
968	2182	0.5
969	969	1.0
969	2780	0.5
969	2781	0.5
969	2782	0.5
970	970	1.0
970	3380	0.5
970	3381	0.5
970	3382	0.5
971	971	1.0
971	1583	0.5
971	1584	0.5
971	1585	0.5
971	2183	0.25
971	2184	0.25
971	2185	0.25
971	2783	0.25
971	2784	0.25
971	2785	0.25
971	3383	0.25
971	3384	0.25
971	3385	0.25
972	972	1.0
972	1583	0.5
972	1584	0.5
972	1585	0.5
972	2183	0.25
972	2184	0.25
972	2185	0.25
972	2783	0.25
972	2784	0.25
972	2785	0.25
972	3383	0.25
972	3384	0.25
972	3385	0.25
973	973	1.0
973	2183	0.5
973	2184	0.5
973	2185	0.5
974	974	1.0
974	2783	0.5
974	2784	0.5
974	2785	0.5
975	975	1.0
975	3383	0.5
975	3384	0.5
975	3385	0.5
976	976	1.0
976	1586	0.5
976	1587	0.5
976	1588	0.5
976	2186	0.25
976	2187	0.25
976	2188	0.25
976	2786	0.25
976	2787	0.25
976	2788	0.25
976	3386	0.25
976	3387	0.25
976	3388	0.25
977	977	1.0
977	1586	0.5
977	1587	0.5
977	1588	0.5
977	2186	0.25
977	2187	0.25
977	2188	0.25
977	2786	0.25
977	2787	0.25
977	2788	0.25
977	3386	0.25
977	3387	0.25
977	3388	0.25
978	978	1.0
978	2186	0.5
978	2187	0.5
978	2188	0.5
979	979	1.0
979	2786	0.5
979	2787	0.5
979	2788	0.5
980	980	1.0
980	3386	0.5
980	3387	0.5
980	3388	0.5
981	981	1.0
981	1589	0.5
981	1590	0.5
981	1591	0.5
981	2189	0.25
981	2190	0.25
981	2191	0.25
981	2789	0.25
981	2790	0.25
981	2791	0.25
981	3389	0.25
981	3390	0.25
981	3391	0.25
982	982	1.0
982	1589	0.5
982	1590	0.5
982	1591	0.5
982	2189	0.25
982	2190	0.25
982	2191	0.25
982	2789	0.25
982	2790	0.25
982	2791	0.25
982	3389	0.25
982	3390	0.25
982	3391	0.25
983	983	1.0
983	2189	0.5
983	2190	0.5
983	2191	0.5
984	984	1.0
984	2789	0.5
984	2790	0.5
984	2791	0.5
985	985	1.0
985	3389	0.5
985	3390	0.5
985	3391	0.5
986	986	1.0
986	1592	0.5
986	1593	0.5
986	1594	0.5
986	2192	0.25
986	2193	0.25
986	2194	0.25
986	2792	0.25
986	2793	0.25
986	2794	0.25
986	3392	0.25
986	3393	0.25
986	3394	0.25
987	987	1.0
987	1592	0.5
987	1593	0.5
987	1594	0.5
987	2192	0.25
987	2193	0.25
987	2194	0.25
987	2792	0.25
987	2793	0.25
987	2794	0.25
987	3392	0.25
987	3393	0.25
987	3394	0.25
988	988	1.0
988	2192	0.5
988	2193	0.5
988	2194	0.5
989	989	1.0
989	2792	0.5
989	2793	0.5
989	2794	0.5
990	990	1.0
990	3392	0.5
990	3393	0.5
990	3394	0.5
991	991	1.0
991	1595	0.5
991	1596	0.5
991	1597	0.5
991	2195	0.25
991	2196	0.25
991	2197	0.25
991	2795	0.25
991	2796	0.25
991	2797	0.25
991	3395	0.25
991	3396	0.25
991	3397	0.25
992	992	1.0
992	1595	0.5
992	1596	0.5
992	1597	0.5
992	2195	0.25
992	2196	0.25
992	2197	0.25
992	2795	0.25
992	2796	0.25
992	2797	0.25
992	3395	0.25
992	3396	0.25
992	3397	0.25
993	993	1.0
993	2195	0.5
993	2196	0.5
993	2197	0.5
994	994	1.0
994	2795	0.5
994	2796	0.5
994	2797	0.5
995	995	1.0
995	3395	0.5
995	3396	0.5
995	3397	0.5
996	996	1.0
996	1598	0.5
996	1599	0.5
996	1600	0.5
996	2198	0.25
996	2199	0.25
996	2200	0.25
996	2798	0.25
996	2799	0.25
996	2800	0.25
996	3398	0.25
996	3399	0.25
996	3400	0.25
997	997	1.0
997	1598	0.5
997	1599	0.5
997	1600	0.5
997	2198	0.25
997	2199	0.25
997	2200	0.25
997	2798	0.25
997	2799	0.25
997	2800	0.25
997	3398	0.25
997	3399	0.25
997	3400	0.25
998	998	1.0
998	2198	0.5
998	2199	0.5
998	2200	0.5
999	999	1.0
999	2798	0.5
999	2799	0.5
999	2800	0.5
1000	1000	1.0
1000	3398	0.5
1000	3399	0.5
1000	3400	0.5
1001	1001	1.0
1001	1002	0.5
1001	1003	0.5
1001	1601	0.5
1001	1602	0.5
1001	1603	0.5
1001	2201	0.25
1001	2202	0.25
1001	2203	0.25
1001	2801	0.25
1001	2802	0.25
1001	2803	0.25
1002	1002	1.0
1002	1003	0.5
1002	1601	0.25
1002	1602	0.25
1002	1603	0.25
1002	2201	0.5
1002	2202	0.5
1002	2203	0.5
1002	2801	0.25
1002	2802	0.25
1002	2803	0.25
1003	1003	1.0
1003	1601	0.25
1003	1602	0.25
1003	1603	0.25
1003	2201	0.25
1003	2202	0.25
1003	2203	0.25
1003	2801	0.5
1003	2802	0.5
1003	2803	0.5
1004	1004	1.0
1004	1005	0.5
1004	1006	0.5
1004	1604	0.5
1004	1605	0.5
1004	1606	0.5
1004	2204	0.25
1004	2205	0.25
1004	2206	0.25
1004	2804	0.25
1004	2805	0.25
1004	2806	0.25
1005	1005	1.0
1005	1006	0.5
1005	1604	0.25
1005	1605	0.25
1005	1606	0.25
1005	2204	0.5
1005	2205	0.5
1005	2206	0.5
1005	2804	0.25
1005	2805	0.25
1005	2806	0.25
1006	1006	1.0
1006	1604	0.25
1006	1605	0.25
1006	1606	0.25
1006	2204	0.25
1006	2205	0.25
1006	2206	0.25
1006	2804	0.5
1006	2805	0.5
1006	2806	0.5
1007	1007	1.0
1007	1008	0.5
1007	1009	0.5
1007	1607	0.5
1007	1608	0.5
1007	1609	0.5
1007	2207	0.25
1007	2208	0.25
1007	2209	0.25
1007	2807	0.25
1007	2808	0.25
1007	2809	0.25
1008	1008	1.0
1008	1009	0.5
1008	1607	0.25
1008	1608	0.25
1008	1609	0.25
1008	2207	0.5
1008	2208	0.5
1008	2209	0.5
1008	2807	0.25
1008	2808	0.25
1008	2809	0.25
1009	1009	1.0
1009	1607	0.25
1009	1608	0.25
1009	1609	0.25
1009	2207	0.25
1009	2208	0.25
1009	2209	0.25
1009	2807	0.5
1009	2808	0.5
1009	2809	0.5
1010	1010	1.0
1010	1011	0.5
1010	1012	0.5
1010	1610	0.5
1010	1611	0.5
1010	1612	0.5
1010	2210	0.25
1010	2211	0.25
1010	2212	0.25
1010	2810	0.25
1010	2811	0.25
1010	2812	0.25
1011	1011	1.0
1011	1012	0.5
1011	1610	0.25
1011	1611	0.25
1011	1612	0.25
1011	2210	0.5
1011	2211	0.5
1011	2212	0.5
1011	2810	0.25
1011	2811	0.25
1011	2812	0.25
1012	1012	1.0
1012	1610	0.25
1012	1611	0.25
1012	1612	0.25
1012	2210	0.25
1012	2211	0.25
1012	2212	0.25
1012	2810	0.5
1012	2811	0.5
1012	2812	0.5
1013	1013	1.0
1013	1014	0.5
1013	1015	0.5
1013	1613	0.5
1013	1614	0.5
1013	1615	0.5
1013	2213	0.25
1013	2214	0.25
1013	2215	0.25
1013	2813	0.25
1013	2814	0.25
1013	2815	0.25
1014	1014	1.0
1014	1015	0.5
1014	1613	0.25
1014	1614	0.25
1014	1615	0.25
1014	2213	0.5
1014	2214	0.5
1014	2215	0.5
1014	2813	0.25
1014	2814	0.25
1014	2815	0.25
1015	1015	1.0
1015	1613	0.25
1015	1614	0.25
1015	1615	0.25
1015	2213	0.25
1015	2214	0.25
1015	2215	0.25
1015	2813	0.5
1015	2814	0.5
1015	2815	0.5
1016	1016	1.0
1016	1017	0.5
1016	1018	0.5
1016	1616	0.5
1016	1617	0.5
1016	1618	0.5
1016	2216	0.25
1016	2217	0.25
1016	2218	0.25
1016	2816	0.25
1016	2817	0.25
1016	2818	0.25
1017	1017	1.0
1017	1018	0.5
1017	1616	0.25
1017	1617	0.25
1017	1618	0.25
1017	2216	0.5
1017	2217	0.5
1017	2218	0.5
1017	2816	0.25
1017	2817	0.25
1017	2818	0.25
1018	1018	1.0
1018	1616	0.25
1018	1617	0.25
1018	1618	0.25
1018	2216	0.25
1018	2217	0.25
1018	2218	0.25
1018	2816	0.5
1018	2817	0.5
1018	2818	0.5
1019	1019	1.0
1019	1020	0.5
1019	1021	0.5
1019	1619	0.5
1019	1620	0.5
1019	1621	0.5
1019	2219	0.25
1019	2220	0.25
1019	2221	0.25
1019	2819	0.25
1019	2820	0.25
1019	2821	0.25
1020	1020	1.0
1020	1021	0.5
1020	1619	0.25
1020	1620	0.25
1020	1621	0.25
1020	2219	0.5
1020	2220	0.5
1020	2221	0.5
1020	2819	0.25
1020	2820	0.25
1020	2821	0.25
1021	1021	1.0
1021	1619	0.25
1021	1620	0.25
1021	1621	0.25
1021	2219	0.25
1021	2220	0.25
1021	2221	0.25
1021	2819	0.5
1021	2820	0.5
1021	2821	0.5
1022	1022	1.0
1022	1023	0.5
1022	1024	0.5
1022	1622	0.5
1022	1623	0.5
1022	1624	0.5
1022	2222	0.25
1022	2223	0.25
1022	2224	0.25
1022	2822	0.25
1022	2823	0.25
1022	2824	0.25
1023	1023	1.0
1023	1024	0.5
1023	1622	0.25
1023	1623	0.25
1023	1624	0.25
1023	2222	0.5
1023	2223	0.5
1023	2224	0.5
1023	2822	0.25
1023	2823	0.25
1023	2824	0.25
1024	1024	1.0
1024	1622	0.25
1024	1623	0.25
1024	1624	0.25
1024	2222	0.25
1024	2223	0.25
1024	2224	0.25
1024	2822	0.5
1024	2823	0.5
1024	2824	0.5
1025	1025	1.0
1025	1026	0.5
1025	1027	0.5
1025	1625	0.5
1025	1626	0.5
1025	1627	0.5
1025	2225	0.25
1025	2226	0.25
1025	2227	0.25
1025	2825	0.25
1025	2826	0.25
1025	2827	0.25
1026	1026	1.0
1026	1027	0.5
1026	1625	0.25
1026	1626	0.25
1026	1627	0.25
1026	2225	0.5
1026	2226	0.5
1026	2227	0.5
1026	2825	0.25
1026	2826	0.25
1026	2827	0.25
1027	1027	1.0
1027	1625	0.25
1027	1626	0.25
1027	1627	0.25
1027	2225	0.25
1027	2226	0.25
1027	2227	0.25
1027	2825	0.5
1027	2826	0.5
1027	2827	0.5
1028	1028	1.0
1028	1029	0.5
1028	1030	0.5
1028	1628	0.5
1028	1629	0.5
1028	1630	0.5
1028	2228	0.25
1028	2229	0.25
1028	2230	0.25
1028	2828	0.25
1028	2829	0.25
1028	2830	0.25
1029	1029	1.0
1029	1030	0.5
1029	1628	0.25
1029	1629	0.25
1029	1630	0.25
1029	2228	0.5
1029	2229	0.5
1029	2230	0.5
1029	2828	0.25
1029	2829	0.25
1029	2830	0.25
1030	1030	1.0
1030	1628	0.25
1030	1629	0.25
1030	1630	0.25
1030	2228	0.25
1030	2229	0.25
1030	2230	0.25
1030	2828	0.5
1030	2829	0.5
1030	2830	0.5
1031	1031	1.0
1031	1032	0.5
1031	1033	0.5
1031	1631	0.5
1031	1632	0.5
1031	1633	0.5
1031	2231	0.25
1031	2232	0.25
1031	2233	0.25
1031	2831	0.25
1031	2832	0.25
1031	2833	0.25
1032	1032	1.0
1032	1033	0.5
1032	1631	0.25
1032	1632	0.25
1032	1633	0.25
1032	2231	0.5
1032	2232	0.5
1032	2233	0.5
1032	2831	0.25
1032	2832	0.25
1032	2833	0.25
1033	1033	1.0
1033	1631	0.25
1033	1632	0.25
1033	1633	0.25
1033	2231	0.25
1033	2232	0.25
1033	2233	0.25
1033	2831	0.5
1033	2832	0.5
1033	2833	0.5
1034	1034	1.0
1034	1035	0.5
1034	1036	0.5
1034	1634	0.5
1034	1635	0.5
1034	1636	0.5
1034	2234	0.25
1034	2235	0.25
1034	2236	0.25
1034	2834	0.25
1034	2835	0.25
1034	2836	0.25
1035	1035	1.0
1035	1036	0.5
1035	1634	0.25
1035	1635	0.25
1035	1636	0.25
1035	2234	0.5
1035	2235	0.5
1035	2236	0.5
1035	2834	0.25
1035	2835	0.25
1035	2836	0.25
1036	1036	1.0
1036	1634	0.25
1036	1635	0.25
1036	1636	0.25
1036	2234	0.25
1036	2235	0.25
1036	2236	0.25
1036	2834	0.5
1036	2835	0.5
1036	2836	0.5
1037	1037	1.0
1037	1038	0.5
1037	1039	0.5
1037	1637	0.5
1037	1638	0.5
1037	1639	0.5
1037	2237	0.25
1037	2238	0.25
1037	2239	0.25
1037	2837	0.25
1037	2838	0.25
1037	2839	0.25
1038	1038	1.0
1038	1039	0.5
1038	1637	0.25
1038	1638	0.25
1038	1639	0.25
1038	2237	0.5
1038	2238	0.5
1038	2239	0.5
1038	2837	0.25
1038	2838	0.25
1038	2839	0.25
1039	1039	1.0
1039	1637	0.25
1039	1638	0.25
1039	1639	0.25
1039	2237	0.25
1039	2238	0.25
1039	2239	0.25
1039	2837	0.5
1039	2838	0.5
1039	2839	0.5
1040	1040	1.0
1040	1041	0.5
1040	1042	0.5
1040	1640	0.5
1040	1641	0.5
1040	1642	0.5
1040	2240	0.25
1040	2241	0.25
1040	2242	0.25
1040	2840	0.25
1040	2841	0.25
1040	2842	0.25
1041	1041	1.0
1041	1042	0.5
1041	1640	0.25
1041	1641	0.25
1041	1642	0.25
1041	2240	0.5
1041	2241	0.5
1041	2242	0.5
1041	2840	0.25
1041	2841	0.25
1041	2842	0.25
1042	1042	1.0
1042	1640	0.25
1042	1641	0.25
1042	1642	0.25
1042	2240	0.25
1042	2241	0.25
1042	2242	0.25
1042	2840	0.5
1042	2841	0.5
1042	2842	0.5
1043	1043	1.0
1043	1044	0.5
1043	1045	0.5
1043	1643	0.5
1043	1644	0.5
1043	1645	0.5
1043	2243	0.25
1043	2244	0.25
1043	2245	0.25
1043	2843	0.25
1043	2844	0.25
1043	2845	0.25
1044	1044	1.0
1044	1045	0.5
1044	1643	0.25
1044	1644	0.25
1044	1645	0.25
1044	2243	0.5
1044	2244	0.5
1044	2245	0.5
1044	2843	0.25
1044	2844	0.25
1044	2845	0.25
1045	1045	1.0
1045	1643	0.25
1045	1644	0.25
1045	1645	0.25
1045	2243	0.25
1045	2244	0.25
1045	2245	0.25
1045	2843	0.5
1045	2844	0.5
1045	2845	0.5
1046	1046	1.0
1046	1047	0.5
1046	1048	0.5
1046	1646	0.5
1046	1647	0.5
1046	1648	0.5
1046	2246	0.25
1046	2247	0.25
1046	2248	0.25
1046	2846	0.25
1046	2847	0.25
1046	2848	0.25
1047	1047	1.0
1047	1048	0.5
1047	1646	0.25
1047	1647	0.25
1047	1648	0.25
1047	2246	0.5
1047	2247	0.5
1047	2248	0.5
1047	2846	0.25
1047	2847	0.25
1047	2848	0.25
1048	1048	1.0
1048	1646	0.25
1048	1647	0.25
1048	1648	0.25
1048	2246	0.25
1048	2247	0.25
1048	2248	0.25
1048	2846	0.5
1048	2847	0.5
1048	2848	0.5
1049	1049	1.0
1049	1050	0.5
1049	1051	0.5
1049	1649	0.5
1049	1650	0.5
1049	1651	0.5
1049	2249	0.25
1049	2250	0.25
1049	2251	0.25
1049	2849	0.25
1049	2850	0.25
1049	2851	0.25
1050	1050	1.0
1050	1051	0.5
1050	1649	0.25
1050	1650	0.25
1050	1651	0.25
1050	2249	0.5
1050	2250	0.5
1050	2251	0.5
1050	2849	0.25
1050	2850	0.25
1050	2851	0.25
1051	1051	1.0
1051	1649	0.25
1051	1650	0.25
1051	1651	0.25
1051	2249	0.25
1051	2250	0.25
1051	2251	0.25
1051	2849	0.5
1051	2850	0.5
1051	2851	0.5
1052	1052	1.0
1052	1053	0.5
1052	1054	0.5
1052	1652	0.5
1052	1653	0.5
1052	1654	0.5
1052	2252	0.25
1052	2253	0.25
1052	2254	0.25
1052	2852	0.25
1052	2853	0.25
1052	2854	0.25
1053	1053	1.0
1053	1054	0.5
1053	1652	0.25
1053	1653	0.25
1053	1654	0.25
1053	2252	0.5
1053	2253	0.5
1053	2254	0.5
1053	2852	0.25
1053	2853	0.25
1053	2854	0.25
1054	1054	1.0
1054	1652	0.25
1054	1653	0.25
1054	1654	0.25
1054	2252	0.25
1054	2253	0.25
1054	2254	0.25
1054	2852	0.5
1054	2853	0.5
1054	2854	0.5
1055	1055	1.0
1055	1056	0.5
1055	1057	0.5
1055	1655	0.5
1055	1656	0.5
1055	1657	0.5
1055	2255	0.25
1055	2256	0.25
1055	2257	0.25
1055	2855	0.25
1055	2856	0.25
1055	2857	0.25
1056	1056	1.0
1056	1057	0.5
1056	1655	0.25
1056	1656	0.25
1056	1657	0.25
1056	2255	0.5
1056	2256	0.5
1056	2257	0.5
1056	2855	0.25
1056	2856	0.25
1056	2857	0.25
1057	1057	1.0
1057	1655	0.25
1057	1656	0.25
1057	1657	0.25
1057	2255	0.25
1057	2256	0.25
1057	2257	0.25
1057	2855	0.5
1057	2856	0.5
1057	2857	0.5
1058	1058	1.0
1058	1059	0.5
1058	1060	0.5
1058	1658	0.5
1058	1659	0.5
1058	1660	0.5
1058	2258	0.25
1058	2259	0.25
1058	2260	0.25
1058	2858	0.25
1058	2859	0.25
1058	2860	0.25
1059	1059	1.0
1059	1060	0.5
1059	1658	0.25
1059	1659	0.25
1059	1660	0.25
1059	2258	0.5
1059	2259	0.5
1059	2260	0.5
1059	2858	0.25
1059	2859	0.25
1059	2860	0.25
1060	1060	1.0
1060	1658	0.25
1060	1659	0.25
1060	1660	0.25
1060	2258	0.25
1060	2259	0.25
1060	2260	0.25
1060	2858	0.5
1060	2859	0.5
1060	2860	0.5
1061	1061	1.0
1061	1062	0.5
1061	1063	0.5
1061	1661	0.5
1061	1662	0.5
1061	1663	0.5
1061	2261	0.25
1061	2262	0.25
1061	2263	0.25
1061	2861	0.25
1061	2862	0.25
1061	2863	0.25
1062	1062	1.0
1062	1063	0.5
1062	1661	0.25
1062	1662	0.25
1062	1663	0.25
1062	2261	0.5
1062	2262	0.5
1062	2263	0.5
1062	2861	0.25
1062	2862	0.25
1062	2863	0.25
1063	1063	1.0
1063	1661	0.25
1063	1662	0.25
1063	1663	0.25
1063	2261	0.25
1063	2262	0.25
1063	2263	0.25
1063	2861	0.5
1063	2862	0.5
1063	2863	0.5
1064	1064	1.0
1064	1065	0.5
1064	1066	0.5
1064	1664	0.5
1064	1665	0.5
1064	1666	0.5
1064	2264	0.25
1064	2265	0.25
1064	2266	0.25
1064	2864	0.25
1064	2865	0.25
1064	2866	0.25
1065	1065	1.0
1065	1066	0.5
1065	1664	0.25
1065	1665	0.25
1065	1666	0.25
1065	2264	0.5
1065	2265	0.5
1065	2266	0.5
1065	2864	0.25
1065	2865	0.25
1065	2866	0.25
1066	1066	1.0
1066	1664	0.25
1066	1665	0.25
1066	1666	0.25
1066	2264	0.25
1066	2265	0.25
1066	2266	0.25
1066	2864	0.5
1066	2865	0.5
1066	2866	0.5
1067	1067	1.0
1067	1068	0.5
1067	1069	0.5
1067	1667	0.5
1067	1668	0.5
1067	1669	0.5
1067	2267	0.25
1067	2268	0.25
1067	2269	0.25
1067	2867	0.25
1067	2868	0.25
1067	2869	0.25
1068	1068	1.0
1068	1069	0.5
1068	1667	0.25
1068	1668	0.25
1068	1669	0.25
1068	2267	0.5
1068	2268	0.5
1068	2269	0.5
1068	2867	0.25
1068	2868	0.25
1068	2869	0.25
1069	1069	1.0
1069	1667	0.25
1069	1668	0.25
1069	1669	0.25
1069	2267	0.25
1069	2268	0.25
1069	2269	0.25
1069	2867	0.5
1069	2868	0.5
1069	2869	0.5
1070	1070	1.0
1070	1071	0.5
1070	1072	0.5
1070	1670	0.5
1070	1671	0.5
1070	1672	0.5
1070	2270	0.25
1070	2271	0.25
1070	2272	0.25
1070	2870	0.25
1070	2871	0.25
1070	2872	0.25
1071	1071	1.0
1071	1072	0.5
1071	1670	0.25
1071	1671	0.25
1071	1672	0.25
1071	2270	0.5
1071	2271	0.5
1071	2272	0.5
1071	2870	0.25
1071	2871	0.25
1071	2872	0.25
1072	1072	1.0
1072	1670	0.25
1072	1671	0.25
1072	1672	0.25
1072	2270	0.25
1072	2271	0.25
1072	2272	0.25
1072	2870	0.5
1072	2871	0.5
1072	2872	0.5
1073	1073	1.0
1073	1074	0.5
1073	1075	0.5
1073	1673	0.5
1073	1674	0.5
1073	1675	0.5
1073	2273	0.25
1073	2274	0.25
1073	2275	0.25
1073	2873	0.25
1073	2874	0.25
1073	2875	0.25
1074	1074	1.0
1074	1075	0.5
1074	1673	0.25
1074	1674	0.25
1074	1675	0.25
1074	2273	0.5
1074	2274	0.5
1074	2275	0.5
1074	2873	0.25
1074	2874	0.25
1074	2875	0.25
1075	1075	1.0
1075	1673	0.25
1075	1674	0.25
1075	1675	0.25
1075	2273	0.25
1075	2274	0.25
1075	2275	0.25
1075	2873	0.5
1075	2874	0.5
1075	2875	0.5
1076	1076	1.0
1076	1077	0.5
1076	1078	0.5
1076	1676	0.5
1076	1677	0.5
1076	1678	0.5
1076	2276	0.25
1076	2277	0.25
1076	2278	0.25
1076	2876	0.25
1076	2877	0.25
1076	2878	0.25
1077	1077	1.0
1077	1078	0.5
1077	1676	0.25
1077	1677	0.25
1077	1678	0.25
1077	2276	0.5
1077	2277	0.5
1077	2278	0.5
1077	2876	0.25
1077	2877	0.25
1077	2878	0.25
1078	1078	1.0
1078	1676	0.25
1078	1677	0.25
1078	1678	0.25
1078	2276	0.25
1078	2277	0.25
1078	2278	0.25
1078	2876	0.5
1078	2877	0.5
1078	2878	0.5
1079	1079	1.0
1079	1080	0.5
1079	1081	0.5
1079	1679	0.5
1079	1680	0.5
1079	1681	0.5
1079	2279	0.25
1079	2280	0.25
1079	2281	0.25
1079	2879	0.25
1079	2880	0.25
1079	2881	0.25
1080	1080	1.0
1080	1081	0.5
1080	1679	0.25
1080	1680	0.25
1080	1681	0.25
1080	2279	0.5
1080	2280	0.5
1080	2281	0.5
1080	2879	0.25
1080	2880	0.25
1080	2881	0.25
1081	1081	1.0
1081	1679	0.25
1081	1680	0.25
1081	1681	0.25
1081	2279	0.25
1081	2280	0.25
1081	2281	0.25
1081	2879	0.5
1081	2880	0.5
1081	2881	0.5
1082	1082	1.0
1082	1083	0.5
1082	1084	0.5
1082	1682	0.5
1082	1683	0.5
1082	1684	0.5
1082	2282	0.25
1082	2283	0.25
1082	2284	0.25
1082	2882	0.25
1082	2883	0.25
1082	2884	0.25
1083	1083	1.0
1083	1084	0.5
1083	1682	0.25
1083	1683	0.25
1083	1684	0.25
1083	2282	0.5
1083	2283	0.5
1083	2284	0.5
1083	2882	0.25
1083	2883	0.25
1083	2884	0.25
1084	1084	1.0
1084	1682	0.25
1084	1683	0.25
1084	1684	0.25
1084	2282	0.25
1084	2283	0.25
1084	2284	0.25
1084	2882	0.5
1084	2883	0.5
1084	2884	0.5
1085	1085	1.0
1085	1086	0.5
1085	1087	0.5
1085	1685	0.5
1085	1686	0.5
1085	1687	0.5
1085	2285	0.25
1085	2286	0.25
1085	2287	0.25
1085	2885	0.25
1085	2886	0.25
1085	2887	0.25
1086	1086	1.0
1086	1087	0.5
1086	1685	0.25
1086	1686	0.25
1086	1687	0.25
1086	2285	0.5
1086	2286	0.5
1086	2287	0.5
1086	2885	0.25
1086	2886	0.25
1086	2887	0.25
1087	1087	1.0
1087	1685	0.25
1087	1686	0.25
1087	1687	0.25
1087	2285	0.25
1087	2286	0.25
1087	2287	0.25
1087	2885	0.5
1087	2886	0.5
1087	2887	0.5
1088	1088	1.0
1088	1089	0.5
1088	1090	0.5
1088	1688	0.5
1088	1689	0.5
1088	1690	0.5
1088	2288	0.25
1088	2289	0.25
1088	2290	0.25
1088	2888	0.25
1088	2889	0.25
1088	2890	0.25
1089	1089	1.0
1089	1090	0.5
1089	1688	0.25
1089	1689	0.25
1089	1690	0.25
1089	2288	0.5
1089	2289	0.5
1089	2290	0.5
1089	2888	0.25
1089	2889	0.25
1089	2890	0.25
1090	1090	1.0
1090	1688	0.25
1090	1689	0.25
1090	1690	0.25
1090	2288	0.25
1090	2289	0.25
1090	2290	0.25
1090	2888	0.5
1090	2889	0.5
1090	2890	0.5
1091	1091	1.0
1091	1092	0.5
1091	1093	0.5
1091	1691	0.5
1091	1692	0.5
1091	1693	0.5
1091	2291	0.25
1091	2292	0.25
1091	2293	0.25
1091	2891	0.25
1091	2892	0.25
1091	2893	0.25
1092	1092	1.0
1092	1093	0.5
1092	1691	0.25
1092	1692	0.25
1092	1693	0.25
1092	2291	0.5
1092	2292	0.5
1092	2293	0.5
1092	2891	0.25
1092	2892	0.25
1092	2893	0.25
1093	1093	1.0
1093	1691	0.25
1093	1692	0.25
1093	1693	0.25
1093	2291	0.25
1093	2292	0.25
1093	2293	0.25
1093	2891	0.5
1093	2892	0.5
1093	2893	0.5
1094	1094	1.0
1094	1095	0.5
1094	1096	0.5
1094	1694	0.5
1094	1695	0.5
1094	1696	0.5
1094	2294	0.25
1094	2295	0.25
1094	2296	0.25
1094	2894	0.25
1094	2895	0.25
1094	2896	0.25
1095	1095	1.0
1095	1096	0.5
1095	1694	0.25
1095	1695	0.25
1095	1696	0.25
1095	2294	0.5
1095	2295	0.5
1095	2296	0.5
1095	2894	0.25
1095	2895	0.25
1095	2896	0.25
1096	1096	1.0
1096	1694	0.25
1096	1695	0.25
1096	1696	0.25
1096	2294	0.25
1096	2295	0.25
1096	2296	0.25
1096	2894	0.5
1096	2895	0.5
1096	2896	0.5
1097	1097	1.0
1097	1098	0.5
1097	1099	0.5
1097	1697	0.5
1097	1698	0.5
1097	1699	0.5
1097	2297	0.25
1097	2298	0.25
1097	2299	0.25
1097	2897	0.25
1097	2898	0.25
1097	2899	0.25
1098	1098	1.0
1098	1099	0.5
1098	1697	0.25
1098	1698	0.25
1098	1699	0.25
1098	2297	0.5
1098	2298	0.5
1098	2299	0.5
1098	2897	0.25
1098	2898	0.25
1098	2899	0.25
1099	1099	1.0
1099	1697	0.25
1099	1698	0.25
1099	1699	0.25
1099	2297	0.25
1099	2298	0.25
1099	2299	0.25
1099	2897	0.5
1099	2898	0.5
1099	2899	0.5
1100	1100	1.0
1100	1101	0.5
1100	1102	0.5
1100	1700	0.5
1100	1701	0.5
1100	1702	0.5
1100	2300	0.25
1100	2301	0.25
1100	2302	0.25
1100	2900	0.25
1100	2901	0.25
1100	2902	0.25
1101	1101	1.0
1101	1102	0.5
1101	1700	0.25
1101	1701	0.25
1101	1702	0.25
1101	2300	0.5
1101	2301	0.5
1101	2302	0.5
1101	2900	0.25
1101	2901	0.25
1101	2902	0.25
1102	1102	1.0
1102	1700	0.25
1102	1701	0.25
1102	1702	0.25
1102	2300	0.25
1102	2301	0.25
1102	2302	0.25
1102	2900	0.5
1102	2901	0.5
1102	2902	0.5
1103	1103	1.0
1103	1104	0.5
1103	1105	0.5
1103	1703	0.5
1103	1704	0.5
1103	1705	0.5
1103	2303	0.25
1103	2304	0.25
1103	2305	0.25
1103	2903	0.25
1103	2904	0.25
1103	2905	0.25
1104	1104	1.0
1104	1105	0.5
1104	1703	0.25
1104	1704	0.25
1104	1705	0.25
1104	2303	0.5
1104	2304	0.5
1104	2305	0.5
1104	2903	0.25
1104	2904	0.25
1104	2905	0.25
1105	1105	1.0
1105	1703	0.25
1105	1704	0.25
1105	1705	0.25
1105	2303	0.25
1105	2304	0.25
1105	2305	0.25
1105	2903	0.5
1105	2904	0.5
1105	2905	0.5
1106	1106	1.0
1106	1107	0.5
1106	1108	0.5
1106	1706	0.5
1106	1707	0.5
1106	1708	0.5
1106	2306	0.25
1106	2307	0.25
1106	2308	0.25
1106	2906	0.25
1106	2907	0.25
1106	2908	0.25
1107	1107	1.0
1107	1108	0.5
1107	1706	0.25
1107	1707	0.25
1107	1708	0.25
1107	2306	0.5
1107	2307	0.5
1107	2308	0.5
1107	2906	0.25
1107	2907	0.25
1107	2908	0.25
1108	1108	1.0
1108	1706	0.25
1108	1707	0.25
1108	1708	0.25
1108	2306	0.25
1108	2307	0.25
1108	2308	0.25
1108	2906	0.5
1108	2907	0.5
1108	2908	0.5
1109	1109	1.0
1109	1110	0.5
1109	1111	0.5
1109	1709	0.5
1109	1710	0.5
1109	1711	0.5
1109	2309	0.25
1109	2310	0.25
1109	2311	0.25
1109	2909	0.25
1109	2910	0.25
1109	2911	0.25
1110	1110	1.0
1110	1111	0.5
1110	1709	0.25
1110	1710	0.25
1110	1711	0.25
1110	2309	0.5
1110	2310	0.5
1110	2311	0.5
1110	2909	0.25
1110	2910	0.25
1110	2911	0.25
1111	1111	1.0
1111	1709	0.25
1111	1710	0.25
1111	1711	0.25
1111	2309	0.25
1111	2310	0.25
1111	2311	0.25
1111	2909	0.5
1111	2910	0.5
1111	2911	0.5
1112	1112	1.0
1112	1113	0.5
1112	1114	0.5
1112	1712	0.5
1112	1713	0.5
1112	1714	0.5
1112	2312	0.25
1112	2313	0.25
1112	2314	0.25
1112	2912	0.25
1112	2913	0.25
1112	2914	0.25
1113	1113	1.0
1113	1114	0.5
1113	1712	0.25
1113	1713	0.25
1113	1714	0.25
1113	2312	0.5
1113	2313	0.5
1113	2314	0.5
1113	2912	0.25
1113	2913	0.25
1113	2914	0.25
1114	1114	1.0
1114	1712	0.25
1114	1713	0.25
1114	1714	0.25
1114	2312	0.25
1114	2313	0.25
1114	2314	0.25
1114	2912	0.5
1114	2913	0.5
1114	2914	0.5
1115	1115	1.0
1115	1116	0.5
1115	1117	0.5
1115	1715	0.5
1115	1716	0.5
1115	1717	0.5
1115	2315	0.25
1115	2316	0.25
1115	2317	0.25
1115	2915	0.25
1115	2916	0.25
1115	2917	0.25
1116	1116	1.0
1116	1117	0.5
1116	1715	0.25
1116	1716	0.25
1116	1717	0.25
1116	2315	0.5
1116	2316	0.5
1116	2317	0.5
1116	2915	0.25
1116	2916	0.25
1116	2917	0.25
1117	1117	1.0
1117	1715	0.25
1117	1716	0.25
1117	1717	0.25
1117	2315	0.25
1117	2316	0.25
1117	2317	0.25
1117	2915	0.5
1117	2916	0.5
1117	2917	0.5
1118	1118	1.0
1118	1119	0.5
1118	1120	0.5
1118	1718	0.5
1118	1719	0.5
1118	1720	0.5
1118	2318	0.25
1118	2319	0.25
1118	2320	0.25
1118	2918	0.25
1118	2919	0.25
1118	2920	0.25
1119	1119	1.0
1119	1120	0.5
1119	1718	0.25
1119	1719	0.25
1119	1720	0.25
1119	2318	0.5
1119	2319	0.5
1119	2320	0.5
1119	2918	0.25
1119	2919	0.25
1119	2920	0.25
1120	1120	1.0
1120	1718	0.25
1120	1719	0.25
1120	1720	0.25
1120	2318	0.25
1120	2319	0.25
1120	2320	0.25
1120	2918	0.5
1120	2919	0.5
1120	2920	0.5
1121	1121	1.0
1121	1122	0.5
1121	1123	0.5
1121	1721	0.5
1121	1722	0.5
1121	1723	0.5
1121	2321	0.25
1121	2322	0.25
1121	2323	0.25
1121	2921	0.25
1121	2922	0.25
1121	2923	0.25
1122	1122	1.0
1122	1123	0.5
1122	1721	0.25
1122	1722	0.25
1122	1723	0.25
1122	2321	0.5
1122	2322	0.5
1122	2323	0.5
1122	2921	0.25
1122	2922	0.25
1122	2923	0.25
1123	1123	1.0
1123	1721	0.25
1123	1722	0.25
1123	1723	0.25
1123	2321	0.25
1123	2322	0.25
1123	2323	0.25
1123	2921	0.5
1123	2922	0.5
1123	2923	0.5
1124	1124	1.0
1124	1125	0.5
1124	1126	0.5
1124	1724	0.5
1124	1725	0.5
1124	1726	0.5
1124	2324	0.25
1124	2325	0.25
1124	2326	0.25
1124	2924	0.25
1124	2925	0.25
1124	2926	0.25
1125	1125	1.0
1125	1126	0.5
1125	1724	0.25
1125	1725	0.25
1125	1726	0.25
1125	2324	0.5
1125	2325	0.5
1125	2326	0.5
1125	2924	0.25
1125	2925	0.25
1125	2926	0.25
1126	1126	1.0
1126	1724	0.25
1126	1725	0.25
1126	1726	0.25
1126	2324	0.25
1126	2325	0.25
1126	2326	0.25
1126	2924	0.5
1126	2925	0.5
1126	2926	0.5
1127	1127	1.0
1127	1128	0.5
1127	1129	0.5
1127	1727	0.5
1127	1728	0.5
1127	1729	0.5
1127	2327	0.25
1127	2328	0.25
1127	2329	0.25
1127	2927	0.25
1127	2928	0.25
1127	2929	0.25
1128	1128	1.0
1128	1129	0.5
1128	1727	0.25
1128	1728	0.25
1128	1729	0.25
1128	2327	0.5
1128	2328	0.5
1128	2329	0.5
1128	2927	0.25
1128	2928	0.25
1128	2929	0.25
1129	1129	1.0
1129	1727	0.25
1129	1728	0.25
1129	1729	0.25
1129	2327	0.25
1129	2328	0.25
1129	2329	0.25
1129	2927	0.5
1129	2928	0.5
1129	2929	0.5
1130	1130	1.0
1130	1131	0.5
1130	1132	0.5
1130	1730	0.5
1130	1731	0.5
1130	1732	0.5
1130	2330	0.25
1130	2331	0.25
1130	2332	0.25
1130	2930	0.25
1130	2931	0.25
1130	2932	0.25
1131	1131	1.0
1131	1132	0.5
1131	1730	0.25
1131	1731	0.25
1131	1732	0.25
1131	2330	0.5
1131	2331	0.5
1131	2332	0.5
1131	2930	0.25
1131	2931	0.25
1131	2932	0.25
1132	1132	1.0
1132	1730	0.25
1132	1731	0.25
1132	1732	0.25
1132	2330	0.25
1132	2331	0.25
1132	2332	0.25
1132	2930	0.5
1132	2931	0.5
1132	2932	0.5
1133	1133	1.0
1133	1134	0.5
1133	1135	0.5
1133	1733	0.5
1133	1734	0.5
1133	1735	0.5
1133	2333	0.25
1133	2334	0.25
1133	2335	0.25
1133	2933	0.25
1133	2934	0.25
1133	2935	0.25
1134	1134	1.0
1134	1135	0.5
1134	1733	0.25
1134	1734	0.25
1134	1735	0.25
1134	2333	0.5
1134	2334	0.5
1134	2335	0.5
1134	2933	0.25
1134	2934	0.25
1134	2935	0.25
1135	1135	1.0
1135	1733	0.25
1135	1734	0.25
1135	1735	0.25
1135	2333	0.25
1135	2334	0.25
1135	2335	0.25
1135	2933	0.5
1135	2934	0.5
1135	2935	0.5
1136	1136	1.0
1136	1137	0.5
1136	1138	0.5
1136	1736	0.5
1136	1737	0.5
1136	1738	0.5
1136	2336	0.25
1136	2337	0.25
1136	2338	0.25
1136	2936	0.25
1136	2937	0.25
1136	2938	0.25
1137	1137	1.0
1137	1138	0.5
1137	1736	0.25
1137	1737	0.25
1137	1738	0.25
1137	2336	0.5
1137	2337	0.5
1137	2338	0.5
1137	2936	0.25
1137	2937	0.25
1137	2938	0.25
1138	1138	1.0
1138	1736	0.25
1138	1737	0.25
1138	1738	0.25
1138	2336	0.25
1138	2337	0.25
1138	2338	0.25
1138	2936	0.5
1138	2937	0.5
1138	2938	0.5
1139	1139	1.0
1139	1140	0.5
1139	1141	0.5
1139	1739	0.5
1139	1740	0.5
1139	1741	0.5
1139	2339	0.25
1139	2340	0.25
1139	2341	0.25
1139	2939	0.25
1139	2940	0.25
1139	2941	0.25
1140	1140	1.0
1140	1141	0.5
1140	1739	0.25
1140	1740	0.25
1140	1741	0.25
1140	2339	0.5
1140	2340	0.5
1140	2341	0.5
1140	2939	0.25
1140	2940	0.25
1140	2941	0.25
1141	1141	1.0
1141	1739	0.25
1141	1740	0.25
1141	1741	0.25
1141	2339	0.25
1141	2340	0.25
1141	2341	0.25
1141	2939	0.5
1141	2940	0.5
1141	2941	0.5
1142	1142	1.0
1142	1143	0.5
1142	1144	0.5
1142	1742	0.5
1142	1743	0.5
1142	1744	0.5
1142	2342	0.25
1142	2343	0.25
1142	2344	0.25
1142	2942	0.25
1142	2943	0.25
1142	2944	0.25
1143	1143	1.0
1143	1144	0.5
1143	1742	0.25
1143	1743	0.25
1143	1744	0.25
1143	2342	0.5
1143	2343	0.5
1143	2344	0.5
1143	2942	0.25
1143	2943	0.25
1143	2944	0.25
1144	1144	1.0
1144	1742	0.25
1144	1743	0.25
1144	1744	0.25
1144	2342	0.25
1144	2343	0.25
1144	2344	0.25
1144	2942	0.5
1144	2943	0.5
1144	2944	0.5
1145	1145	1.0
1145	1146	0.5
1145	1147	0.5
1145	1745	0.5
1145	1746	0.5
1145	1747	0.5
1145	2345	0.25
1145	2346	0.25
1145	2347	0.25
1145	2945	0.25
1145	2946	0.25
1145	2947	0.25
1146	1146	1.0
1146	1147	0.5
1146	1745	0.25
1146	1746	0.25
1146	1747	0.25
1146	2345	0.5
1146	2346	0.5
1146	2347	0.5
1146	2945	0.25
1146	2946	0.25
1146	2947	0.25
1147	1147	1.0
1147	1745	0.25
1147	1746	0.25
1147	1747	0.25
1147	2345	0.25
1147	2346	0.25
1147	2347	0.25
1147	2945	0.5
1147	2946	0.5
1147	2947	0.5
1148	1148	1.0
1148	1149	0.5
1148	1150	0.5
1148	1748	0.5
1148	1749	0.5
1148	1750	0.5
1148	2348	0.25
1148	2349	0.25
1148	2350	0.25
1148	2948	0.25
1148	2949	0.25
1148	2950	0.25
1149	1149	1.0
1149	1150	0.5
1149	1748	0.25
1149	1749	0.25
1149	1750	0.25
1149	2348	0.5
1149	2349	0.5
1149	2350	0.5
1149	2948	0.25
1149	2949	0.25
1149	2950	0.25
1150	1150	1.0
1150	1748	0.25
1150	1749	0.25
1150	1750	0.25
1150	2348	0.25
1150	2349	0.25
1150	2350	0.25
1150	2948	0.5
1150	2949	0.5
1150	2950	0.5
1151	1151	1.0
1151	1152	0.5
1151	1153	0.5
1151	1751	0.5
1151	1752	0.5
1151	1753	0.5
1151	2351	0.25
1151	2352	0.25
1151	2353	0.25
1151	2951	0.25
1151	2952	0.25
1151	2953	0.25
1152	1152	1.0
1152	1153	0.5
1152	1751	0.25
1152	1752	0.25
1152	1753	0.25
1152	2351	0.5
1152	2352	0.5
1152	2353	0.5
1152	2951	0.25
1152	2952	0.25
1152	2953	0.25
1153	1153	1.0
1153	1751	0.25
1153	1752	0.25
1153	1753	0.25
1153	2351	0.25
1153	2352	0.25
1153	2353	0.25
1153	2951	0.5
1153	2952	0.5
1153	2953	0.5
1154	1154	1.0
1154	1155	0.5
1154	1156	0.5
1154	1754	0.5
1154	1755	0.5
1154	1756	0.5
1154	2354	0.25
1154	2355	0.25
1154	2356	0.25
1154	2954	0.25
1154	2955	0.25
1154	2956	0.25
1155	1155	1.0
1155	1156	0.5
1155	1754	0.25
1155	1755	0.25
1155	1756	0.25
1155	2354	0.5
1155	2355	0.5
1155	2356	0.5
1155	2954	0.25
1155	2955	0.25
1155	2956	0.25
1156	1156	1.0
1156	1754	0.25
1156	1755	0.25
1156	1756	0.25
1156	2354	0.25
1156	2355	0.25
1156	2356	0.25
1156	2954	0.5
1156	2955	0.5
1156	2956	0.5
1157	1157	1.0
1157	1158	0.5
1157	1159	0.5
1157	1757	0.5
1157	1758	0.5
1157	1759	0.5
1157	2357	0.25
1157	2358	0.25
1157	2359	0.25
1157	2957	0.25
1157	2958	0.25
1157	2959	0.25
1158	1158	1.0
1158	1159	0.5
1158	1757	0.25
1158	1758	0.25
1158	1759	0.25
1158	2357	0.5
1158	2358	0.5
1158	2359	0.5
1158	2957	0.25
1158	2958	0.25
1158	2959	0.25
1159	1159	1.0
1159	1757	0.25
1159	1758	0.25
1159	1759	0.25
1159	2357	0.25
1159	2358	0.25
1159	2359	0.25
1159	2957	0.5
1159	2958	0.5
1159	2959	0.5
1160	1160	1.0
1160	1161	0.5
1160	1162	0.5
1160	1760	0.5
1160	1761	0.5
1160	1762	0.5
1160	2360	0.25
1160	2361	0.25
1160	2362	0.25
1160	2960	0.25
1160	2961	0.25
1160	2962	0.25
1161	1161	1.0
1161	1162	0.5
1161	1760	0.25
1161	1761	0.25
1161	1762	0.25
1161	2360	0.5
1161	2361	0.5
1161	2362	0.5
1161	2960	0.25
1161	2961	0.25
1161	2962	0.25
1162	1162	1.0
1162	1760	0.25
1162	1761	0.25
1162	1762	0.25
1162	2360	0.25
1162	2361	0.25
1162	2362	0.25
1162	2960	0.5
1162	2961	0.5
1162	2962	0.5
1163	1163	1.0
1163	1164	0.5
1163	1165	0.5
1163	1763	0.5
1163	1764	0.5
1163	1765	0.5
1163	2363	0.25
1163	2364	0.25
1163	2365	0.25
1163	2963	0.25
1163	2964	0.25
1163	2965	0.25
1164	1164	1.0
1164	1165	0.5
1164	1763	0.25
1164	1764	0.25
1164	1765	0.25
1164	2363	0.5
1164	2364	0.5
1164	2365	0.5
1164	2963	0.25
1164	2964	0.25
1164	2965	0.25
1165	1165	1.0
1165	1763	0.25
1165	1764	0.25
1165	1765	0.25
1165	2363	0.25
1165	2364	0.25
1165	2365	0.25
1165	2963	0.5
1165	2964	0.5
1165	2965	0.5
1166	1166	1.0
1166	1167	0.5
1166	1168	0.5
1166	1766	0.5
1166	1767	0.5
1166	1768	0.5
1166	2366	0.25
1166	2367	0.25
1166	2368	0.25
1166	2966	0.25
1166	2967	0.25
1166	2968	0.25
1167	1167	1.0
1167	1168	0.5
1167	1766	0.25
1167	1767	0.25
1167	1768	0.25
1167	2366	0.5
1167	2367	0.5
1167	2368	0.5
1167	2966	0.25
1167	2967	0.25
1167	2968	0.25
1168	1168	1.0
1168	1766	0.25
1168	1767	0.25
1168	1768	0.25
1168	2366	0.25
1168	2367	0.25
1168	2368	0.25
1168	2966	0.5
1168	2967	0.5
1168	2968	0.5
1169	1169	1.0
1169	1170	0.5
1169	1171	0.5
1169	1769	0.5
1169	1770	0.5
1169	1771	0.5
1169	2369	0.25
1169	2370	0.25
1169	2371	0.25
1169	2969	0.25
1169	2970	0.25
1169	2971	0.25
1170	1170	1.0
1170	1171	0.5
1170	1769	0.25
1170	1770	0.25
1170	1771	0.25
1170	2369	0.5
1170	2370	0.5
1170	2371	0.5
1170	2969	0.25
1170	2970	0.25
1170	2971	0.25
1171	1171	1.0
1171	1769	0.25
1171	1770	0.25
1171	1771	0.25
1171	2369	0.25
1171	2370	0.25
1171	2371	0.25
1171	2969	0.5
1171	2970	0.5
1171	2971	0.5
1172	1172	1.0
1172	1173	0.5
1172	1174	0.5
1172	1772	0.5
1172	1773	0.5
1172	1774	0.5
1172	2372	0.25
1172	2373	0.25
1172	2374	0.25
1172	2972	0.25
1172	2973	0.25
1172	2974	0.25
1173	1173	1.0
1173	1174	0.5
1173	1772	0.25
1173	1773	0.25
1173	1774	0.25
1173	2372	0.5
1173	2373	0.5
1173	2374	0.5
1173	2972	0.25
1173	2973	0.25
1173	2974	0.25
1174	1174	1.0
1174	1772	0.25
1174	1773	0.25
1174	1774	0.25
1174	2372	0.25
1174	2373	0.25
1174	2374	0.25
1174	2972	0.5
1174	2973	0.5
1174	2974	0.5
1175	1175	1.0
1175	1176	0.5
1175	1177	0.5
1175	1775	0.5
1175	1776	0.5
1175	1777	0.5
1175	2375	0.25
1175	2376	0.25
1175	2377	0.25
1175	2975	0.25
1175	2976	0.25
1175	2977	0.25
1176	1176	1.0
1176	1177	0.5
1176	1775	0.25
1176	1776	0.25
1176	1777	0.25
1176	2375	0.5
1176	2376	0.5
1176	2377	0.5
1176	2975	0.25
1176	2976	0.25
1176	2977	0.25
1177	1177	1.0
1177	1775	0.25
1177	1776	0.25
1177	1777	0.25
1177	2375	0.25
1177	2376	0.25
1177	2377	0.25
1177	2975	0.5
1177	2976	0.5
1177	2977	0.5
1178	1178	1.0
1178	1179	0.5
1178	1180	0.5
1178	1778	0.5
1178	1779	0.5
1178	1780	0.5
1178	2378	0.25
1178	2379	0.25
1178	2380	0.25
1178	2978	0.25
1178	2979	0.25
1178	2980	0.25
1179	1179	1.0
1179	1180	0.5
1179	1778	0.25
1179	1779	0.25
1179	1780	0.25
1179	2378	0.5
1179	2379	0.5
1179	2380	0.5
1179	2978	0.25
1179	2979	0.25
1179	2980	0.25
1180	1180	1.0
1180	1778	0.25
1180	1779	0.25
1180	1780	0.25
1180	2378	0.25
1180	2379	0.25
1180	2380	0.25
1180	2978	0.5
1180	2979	0.5
1180	2980	0.5
1181	1181	1.0
1181	1182	0.5
1181	1183	0.5
1181	1781	0.5
1181	1782	0.5
1181	1783	0.5
1181	2381	0.25
1181	2382	0.25
1181	2383	0.25
1181	2981	0.25
1181	2982	0.25
1181	2983	0.25
1182	1182	1.0
1182	1183	0.5
1182	1781	0.25
1182	1782	0.25
1182	1783	0.25
1182	2381	0.5
1182	2382	0.5
1182	2383	0.5
1182	2981	0.25
1182	2982	0.25
1182	2983	0.25
1183	1183	1.0
1183	1781	0.25
1183	1782	0.25
1183	1783	0.25
1183	2381	0.25
1183	2382	0.25
1183	2383	0.25
1183	2981	0.5
1183	2982	0.5
1183	2983	0.5
1184	1184	1.0
1184	1185	0.5
1184	1186	0.5
1184	1784	0.5
1184	1785	0.5
1184	1786	0.5
1184	2384	0.25
1184	2385	0.25
1184	2386	0.25
1184	2984	0.25
1184	2985	0.25
1184	2986	0.25
1185	1185	1.0
1185	1186	0.5
1185	1784	0.25
1185	1785	0.25
1185	1786	0.25
1185	2384	0.5
1185	2385	0.5
1185	2386	0.5
1185	2984	0.25
1185	2985	0.25
1185	2986	0.25
1186	1186	1.0
1186	1784	0.25
1186	1785	0.25
1186	1786	0.25
1186	2384	0.25
1186	2385	0.25
1186	2386	0.25
1186	2984	0.5
1186	2985	0.5
1186	2986	0.5
1187	1187	1.0
1187	1188	0.5
1187	1189	0.5
1187	1787	0.5
1187	1788	0.5
1187	1789	0.5
1187	2387	0.25
1187	2388	0.25
1187	2389	0.25
1187	2987	0.25
1187	2988	0.25
1187	2989	0.25
1188	1188	1.0
1188	1189	0.5
1188	1787	0.25
1188	1788	0.25
1188	1789	0.25
1188	2387	0.5
1188	2388	0.5
1188	2389	0.5
1188	2987	0.25
1188	2988	0.25
1188	2989	0.25
1189	1189	1.0
1189	1787	0.25
1189	1788	0.25
1189	1789	0.25
1189	2387	0.25
1189	2388	0.25
1189	2389	0.25
1189	2987	0.5
1189	2988	0.5
1189	2989	0.5
1190	1190	1.0
1190	1191	0.5
1190	1192	0.5
1190	1790	0.5
1190	1791	0.5
1190	1792	0.5
1190	2390	0.25
1190	2391	0.25
1190	2392	0.25
1190	2990	0.25
1190	2991	0.25
1190	2992	0.25
1191	1191	1.0
1191	1192	0.5
1191	1790	0.25
1191	1791	0.25
1191	1792	0.25
1191	2390	0.5
1191	2391	0.5
1191	2392	0.5
1191	2990	0.25
1191	2991	0.25
1191	2992	0.25
1192	1192	1.0
1192	1790	0.25
1192	1791	0.25
1192	1792	0.25
1192	2390	0.25
1192	2391	0.25
1192	2392	0.25
1192	2990	0.5
1192	2991	0.5
1192	2992	0.5
1193	1193	1.0
1193	1194	0.5
1193	1195	0.5
1193	1793	0.5
1193	1794	0.5
1193	1795	0.5
1193	2393	0.25
1193	2394	0.25
1193	2395	0.25
1193	2993	0.25
1193	2994	0.25
1193	2995	0.25
1194	1194	1.0
1194	1195	0.5
1194	1793	0.25
1194	1794	0.25
1194	1795	0.25
1194	2393	0.5
1194	2394	0.5
1194	2395	0.5
1194	2993	0.25
1194	2994	0.25
1194	2995	0.25
1195	1195	1.0
1195	1793	0.25
1195	1794	0.25
1195	1795	0.25
1195	2393	0.25
1195	2394	0.25
1195	2395	0.25
1195	2993	0.5
1195	2994	0.5
1195	2995	0.5
1196	1196	1.0
1196	1197	0.5
1196	1198	0.5
1196	1796	0.5
1196	1797	0.5
1196	1798	0.5
1196	2396	0.25
1196	2397	0.25
1196	2398	0.25
1196	2996	0.25
1196	2997	0.25
1196	2998	0.25
1197	1197	1.0
1197	1198	0.5
1197	1796	0.25
1197	1797	0.25
1197	1798	0.25
1197	2396	0.5
1197	2397	0.5
1197	2398	0.5
1197	2996	0.25
1197	2997	0.25
1197	2998	0.25
1198	1198	1.0
1198	1796	0.25
1198	1797	0.25
1198	1798	0.25
1198	2396	0.25
1198	2397	0.25
1198	2398	0.25
1198	2996	0.5
1198	2997	0.5
1198	2998	0.5
1199	1199	1.0
1199	1200	0.5
1199	1201	0.5
1199	1799	0.5
1199	1800	0.5
1199	1801	0.5
1199	2399	0.25
1199	2400	0.25
1199	2401	0.25
1199	2999	0.25
1199	3000	0.25
1199	3001	0.25
1200	1200	1.0
1200	1201	0.5
1200	1799	0.25
1200	1800	0.25
1200	1801	0.25
1200	2399	0.5
1200	2400	0.5
1200	2401	0.5
1200	2999	0.25
1200	3000	0.25
1200	3001	0.25
1201	1201	1.0
1201	1799	0.25
1201	1800	0.25
1201	1801	0.25
1201	2399	0.25
1201	2400	0.25
1201	2401	0.25
1201	2999	0.5
1201	3000	0.5
1201	3001	0.5
1202	1202	1.0
1202	1203	0.5
1202	1204	0.5
1202	1802	0.5
1202	1803	0.5
1202	1804	0.5
1202	2402	0.25
1202	2403	0.25
1202	2404	0.25
1202	3002	0.25
1202	3003	0.25
1202	3004	0.25
1203	1203	1.0
1203	1204	0.5
1203	1802	0.25
1203	1803	0.25
1203	1804	0.25
1203	2402	0.5
1203	2403	0.5
1203	2404	0.5
1203	3002	0.25
1203	3003	0.25
1203	3004	0.25
1204	1204	1.0
1204	1802	0.25
1204	1803	0.25
1204	1804	0.25
1204	2402	0.25
1204	2403	0.25
1204	2404	0.25
1204	3002	0.5
1204	3003	0.5
1204	3004	0.5
1205	1205	1.0
1205	1206	0.5
1205	1207	0.5
1205	1805	0.5
1205	1806	0.5
1205	1807	0.5
1205	2405	0.25
1205	2406	0.25
1205	2407	0.25
1205	3005	0.25
1205	3006	0.25
1205	3007	0.25
1206	1206	1.0
1206	1207	0.5
1206	1805	0.25
1206	1806	0.25
1206	1807	0.25
1206	2405	0.5
1206	2406	0.5
1206	2407	0.5
1206	3005	0.25
1206	3006	0.25
1206	3007	0.25
1207	1207	1.0
1207	1805	0.25
1207	1806	0.25
1207	1807	0.25
1207	2405	0.25
1207	2406	0.25
1207	2407	0.25
1207	3005	0.5
1207	3006	0.5
1207	3007	0.5
1208	1208	1.0
1208	1209	0.5
1208	1210	0.5
1208	1808	0.5
1208	1809	0.5
1208	1810	0.5
1208	2408	0.25
1208	2409	0.25
1208	2410	0.25
1208	3008	0.25
1208	3009	0.25
1208	3010	0.25
1209	1209	1.0
1209	1210	0.5
1209	1808	0.25
1209	1809	0.25
1209	1810	0.25
1209	2408	0.5
1209	2409	0.5
1209	2410	0.5
1209	3008	0.25
1209	3009	0.25
1209	3010	0.25
1210	1210	1.0
1210	1808	0.25
1210	1809	0.25
1210	1810	0.25
1210	2408	0.25
1210	2409	0.25
1210	2410	0.25
1210	3008	0.5
1210	3009	0.5
1210	3010	0.5
1211	1211	1.0
1211	1212	0.5
1211	1213	0.5
1211	1811	0.5
1211	1812	0.5
1211	1813	0.5
1211	2411	0.25
1211	2412	0.25
1211	2413	0.25
1211	3011	0.25
1211	3012	0.25
1211	3013	0.25
1212	1212	1.0
1212	1213	0.5
1212	1811	0.25
1212	1812	0.25
1212	1813	0.25
1212	2411	0.5
1212	2412	0.5
1212	2413	0.5
1212	3011	0.25
1212	3012	0.25
1212	3013	0.25
1213	1213	1.0
1213	1811	0.25
1213	1812	0.25
1213	1813	0.25
1213	2411	0.25
1213	2412	0.25
1213	2413	0.25
1213	3011	0.5
1213	3012	0.5
1213	3013	0.5
1214	1214	1.0
1214	1215	0.5
1214	1216	0.5
1214	1814	0.5
1214	1815	0.5
1214	1816	0.5
1214	2414	0.25
1214	2415	0.25
1214	2416	0.25
1214	3014	0.25
1214	3015	0.25
1214	3016	0.25
1215	1215	1.0
1215	1216	0.5
1215	1814	0.25
1215	1815	0.25
1215	1816	0.25
1215	2414	0.5
1215	2415	0.5
1215	2416	0.5
1215	3014	0.25
1215	3015	0.25
1215	3016	0.25
1216	1216	1.0
1216	1814	0.25
1216	1815	0.25
1216	1816	0.25
1216	2414	0.25
1216	2415	0.25
1216	2416	0.25
1216	3014	0.5
1216	3015	0.5
1216	3016	0.5
1217	1217	1.0
1217	1218	0.5
1217	1219	0.5
1217	1817	0.5
1217	1818	0.5
1217	1819	0.5
1217	2417	0.25
1217	2418	0.25
1217	2419	0.25
1217	3017	0.25
1217	3018	0.25
1217	3019	0.25
1218	1218	1.0
1218	1219	0.5
1218	1817	0.25
1218	1818	0.25
1218	1819	0.25
1218	2417	0.5
1218	2418	0.5
1218	2419	0.5
1218	3017	0.25
1218	3018	0.25
1218	3019	0.25
1219	1219	1.0
1219	1817	0.25
1219	1818	0.25
1219	1819	0.25
1219	2417	0.25
1219	2418	0.25
1219	2419	0.25
1219	3017	0.5
1219	3018	0.5
1219	3019	0.5
1220	1220	1.0
1220	1221	0.5
1220	1222	0.5
1220	1820	0.5
1220	1821	0.5
1220	1822	0.5
1220	2420	0.25
1220	2421	0.25
1220	2422	0.25
1220	3020	0.25
1220	3021	0.25
1220	3022	0.25
1221	1221	1.0
1221	1222	0.5
1221	1820	0.25
1221	1821	0.25
1221	1822	0.25
1221	2420	0.5
1221	2421	0.5
1221	2422	0.5
1221	3020	0.25
1221	3021	0.25
1221	3022	0.25
1222	1222	1.0
1222	1820	0.25
1222	1821	0.25
1222	1822	0.25
1222	2420	0.25
1222	2421	0.25
1222	2422	0.25
1222	3020	0.5
1222	3021	0.5
1222	3022	0.5
1223	1223	1.0
1223	1224	0.5
1223	1225	0.5
1223	1823	0.5
1223	1824	0.5
1223	1825	0.5
1223	2423	0.25
1223	2424	0.25
1223	2425	0.25
1223	3023	0.25
1223	3024	0.25
1223	3025	0.25
1224	1224	1.0
1224	1225	0.5
1224	1823	0.25
1224	1824	0.25
1224	1825	0.25
1224	2423	0.5
1224	2424	0.5
1224	2425	0.5
1224	3023	0.25
1224	3024	0.25
1224	3025	0.25
1225	1225	1.0
1225	1823	0.25
1225	1824	0.25
1225	1825	0.25
1225	2423	0.25
1225	2424	0.25
1225	2425	0.25
1225	3023	0.5
1225	3024	0.5
1225	3025	0.5
1226	1226	1.0
1226	1227	0.5
1226	1228	0.5
1226	1826	0.5
1226	1827	0.5
1226	1828	0.5
1226	2426	0.25
1226	2427	0.25
1226	2428	0.25
1226	3026	0.25
1226	3027	0.25
1226	3028	0.25
1227	1227	1.0
1227	1228	0.5
1227	1826	0.25
1227	1827	0.25
1227	1828	0.25
1227	2426	0.5
1227	2427	0.5
1227	2428	0.5
1227	3026	0.25
1227	3027	0.25
1227	3028	0.25
1228	1228	1.0
1228	1826	0.25
1228	1827	0.25
1228	1828	0.25
1228	2426	0.25
1228	2427	0.25
1228	2428	0.25
1228	3026	0.5
1228	3027	0.5
1228	3028	0.5
1229	1229	1.0
1229	1230	0.5
1229	1231	0.5
1229	1829	0.5
1229	1830	0.5
1229	1831	0.5
1229	2429	0.25
1229	2430	0.25
1229	2431	0.25
1229	3029	0.25
1229	3030	0.25
1229	3031	0.25
1230	1230	1.0
1230	1231	0.5
1230	1829	0.25
1230	1830	0.25
1230	1831	0.25
1230	2429	0.5
1230	2430	0.5
1230	2431	0.5
1230	3029	0.25
1230	3030	0.25
1230	3031	0.25
1231	1231	1.0
1231	1829	0.25
1231	1830	0.25
1231	1831	0.25
1231	2429	0.25
1231	2430	0.25
1231	2431	0.25
1231	3029	0.5
1231	3030	0.5
1231	3031	0.5
1232	1232	1.0
1232	1233	0.5
1232	1234	0.5
1232	1832	0.5
1232	1833	0.5
1232	1834	0.5
1232	2432	0.25
1232	2433	0.25
1232	2434	0.25
1232	3032	0.25
1232	3033	0.25
1232	3034	0.25
1233	1233	1.0
1233	1234	0.5
1233	1832	0.25
1233	1833	0.25
1233	1834	0.25
1233	2432	0.5
1233	2433	0.5
1233	2434	0.5
1233	3032	0.25
1233	3033	0.25
1233	3034	0.25
1234	1234	1.0
1234	1832	0.25
1234	1833	0.25
1234	1834	0.25
1234	2432	0.25
1234	2433	0.25
1234	2434	0.25
1234	3032	0.5
1234	3033	0.5
1234	3034	0.5
1235	1235	1.0
1235	1236	0.5
1235	1237	0.5
1235	1835	0.5
1235	1836	0.5
1235	1837	0.5
1235	2435	0.25
1235	2436	0.25
1235	2437	0.25
1235	3035	0.25
1235	3036	0.25
1235	3037	0.25
1236	1236	1.0
1236	1237	0.5
1236	1835	0.25
1236	1836	0.25
1236	1837	0.25
1236	2435	0.5
1236	2436	0.5
1236	2437	0.5
1236	3035	0.25
1236	3036	0.25
1236	3037	0.25
1237	1237	1.0
1237	1835	0.25
1237	1836	0.25
1237	1837	0.25
1237	2435	0.25
1237	2436	0.25
1237	2437	0.25
1237	3035	0.5
1237	3036	0.5
1237	3037	0.5
1238	1238	1.0
1238	1239	0.5
1238	1240	0.5
1238	1838	0.5
1238	1839	0.5
1238	1840	0.5
1238	2438	0.25
1238	2439	0.25
1238	2440	0.25
1238	3038	0.25
1238	3039	0.25
1238	3040	0.25
1239	1239	1.0
1239	1240	0.5
1239	1838	0.25
1239	1839	0.25
1239	1840	0.25
1239	2438	0.5
1239	2439	0.5
1239	2440	0.5
1239	3038	0.25
1239	3039	0.25
1239	3040	0.25
1240	1240	1.0
1240	1838	0.25
1240	1839	0.25
1240	1840	0.25
1240	2438	0.25
1240	2439	0.25
1240	2440	0.25
1240	3038	0.5
1240	3039	0.5
1240	3040	0.5
1241	1241	1.0
1241	1242	0.5
1241	1243	0.5
1241	1841	0.5
1241	1842	0.5
1241	1843	0.5
1241	2441	0.25
1241	2442	0.25
1241	2443	0.25
1241	3041	0.25
1241	3042	0.25
1241	3043	0.25
1242	1242	1.0
1242	1243	0.5
1242	1841	0.25
1242	1842	0.25
1242	1843	0.25
1242	2441	0.5
1242	2442	0.5
1242	2443	0.5
1242	3041	0.25
1242	3042	0.25
1242	3043	0.25
1243	1243	1.0
1243	1841	0.25
1243	1842	0.25
1243	1843	0.25
1243	2441	0.25
1243	2442	0.25
1243	2443	0.25
1243	3041	0.5
1243	3042	0.5
1243	3043	0.5
1244	1244	1.0
1244	1245	0.5
1244	1246	0.5
1244	1844	0.5
1244	1845	0.5
1244	1846	0.5
1244	2444	0.25
1244	2445	0.25
1244	2446	0.25
1244	3044	0.25
1244	3045	0.25
1244	3046	0.25
1245	1245	1.0
1245	1246	0.5
1245	1844	0.25
1245	1845	0.25
1245	1846	0.25
1245	2444	0.5
1245	2445	0.5
1245	2446	0.5
1245	3044	0.25
1245	3045	0.25
1245	3046	0.25
1246	1246	1.0
1246	1844	0.25
1246	1845	0.25
1246	1846	0.25
1246	2444	0.25
1246	2445	0.25
1246	2446	0.25
1246	3044	0.5
1246	3045	0.5
1246	3046	0.5
1247	1247	1.0
1247	1248	0.5
1247	1249	0.5
1247	1847	0.5
1247	1848	0.5
1247	1849	0.5
1247	2447	0.25
1247	2448	0.25
1247	2449	0.25
1247	3047	0.25
1247	3048	0.25
1247	3049	0.25
1248	1248	1.0
1248	1249	0.5
1248	1847	0.25
1248	1848	0.25
1248	1849	0.25
1248	2447	0.5
1248	2448	0.5
1248	2449	0.5
1248	3047	0.25
1248	3048	0.25
1248	3049	0.25
1249	1249	1.0
1249	1847	0.25
1249	1848	0.25
1249	1849	0.25
1249	2447	0.25
1249	2448	0.25
1249	2449	0.25
1249	3047	0.5
1249	3048	0.5
1249	3049	0.5
1250	1250	1.0
1250	1251	0.5
1250	1252	0.5
1250	1850	0.5
1250	1851	0.5
1250	1852	0.5
1250	2450	0.25
1250	2451	0.25
1250	2452	0.25
1250	3050	0.25
1250	3051	0.25
1250	3052	0.25
1251	1251	1.0
1251	1252	0.5
1251	1850	0.25
1251	1851	0.25
1251	1852	0.25
1251	2450	0.5
1251	2451	0.5
1251	2452	0.5
1251	3050	0.25
1251	3051	0.25
1251	3052	0.25
1252	1252	1.0
1252	1850	0.25
1252	1851	0.25
1252	1852	0.25
1252	2450	0.25
1252	2451	0.25
1252	2452	0.25
1252	3050	0.5
1252	3051	0.5
1252	3052	0.5
1253	1253	1.0
1253	1254	0.5
1253	1255	0.5
1253	1853	0.5
1253	1854	0.5
1253	1855	0.5
1253	2453	0.25
1253	2454	0.25
1253	2455	0.25
1253	3053	0.25
1253	3054	0.25
1253	3055	0.25
1254	1254	1.0
1254	1255	0.5
1254	1853	0.25
1254	1854	0.25
1254	1855	0.25
1254	2453	0.5
1254	2454	0.5
1254	2455	0.5
1254	3053	0.25
1254	3054	0.25
1254	3055	0.25
1255	1255	1.0
1255	1853	0.25
1255	1854	0.25
1255	1855	0.25
1255	2453	0.25
1255	2454	0.25
1255	2455	0.25
1255	3053	0.5
1255	3054	0.5
1255	3055	0.5
1256	1256	1.0
1256	1257	0.5
1256	1258	0.5
1256	1856	0.5
1256	1857	0.5
1256	1858	0.5
1256	2456	0.25
1256	2457	0.25
1256	2458	0.25
1256	3056	0.25
1256	3057	0.25
1256	3058	0.25
1257	1257	1.0
1257	1258	0.5
1257	1856	0.25
1257	1857	0.25
1257	1858	0.25
1257	2456	0.5
1257	2457	0.5
1257	2458	0.5
1257	3056	0.25
1257	3057	0.25
1257	3058	0.25
1258	1258	1.0
1258	1856	0.25
1258	1857	0.25
1258	1858	0.25
1258	2456	0.25
1258	2457	0.25
1258	2458	0.25
1258	3056	0.5
1258	3057	0.5
1258	3058	0.5
1259	1259	1.0
1259	1260	0.5
1259	1261	0.5
1259	1859	0.5
1259	1860	0.5
1259	1861	0.5
1259	2459	0.25
1259	2460	0.25
1259	2461	0.25
1259	3059	0.25
1259	3060	0.25
1259	3061	0.25
1260	1260	1.0
1260	1261	0.5
1260	1859	0.25
1260	1860	0.25
1260	1861	0.25
1260	2459	0.5
1260	2460	0.5
1260	2461	0.5
1260	3059	0.25
1260	3060	0.25
1260	3061	0.25
1261	1261	1.0
1261	1859	0.25
1261	1860	0.25
1261	1861	0.25
1261	2459	0.25
1261	2460	0.25
1261	2461	0.25
1261	3059	0.5
1261	3060	0.5
1261	3061	0.5
1262	1262	1.0
1262	1263	0.5
1262	1264	0.5
1262	1862	0.5
1262	1863	0.5
1262	1864	0.5
1262	2462	0.25
1262	2463	0.25
1262	2464	0.25
1262	3062	0.25
1262	3063	0.25
1262	3064	0.25
1263	1263	1.0
1263	1264	0.5
1263	1862	0.25
1263	1863	0.25
1263	1864	0.25
1263	2462	0.5
1263	2463	0.5
1263	2464	0.5
1263	3062	0.25
1263	3063	0.25
1263	3064	0.25
1264	1264	1.0
1264	1862	0.25
1264	1863	0.25
1264	1864	0.25
1264	2462	0.25
1264	2463	0.25
1264	2464	0.25
1264	3062	0.5
1264	3063	0.5
1264	3064	0.5
1265	1265	1.0
1265	1266	0.5
1265	1267	0.5
1265	1865	0.5
1265	1866	0.5
1265	1867	0.5
1265	2465	0.25
1265	2466	0.25
1265	2467	0.25
1265	3065	0.25
1265	3066	0.25
1265	3067	0.25
1266	1266	1.0
1266	1267	0.5
1266	1865	0.25
1266	1866	0.25
1266	1867	0.25
1266	2465	0.5
1266	2466	0.5
1266	2467	0.5
1266	3065	0.25
1266	3066	0.25
1266	3067	0.25
1267	1267	1.0
1267	1865	0.25
1267	1866	0.25
1267	1867	0.25
1267	2465	0.25
1267	2466	0.25
1267	2467	0.25
1267	3065	0.5
1267	3066	0.5
1267	3067	0.5
1268	1268	1.0
1268	1269	0.5
1268	1270	0.5
1268	1868	0.5
1268	1869	0.5
1268	1870	0.5
1268	2468	0.25
1268	2469	0.25
1268	2470	0.25
1268	3068	0.25
1268	3069	0.25
1268	3070	0.25
1269	1269	1.0
1269	1270	0.5
1269	1868	0.25
1269	1869	0.25
1269	1870	0.25
1269	2468	0.5
1269	2469	0.5
1269	2470	0.5
1269	3068	0.25
1269	3069	0.25
1269	3070	0.25
1270	1270	1.0
1270	1868	0.25
1270	1869	0.25
1270	1870	0.25
1270	2468	0.25
1270	2469	0.25
1270	2470	0.25
1270	3068	0.5
1270	3069	0.5
1270	3070	0.5
1271	1271	1.0
1271	1272	0.5
1271	1273	0.5
1271	1871	0.5
1271	1872	0.5
1271	1873	0.5
1271	2471	0.25
1271	2472	0.25
1271	2473	0.25
1271	3071	0.25
1271	3072	0.25
1271	3073	0.25
1272	1272	1.0
1272	1273	0.5
1272	1871	0.25
1272	1872	0.25
1272	1873	0.25
1272	2471	0.5
1272	2472	0.5
1272	2473	0.5
1272	3071	0.25
1272	3072	0.25
1272	3073	0.25
1273	1273	1.0
1273	1871	0.25
1273	1872	0.25
1273	1873	0.25
1273	2471	0.25
1273	2472	0.25
1273	2473	0.25
1273	3071	0.5
1273	3072	0.5
1273	3073	0.5
1274	1274	1.0
1274	1275	0.5
1274	1276	0.5
1274	1874	0.5
1274	1875	0.5
1274	1876	0.5
1274	2474	0.25
1274	2475	0.25
1274	2476	0.25
1274	3074	0.25
1274	3075	0.25
1274	3076	0.25
1275	1275	1.0
1275	1276	0.5
1275	1874	0.25
1275	1875	0.25
1275	1876	0.25
1275	2474	0.5
1275	2475	0.5
1275	2476	0.5
1275	3074	0.25
1275	3075	0.25
1275	3076	0.25
1276	1276	1.0
1276	1874	0.25
1276	1875	0.25
1276	1876	0.25
1276	2474	0.25
1276	2475	0.25
1276	2476	0.25
1276	3074	0.5
1276	3075	0.5
1276	3076	0.5
1277	1277	1.0
1277	1278	0.5
1277	1279	0.5
1277	1877	0.5
1277	1878	0.5
1277	1879	0.5
1277	2477	0.25
1277	2478	0.25
1277	2479	0.25
1277	3077	0.25
1277	3078	0.25
1277	3079	0.25
1278	1278	1.0
1278	1279	0.5
1278	1877	0.25
1278	1878	0.25
1278	1879	0.25
1278	2477	0.5
1278	2478	0.5
1278	2479	0.5
1278	3077	0.25
1278	3078	0.25
1278	3079	0.25
1279	1279	1.0
1279	1877	0.25
1279	1878	0.25
1279	1879	0.25
1279	2477	0.25
1279	2478	0.25
1279	2479	0.25
1279	3077	0.5
1279	3078	0.5
1279	3079	0.5
1280	1280	1.0
1280	1281	0.5
1280	1282	0.5
1280	1880	0.5
1280	1881	0.5
1280	1882	0.5
1280	2480	0.25
1280	2481	0.25
1280	2482	0.25
1280	3080	0.25
1280	3081	0.25
1280	3082	0.25
1281	1281	1.0
1281	1282	0.5
1281	1880	0.25
1281	1881	0.25
1281	1882	0.25
1281	2480	0.5
1281	2481	0.5
1281	2482	0.5
1281	3080	0.25
1281	3081	0.25
1281	3082	0.25
1282	1282	1.0
1282	1880	0.25
1282	1881	0.25
1282	1882	0.25
1282	2480	0.25
1282	2481	0.25
1282	2482	0.25
1282	3080	0.5
1282	3081	0.5
1282	3082	0.5
1283	1283	1.0
1283	1284	0.5
1283	1285	0.5
1283	1883	0.5
1283	1884	0.5
1283	1885	0.5
1283	2483	0.25
1283	2484	0.25
1283	2485	0.25
1283	3083	0.25
1283	3084	0.25
1283	3085	0.25
1284	1284	1.0
1284	1285	0.5
1284	1883	0.25
1284	1884	0.25
1284	1885	0.25
1284	2483	0.5
1284	2484	0.5
1284	2485	0.5
1284	3083	0.25
1284	3084	0.25
1284	3085	0.25
1285	1285	1.0
1285	1883	0.25
1285	1884	0.25
1285	1885	0.25
1285	2483	0.25
1285	2484	0.25
1285	2485	0.25
1285	3083	0.5
1285	3084	0.5
1285	3085	0.5
1286	1286	1.0
1286	1287	0.5
1286	1288	0.5
1286	1886	0.5
1286	1887	0.5
1286	1888	0.5
1286	2486	0.25
1286	2487	0.25
1286	2488	0.25
1286	3086	0.25
1286	3087	0.25
1286	3088	0.25
1287	1287	1.0
1287	1288	0.5
1287	1886	0.25
1287	1887	0.25
1287	1888	0.25
1287	2486	0.5
1287	2487	0.5
1287	2488	0.5
1287	3086	0.25
1287	3087	0.25
1287	3088	0.25
1288	1288	1.0
1288	1886	0.25
1288	1887	0.25
1288	1888	0.25
1288	2486	0.25
1288	2487	0.25
1288	2488	0.25
1288	3086	0.5
1288	3087	0.5
1288	3088	0.5
1289	1289	1.0
1289	1290	0.5
1289	1291	0.5
1289	1889	0.5
1289	1890	0.5
1289	1891	0.5
1289	2489	0.25
1289	2490	0.25
1289	2491	0.25
1289	3089	0.25
1289	3090	0.25
1289	3091	0.25
1290	1290	1.0
1290	1291	0.5
1290	1889	0.25
1290	1890	0.25
1290	1891	0.25
1290	2489	0.5
1290	2490	0.5
1290	2491	0.5
1290	3089	0.25
1290	3090	0.25
1290	3091	0.25
1291	1291	1.0
1291	1889	0.25
1291	1890	0.25
1291	1891	0.25
1291	2489	0.25
1291	2490	0.25
1291	2491	0.25
1291	3089	0.5
1291	3090	0.5
1291	3091	0.5
1292	1292	1.0
1292	1293	0.5
1292	1294	0.5
1292	1892	0.5
1292	1893	0.5
1292	1894	0.5
1292	2492	0.25
1292	2493	0.25
1292	2494	0.25
1292	3092	0.25
1292	3093	0.25
1292	3094	0.25
1293	1293	1.0
1293	1294	0.5
1293	1892	0.25
1293	1893	0.25
1293	1894	0.25
1293	2492	0.5
1293	2493	0.5
1293	2494	0.5
1293	3092	0.25
1293	3093	0.25
1293	3094	0.25
1294	1294	1.0
1294	1892	0.25
1294	1893	0.25
1294	1894	0.25
1294	2492	0.25
1294	2493	0.25
1294	2494	0.25
1294	3092	0.5
1294	3093	0.5
1294	3094	0.5
1295	1295	1.0
1295	1296	0.5
1295	1297	0.5
1295	1895	0.5
1295	1896	0.5
1295	1897	0.5
1295	2495	0.25
1295	2496	0.25
1295	2497	0.25
1295	3095	0.25
1295	3096	0.25
1295	3097	0.25
1296	1296	1.0
1296	1297	0.5
1296	1895	0.25
1296	1896	0.25
1296	1897	0.25
1296	2495	0.5
1296	2496	0.5
1296	2497	0.5
1296	3095	0.25
1296	3096	0.25
1296	3097	0.25
1297	1297	1.0
1297	1895	0.25
1297	1896	0.25
1297	1897	0.25
1297	2495	0.25
1297	2496	0.25
1297	2497	0.25
1297	3095	0.5
1297	3096	0.5
1297	3097	0.5
1298	1298	1.0
1298	1299	0.5
1298	1300	0.5
1298	1898	0.5
1298	1899	0.5
1298	1900	0.5
1298	2498	0.25
1298	2499	0.25
1298	2500	0.25
1298	3098	0.25
1298	3099	0.25
1298	3100	0.25
1299	1299	1.0
1299	1300	0.5
1299	1898	0.25
1299	1899	0.25
1299	1900	0.25
1299	2498	0.5
1299	2499	0.5
1299	2500	0.5
1299	3098	0.25
1299	3099	0.25
1299	3100	0.25
1300	1300	1.0
1300	1898	0.25
1300	1899	0.25
1300	1900	0.25
1300	2498	0.25
1300	2499	0.25
1300	2500	0.25
1300	3098	0.5
1300	3099	0.5
1300	3100	0.5
1301	1301	1.0
1301	1302	0.5
1301	1303	0.5
1301	1901	0.5
1301	1902	0.5
1301	1903	0.5
1301	2501	0.25
1301	2502	0.25
1301	2503	0.25
1301	3101	0.25
1301	3102	0.25
1301	3103	0.25
1302	1302	1.0
1302	1303	0.5
1302	1901	0.25
1302	1902	0.25
1302	1903	0.25
1302	2501	0.5
1302	2502	0.5
1302	2503	0.5
1302	3101	0.25
1302	3102	0.25
1302	3103	0.25
1303	1303	1.0
1303	1901	0.25
1303	1902	0.25
1303	1903	0.25
1303	2501	0.25
1303	2502	0.25
1303	2503	0.25
1303	3101	0.5
1303	3102	0.5
1303	3103	0.5
1304	1304	1.0
1304	1305	0.5
1304	1306	0.5
1304	1904	0.5
1304	1905	0.5
1304	1906	0.5
1304	2504	0.25
1304	2505	0.25
1304	2506	0.25
1304	3104	0.25
1304	3105	0.25
1304	3106	0.25
1305	1305	1.0
1305	1306	0.5
1305	1904	0.25
1305	1905	0.25
1305	1906	0.25
1305	2504	0.5
1305	2505	0.5
1305	2506	0.5
1305	3104	0.25
1305	3105	0.25
1305	3106	0.25
1306	1306	1.0
1306	1904	0.25
1306	1905	0.25
1306	1906	0.25
1306	2504	0.25
1306	2505	0.25
1306	2506	0.25
1306	3104	0.5
1306	3105	0.5
1306	3106	0.5
1307	1307	1.0
1307	1308	0.5
1307	1309	0.5
1307	1907	0.5
1307	1908	0.5
1307	1909	0.5
1307	2507	0.25
1307	2508	0.25
1307	2509	0.25
1307	3107	0.25
1307	3108	0.25
1307	3109	0.25
1308	1308	1.0
1308	1309	0.5
1308	1907	0.25
1308	1908	0.25
1308	1909	0.25
1308	2507	0.5
1308	2508	0.5
1308	2509	0.5
1308	3107	0.25
1308	3108	0.25
1308	3109	0.25
1309	1309	1.0
1309	1907	0.25
1309	1908	0.25
1309	1909	0.25
1309	2507	0.25
1309	2508	0.25
1309	2509	0.25
1309	3107	0.5
1309	3108	0.5
1309	3109	0.5
1310	1310	1.0
1310	1311	0.5
1310	1312	0.5
1310	1910	0.5
1310	1911	0.5
1310	1912	0.5
1310	2510	0.25
1310	2511	0.25
1310	2512	0.25
1310	3110	0.25
1310	3111	0.25
1310	3112	0.25
1311	1311	1.0
1311	1312	0.5
1311	1910	0.25
1311	1911	0.25
1311	1912	0.25
1311	2510	0.5
1311	2511	0.5
1311	2512	0.5
1311	3110	0.25
1311	3111	0.25
1311	3112	0.25
1312	1312	1.0
1312	1910	0.25
1312	1911	0.25
1312	1912	0.25
1312	2510	0.25
1312	2511	0.25
1312	2512	0.25
1312	3110	0.5
1312	3111	0.5
1312	3112	0.5
1313	1313	1.0
1313	1314	0.5
1313	1315	0.5
1313	1913	0.5
1313	1914	0.5
1313	1915	0.5
1313	2513	0.25
1313	2514	0.25
1313	2515	0.25
1313	3113	0.25
1313	3114	0.25
1313	3115	0.25
1314	1314	1.0
1314	1315	0.5
1314	1913	0.25
1314	1914	0.25
1314	1915	0.25
1314	2513	0.5
1314	2514	0.5
1314	2515	0.5
1314	3113	0.25
1314	3114	0.25
1314	3115	0.25
1315	1315	1.0
1315	1913	0.25
1315	1914	0.25
1315	1915	0.25
1315	2513	0.25
1315	2514	0.25
1315	2515	0.25
1315	3113	0.5
1315	3114	0.5
1315	3115	0.5
1316	1316	1.0
1316	1317	0.5
1316	1318	0.5
1316	1916	0.5
1316	1917	0.5
1316	1918	0.5
1316	2516	0.25
1316	2517	0.25
1316	2518	0.25
1316	3116	0.25
1316	3117	0.25
1316	3118	0.25
1317	1317	1.0
1317	1318	0.5
1317	1916	0.25
1317	1917	0.25
1317	1918	0.25
1317	2516	0.5
1317	2517	0.5
1317	2518	0.5
1317	3116	0.25
1317	3117	0.25
1317	3118	0.25
1318	1318	1.0
1318	1916	0.25
1318	1917	0.25
1318	1918	0.25
1318	2516	0.25
1318	2517	0.25
1318	2518	0.25
1318	3116	0.5
1318	3117	0.5
1318	3118	0.5
1319	1319	1.0
1319	1320	0.5
1319	1321	0.5
1319	1919	0.5
1319	1920	0.5
1319	1921	0.5
1319	2519	0.25
1319	2520	0.25
1319	2521	0.25
1319	3119	0.25
1319	3120	0.25
1319	3121	0.25
1320	1320	1.0
1320	1321	0.5
1320	1919	0.25
1320	1920	0.25
1320	1921	0.25
1320	2519	0.5
1320	2520	0.5
1320	2521	0.5
1320	3119	0.25
1320	3120	0.25
1320	3121	0.25
1321	1321	1.0
1321	1919	0.25
1321	1920	0.25
1321	1921	0.25
1321	2519	0.25
1321	2520	0.25
1321	2521	0.25
1321	3119	0.5
1321	3120	0.5
1321	3121	0.5
1322	1322	1.0
1322	1323	0.5
1322	1324	0.5
1322	1922	0.5
1322	1923	0.5
1322	1924	0.5
1322	2522	0.25
1322	2523	0.25
1322	2524	0.25
1322	3122	0.25
1322	3123	0.25
1322	3124	0.25
1323	1323	1.0
1323	1324	0.5
1323	1922	0.25
1323	1923	0.25
1323	1924	0.25
1323	2522	0.5
1323	2523	0.5
1323	2524	0.5
1323	3122	0.25
1323	3123	0.25
1323	3124	0.25
1324	1324	1.0
1324	1922	0.25
1324	1923	0.25
1324	1924	0.25
1324	2522	0.25
1324	2523	0.25
1324	2524	0.25
1324	3122	0.5
1324	3123	0.5
1324	3124	0.5
1325	1325	1.0
1325	1326	0.5
1325	1327	0.5
1325	1925	0.5
1325	1926	0.5
1325	1927	0.5
1325	2525	0.25
1325	2526	0.25
1325	2527	0.25
1325	3125	0.25
1325	3126	0.25
1325	3127	0.25
1326	1326	1.0
1326	1327	0.5
1326	1925	0.25
1326	1926	0.25
1326	1927	0.25
1326	2525	0.5
1326	2526	0.5
1326	2527	0.5
1326	3125	0.25
1326	3126	0.25
1326	3127	0.25
1327	1327	1.0
1327	1925	0.25
1327	1926	0.25
1327	1927	0.25
1327	2525	0.25
1327	2526	0.25
1327	2527	0.25
1327	3125	0.5
1327	3126	0.5
1327	3127	0.5
1328	1328	1.0
1328	1329	0.5
1328	1330	0.5
1328	1928	0.5
1328	1929	0.5
1328	1930	0.5
1328	2528	0.25
1328	2529	0.25
1328	2530	0.25
1328	3128	0.25
1328	3129	0.25
1328	3130	0.25
1329	1329	1.0
1329	1330	0.5
1329	1928	0.25
1329	1929	0.25
1329	1930	0.25
1329	2528	0.5
1329	2529	0.5
1329	2530	0.5
1329	3128	0.25
1329	3129	0.25
1329	3130	0.25
1330	1330	1.0
1330	1928	0.25
1330	1929	0.25
1330	1930	0.25
1330	2528	0.25
1330	2529	0.25
1330	2530	0.25
1330	3128	0.5
1330	3129	0.5
1330	3130	0.5
1331	1331	1.0
1331	1332	0.5
1331	1333	0.5
1331	1931	0.5
1331	1932	0.5
1331	1933	0.5
1331	2531	0.25
1331	2532	0.25
1331	2533	0.25
1331	3131	0.25
1331	3132	0.25
1331	3133	0.25
1332	1332	1.0
1332	1333	0.5
1332	1931	0.25
1332	1932	0.25
1332	1933	0.25
1332	2531	0.5
1332	2532	0.5
1332	2533	0.5
1332	3131	0.25
1332	3132	0.25
1332	3133	0.25
1333	1333	1.0
1333	1931	0.25
1333	1932	0.25
1333	1933	0.25
1333	2531	0.25
1333	2532	0.25
1333	2533	0.25
1333	3131	0.5
1333	3132	0.5
1333	3133	0.5
1334	1334	1.0
1334	1335	0.5
1334	1336	0.5
1334	1934	0.5
1334	1935	0.5
1334	1936	0.5
1334	2534	0.25
1334	2535	0.25
1334	2536	0.25
1334	3134	0.25
1334	3135	0.25
1334	3136	0.25
1335	1335	1.0
1335	1336	0.5
1335	1934	0.25
1335	1935	0.25
1335	1936	0.25
1335	2534	0.5
1335	2535	0.5
1335	2536	0.5
1335	3134	0.25
1335	3135	0.25
1335	3136	0.25
1336	1336	1.0
1336	1934	0.25
1336	1935	0.25
1336	1936	0.25
1336	2534	0.25
1336	2535	0.25
1336	2536	0.25
1336	3134	0.5
1336	3135	0.5
1336	3136	0.5
1337	1337	1.0
1337	1338	0.5
1337	1339	0.5
1337	1937	0.5
1337	1938	0.5
1337	1939	0.5
1337	2537	0.25
1337	2538	0.25
1337	2539	0.25
1337	3137	0.25
1337	3138	0.25
1337	3139	0.25
1338	1338	1.0
1338	1339	0.5
1338	1937	0.25
1338	1938	0.25
1338	1939	0.25
1338	2537	0.5
1338	2538	0.5
1338	2539	0.5
1338	3137	0.25
1338	3138	0.25
1338	3139	0.25
1339	1339	1.0
1339	1937	0.25
1339	1938	0.25
1339	1939	0.25
1339	2537	0.25
1339	2538	0.25
1339	2539	0.25
1339	3137	0.5
1339	3138	0.5
1339	3139	0.5
1340	1340	1.0
1340	1341	0.5
1340	1342	0.5
1340	1940	0.5
1340	1941	0.5
1340	1942	0.5
1340	2540	0.25
1340	2541	0.25
1340	2542	0.25
1340	3140	0.25
1340	3141	0.25
1340	3142	0.25
1341	1341	1.0
1341	1342	0.5
1341	1940	0.25
1341	1941	0.25
1341	1942	0.25
1341	2540	0.5
1341	2541	0.5
1341	2542	0.5
1341	3140	0.25
1341	3141	0.25
1341	3142	0.25
1342	1342	1.0
1342	1940	0.25
1342	1941	0.25
1342	1942	0.25
1342	2540	0.25
1342	2541	0.25
1342	2542	0.25
1342	3140	0.5
1342	3141	0.5
1342	3142	0.5
1343	1343	1.0
1343	1344	0.5
1343	1345	0.5
1343	1943	0.5
1343	1944	0.5
1343	1945	0.5
1343	2543	0.25
1343	2544	0.25
1343	2545	0.25
1343	3143	0.25
1343	3144	0.25
1343	3145	0.25
1344	1344	1.0
1344	1345	0.5
1344	1943	0.25
1344	1944	0.25
1344	1945	0.25
1344	2543	0.5
1344	2544	0.5
1344	2545	0.5
1344	3143	0.25
1344	3144	0.25
1344	3145	0.25
1345	1345	1.0
1345	1943	0.25
1345	1944	0.25
1345	1945	0.25
1345	2543	0.25
1345	2544	0.25
1345	2545	0.25
1345	3143	0.5
1345	3144	0.5
1345	3145	0.5
1346	1346	1.0
1346	1347	0.5
1346	1348	0.5
1346	1946	0.5
1346	1947	0.5
1346	1948	0.5
1346	2546	0.25
1346	2547	0.25
1346	2548	0.25
1346	3146	0.25
1346	3147	0.25
1346	3148	0.25
1347	1347	1.0
1347	1348	0.5
1347	1946	0.25
1347	1947	0.25
1347	1948	0.25
1347	2546	0.5
1347	2547	0.5
1347	2548	0.5
1347	3146	0.25
1347	3147	0.25
1347	3148	0.25
1348	1348	1.0
1348	1946	0.25
1348	1947	0.25
1348	1948	0.25
1348	2546	0.25
1348	2547	0.25
1348	2548	0.25
1348	3146	0.5
1348	3147	0.5
1348	3148	0.5
1349	1349	1.0
1349	1350	0.5
1349	1351	0.5
1349	1949	0.5
1349	1950	0.5
1349	1951	0.5
1349	2549	0.25
1349	2550	0.25
1349	2551	0.25
1349	3149	0.25
1349	3150	0.25
1349	3151	0.25
1350	1350	1.0
1350	1351	0.5
1350	1949	0.25
1350	1950	0.25
1350	1951	0.25
1350	2549	0.5
1350	2550	0.5
1350	2551	0.5
1350	3149	0.25
1350	3150	0.25
1350	3151	0.25
1351	1351	1.0
1351	1949	0.25
1351	1950	0.25
1351	1951	0.25
1351	2549	0.25
1351	2550	0.25
1351	2551	0.25
1351	3149	0.5
1351	3150	0.5
1351	3151	0.5
1352	1352	1.0
1352	1353	0.5
1352	1354	0.5
1352	1952	0.5
1352	1953	0.5
1352	1954	0.5
1352	2552	0.25
1352	2553	0.25
1352	2554	0.25
1352	3152	0.25
1352	3153	0.25
1352	3154	0.25
1353	1353	1.0
1353	1354	0.5
1353	1952	0.25
1353	1953	0.25
1353	1954	0.25
1353	2552	0.5
1353	2553	0.5
1353	2554	0.5
1353	3152	0.25
1353	3153	0.25
1353	3154	0.25
1354	1354	1.0
1354	1952	0.25
1354	1953	0.25
1354	1954	0.25
1354	2552	0.25
1354	2553	0.25
1354	2554	0.25
1354	3152	0.5
1354	3153	0.5
1354	3154	0.5
1355	1355	1.0
1355	1356	0.5
1355	1357	0.5
1355	1955	0.5
1355	1956	0.5
1355	1957	0.5
1355	2555	0.25
1355	2556	0.25
1355	2557	0.25
1355	3155	0.25
1355	3156	0.25
1355	3157	0.25
1356	1356	1.0
1356	1357	0.5
1356	1955	0.25
1356	1956	0.25
1356	1957	0.25
1356	2555	0.5
1356	2556	0.5
1356	2557	0.5
1356	3155	0.25
1356	3156	0.25
1356	3157	0.25
1357	1357	1.0
1357	1955	0.25
1357	1956	0.25
1357	1957	0.25
1357	2555	0.25
1357	2556	0.25
1357	2557	0.25
1357	3155	0.5
1357	3156	0.5
1357	3157	0.5
1358	1358	1.0
1358	1359	0.5
1358	1360	0.5
1358	1958	0.5
1358	1959	0.5
1358	1960	0.5
1358	2558	0.25
1358	2559	0.25
1358	2560	0.25
1358	3158	0.25
1358	3159	0.25
1358	3160	0.25
1359	1359	1.0
1359	1360	0.5
1359	1958	0.25
1359	1959	0.25
1359	1960	0.25
1359	2558	0.5
1359	2559	0.5
1359	2560	0.5
1359	3158	0.25
1359	3159	0.25
1359	3160	0.25
1360	1360	1.0
1360	1958	0.25
1360	1959	0.25
1360	1960	0.25
1360	2558	0.25
1360	2559	0.25
1360	2560	0.25
1360	3158	0.5
1360	3159	0.5
1360	3160	0.5
1361	1361	1.0
1361	1362	0.5
1361	1363	0.5
1361	1961	0.5
1361	1962	0.5
1361	1963	0.5
1361	2561	0.25
1361	2562	0.25
1361	2563	0.25
1361	3161	0.25
1361	3162	0.25
1361	3163	0.25
1362	1362	1.0
1362	1363	0.5
1362	1961	0.25
1362	1962	0.25
1362	1963	0.25
1362	2561	0.5
1362	2562	0.5
1362	2563	0.5
1362	3161	0.25
1362	3162	0.25
1362	3163	0.25
1363	1363	1.0
1363	1961	0.25
1363	1962	0.25
1363	1963	0.25
1363	2561	0.25
1363	2562	0.25
1363	2563	0.25
1363	3161	0.5
1363	3162	0.5
1363	3163	0.5
1364	1364	1.0
1364	1365	0.5
1364	1366	0.5
1364	1964	0.5
1364	1965	0.5
1364	1966	0.5
1364	2564	0.25
1364	2565	0.25
1364	2566	0.25
1364	3164	0.25
1364	3165	0.25
1364	3166	0.25
1365	1365	1.0
1365	1366	0.5
1365	1964	0.25
1365	1965	0.25
1365	1966	0.25
1365	2564	0.5
1365	2565	0.5
1365	2566	0.5
1365	3164	0.25
1365	3165	0.25
1365	3166	0.25
1366	1366	1.0
1366	1964	0.25
1366	1965	0.25
1366	1966	0.25
1366	2564	0.25
1366	2565	0.25
1366	2566	0.25
1366	3164	0.5
1366	3165	0.5
1366	3166	0.5
1367	1367	1.0
1367	1368	0.5
1367	1369	0.5
1367	1967	0.5
1367	1968	0.5
1367	1969	0.5
1367	2567	0.25
1367	2568	0.25
1367	2569	0.25
1367	3167	0.25
1367	3168	0.25
1367	3169	0.25
1368	1368	1.0
1368	1369	0.5
1368	1967	0.25
1368	1968	0.25
1368	1969	0.25
1368	2567	0.5
1368	2568	0.5
1368	2569	0.5
1368	3167	0.25
1368	3168	0.25
1368	3169	0.25
1369	1369	1.0
1369	1967	0.25
1369	1968	0.25
1369	1969	0.25
1369	2567	0.25
1369	2568	0.25
1369	2569	0.25
1369	3167	0.5
1369	3168	0.5
1369	3169	0.5
1370	1370	1.0
1370	1371	0.5
1370	1372	0.5
1370	1970	0.5
1370	1971	0.5
1370	1972	0.5
1370	2570	0.25
1370	2571	0.25
1370	2572	0.25
1370	3170	0.25
1370	3171	0.25
1370	3172	0.25
1371	1371	1.0
1371	1372	0.5
1371	1970	0.25
1371	1971	0.25
1371	1972	0.25
1371	2570	0.5
1371	2571	0.5
1371	2572	0.5
1371	3170	0.25
1371	3171	0.25
1371	3172	0.25
1372	1372	1.0
1372	1970	0.25
1372	1971	0.25
1372	1972	0.25
1372	2570	0.25
1372	2571	0.25
1372	2572	0.25
1372	3170	0.5
1372	3171	0.5
1372	3172	0.5
1373	1373	1.0
1373	1374	0.5
1373	1375	0.5
1373	1973	0.5
1373	1974	0.5
1373	1975	0.5
1373	2573	0.25
1373	2574	0.25
1373	2575	0.25
1373	3173	0.25
1373	3174	0.25
1373	3175	0.25
1374	1374	1.0
1374	1375	0.5
1374	1973	0.25
1374	1974	0.25
1374	1975	0.25
1374	2573	0.5
1374	2574	0.5
1374	2575	0.5
1374	3173	0.25
1374	3174	0.25
1374	3175	0.25
1375	1375	1.0
1375	1973	0.25
1375	1974	0.25
1375	1975	0.25
1375	2573	0.25
1375	2574	0.25
1375	2575	0.25
1375	3173	0.5
1375	3174	0.5
1375	3175	0.5
1376	1376	1.0
1376	1377	0.5
1376	1378	0.5
1376	1976	0.5
1376	1977	0.5
1376	1978	0.5
1376	2576	0.25
1376	2577	0.25
1376	2578	0.25
1376	3176	0.25
1376	3177	0.25
1376	3178	0.25
1377	1377	1.0
1377	1378	0.5
1377	1976	0.25
1377	1977	0.25
1377	1978	0.25
1377	2576	0.5
1377	2577	0.5
1377	2578	0.5
1377	3176	0.25
1377	3177	0.25
1377	3178	0.25
1378	1378	1.0
1378	1976	0.25
1378	1977	0.25
1378	1978	0.25
1378	2576	0.25
1378	2577	0.25
1378	2578	0.25
1378	3176	0.5
1378	3177	0.5
1378	3178	0.5
1379	1379	1.0
1379	1380	0.5
1379	1381	0.5
1379	1979	0.5
1379	1980	0.5
1379	1981	0.5
1379	2579	0.25
1379	2580	0.25
1379	2581	0.25
1379	3179	0.25
1379	3180	0.25
1379	3181	0.25
1380	1380	1.0
1380	1381	0.5
1380	1979	0.25
1380	1980	0.25
1380	1981	0.25
1380	2579	0.5
1380	2580	0.5
1380	2581	0.5
1380	3179	0.25
1380	3180	0.25
1380	3181	0.25
1381	1381	1.0
1381	1979	0.25
1381	1980	0.25
1381	1981	0.25
1381	2579	0.25
1381	2580	0.25
1381	2581	0.25
1381	3179	0.5
1381	3180	0.5
1381	3181	0.5
1382	1382	1.0
1382	1383	0.5
1382	1384	0.5
1382	1982	0.5
1382	1983	0.5
1382	1984	0.5
1382	2582	0.25
1382	2583	0.25
1382	2584	0.25
1382	3182	0.25
1382	3183	0.25
1382	3184	0.25
1383	1383	1.0
1383	1384	0.5
1383	1982	0.25
1383	1983	0.25
1383	1984	0.25
1383	2582	0.5
1383	2583	0.5
1383	2584	0.5
1383	3182	0.25
1383	3183	0.25
1383	3184	0.25
1384	1384	1.0
1384	1982	0.25
1384	1983	0.25
1384	1984	0.25
1384	2582	0.25
1384	2583	0.25
1384	2584	0.25
1384	3182	0.5
1384	3183	0.5
1384	3184	0.5
1385	1385	1.0
1385	1386	0.5
1385	1387	0.5
1385	1985	0.5
1385	1986	0.5
1385	1987	0.5
1385	2585	0.25
1385	2586	0.25
1385	2587	0.25
1385	3185	0.25
1385	3186	0.25
1385	3187	0.25
1386	1386	1.0
1386	1387	0.5
1386	1985	0.25
1386	1986	0.25
1386	1987	0.25
1386	2585	0.5
1386	2586	0.5
1386	2587	0.5
1386	3185	0.25
1386	3186	0.25
1386	3187	0.25
1387	1387	1.0
1387	1985	0.25
1387	1986	0.25
1387	1987	0.25
1387	2585	0.25
1387	2586	0.25
1387	2587	0.25
1387	3185	0.5
1387	3186	0.5
1387	3187	0.5
1388	1388	1.0
1388	1389	0.5
1388	1390	0.5
1388	1988	0.5
1388	1989	0.5
1388	1990	0.5
1388	2588	0.25
1388	2589	0.25
1388	2590	0.25
1388	3188	0.25
1388	3189	0.25
1388	3190	0.25
1389	1389	1.0
1389	1390	0.5
1389	1988	0.25
1389	1989	0.25
1389	1990	0.25
1389	2588	0.5
1389	2589	0.5
1389	2590	0.5
1389	3188	0.25
1389	3189	0.25
1389	3190	0.25
1390	1390	1.0
1390	1988	0.25
1390	1989	0.25
1390	1990	0.25
1390	2588	0.25
1390	2589	0.25
1390	2590	0.25
1390	3188	0.5
1390	3189	0.5
1390	3190	0.5
1391	1391	1.0
1391	1392	0.5
1391	1393	0.5
1391	1991	0.5
1391	1992	0.5
1391	1993	0.5
1391	2591	0.25
1391	2592	0.25
1391	2593	0.25
1391	3191	0.25
1391	3192	0.25
1391	3193	0.25
1392	1392	1.0
1392	1393	0.5
1392	1991	0.25
1392	1992	0.25
1392	1993	0.25
1392	2591	0.5
1392	2592	0.5
1392	2593	0.5
1392	3191	0.25
1392	3192	0.25
1392	3193	0.25
1393	1393	1.0
1393	1991	0.25
1393	1992	0.25
1393	1993	0.25
1393	2591	0.25
1393	2592	0.25
1393	2593	0.25
1393	3191	0.5
1393	3192	0.5
1393	3193	0.5
1394	1394	1.0
1394	1395	0.5
1394	1396	0.5
1394	1994	0.5
1394	1995	0.5
1394	1996	0.5
1394	2594	0.25
1394	2595	0.25
1394	2596	0.25
1394	3194	0.25
1394	3195	0.25
1394	3196	0.25
1395	1395	1.0
1395	1396	0.5
1395	1994	0.25
1395	1995	0.25
1395	1996	0.25
1395	2594	0.5
1395	2595	0.5
1395	2596	0.5
1395	3194	0.25
1395	3195	0.25
1395	3196	0.25
1396	1396	1.0
1396	1994	0.25
1396	1995	0.25
1396	1996	0.25
1396	2594	0.25
1396	2595	0.25
1396	2596	0.25
1396	3194	0.5
1396	3195	0.5
1396	3196	0.5
1397	1397	1.0
1397	1398	0.5
1397	1399	0.5
1397	1997	0.5
1397	1998	0.5
1397	1999	0.5
1397	2597	0.25
1397	2598	0.25
1397	2599	0.25
1397	3197	0.25
1397	3198	0.25
1397	3199	0.25
1398	1398	1.0
1398	1399	0.5
1398	1997	0.25
1398	1998	0.25
1398	1999	0.25
1398	2597	0.5
1398	2598	0.5
1398	2599	0.5
1398	3197	0.25
1398	3198	0.25
1398	3199	0.25
1399	1399	1.0
1399	1997	0.25
1399	1998	0.25
1399	1999	0.25
1399	2597	0.25
1399	2598	0.25
1399	2599	0.25
1399	3197	0.5
1399	3198	0.5
1399	3199	0.5
1400	1400	1.0
1400	1401	0.5
1400	1402	0.5
1400	2000	0.5
1400	2001	0.5
1400	2002	0.5
1400	2600	0.25
1400	2601	0.25
1400	2602	0.25
1400	3200	0.25
1400	3201	0.25
1400	3202	0.25
1401	1401	1.0
1401	1402	0.5
1401	2000	0.25
1401	2001	0.25
1401	2002	0.25
1401	2600	0.5
1401	2601	0.5
1401	2602	0.5
1401	3200	0.25
1401	3201	0.25
1401	3202	0.25
1402	1402	1.0
1402	2000	0.25
1402	2001	0.25
1402	2002	0.25
1402	2600	0.25
1402	2601	0.25
1402	2602	0.25
1402	3200	0.5
1402	3201	0.5
1402	3202	0.5
1403	1403	1.0
1403	1404	0.5
1403	1405	0.5
1403	2003	0.5
1403	2004	0.5
1403	2005	0.5
1403	2603	0.25
1403	2604	0.25
1403	2605	0.25
1403	3203	0.25
1403	3204	0.25
1403	3205	0.25
1404	1404	1.0
1404	1405	0.5
1404	2003	0.25
1404	2004	0.25
1404	2005	0.25
1404	2603	0.5
1404	2604	0.5
1404	2605	0.5
1404	3203	0.25
1404	3204	0.25
1404	3205	0.25
1405	1405	1.0
1405	2003	0.25
1405	2004	0.25
1405	2005	0.25
1405	2603	0.25
1405	2604	0.25
1405	2605	0.25
1405	3203	0.5
1405	3204	0.5
1405	3205	0.5
1406	1406	1.0
1406	1407	0.5
1406	1408	0.5
1406	2006	0.5
1406	2007	0.5
1406	2008	0.5
1406	2606	0.25
1406	2607	0.25
1406	2608	0.25
1406	3206	0.25
1406	3207	0.25
1406	3208	0.25
1407	1407	1.0
1407	1408	0.5
1407	2006	0.25
1407	2007	0.25
1407	2008	0.25
1407	2606	0.5
1407	2607	0.5
1407	2608	0.5
1407	3206	0.25
1407	3207	0.25
1407	3208	0.25
1408	1408	1.0
1408	2006	0.25
1408	2007	0.25
1408	2008	0.25
1408	2606	0.25
1408	2607	0.25
1408	2608	0.25
1408	3206	0.5
1408	3207	0.5
1408	3208	0.5
1409	1409	1.0
1409	1410	0.5
1409	1411	0.5
1409	2009	0.5
1409	2010	0.5
1409	2011	0.5
1409	2609	0.25
1409	2610	0.25
1409	2611	0.25
1409	3209	0.25
1409	3210	0.25
1409	3211	0.25
1410	1410	1.0
1410	1411	0.5
1410	2009	0.25
1410	2010	0.25
1410	2011	0.25
1410	2609	0.5
1410	2610	0.5
1410	2611	0.5
1410	3209	0.25
1410	3210	0.25
1410	3211	0.25
1411	1411	1.0
1411	2009	0.25
1411	2010	0.25
1411	2011	0.25
1411	2609	0.25
1411	2610	0.25
1411	2611	0.25
1411	3209	0.5
1411	3210	0.5
1411	3211	0.5
1412	1412	1.0
1412	1413	0.5
1412	1414	0.5
1412	2012	0.5
1412	2013	0.5
1412	2014	0.5
1412	2612	0.25
1412	2613	0.25
1412	2614	0.25
1412	3212	0.25
1412	3213	0.25
1412	3214	0.25
1413	1413	1.0
1413	1414	0.5
1413	2012	0.25
1413	2013	0.25
1413	2014	0.25
1413	2612	0.5
1413	2613	0.5
1413	2614	0.5
1413	3212	0.25
1413	3213	0.25
1413	3214	0.25
1414	1414	1.0
1414	2012	0.25
1414	2013	0.25
1414	2014	0.25
1414	2612	0.25
1414	2613	0.25
1414	2614	0.25
1414	3212	0.5
1414	3213	0.5
1414	3214	0.5
1415	1415	1.0
1415	1416	0.5
1415	1417	0.5
1415	2015	0.5
1415	2016	0.5
1415	2017	0.5
1415	2615	0.25
1415	2616	0.25
1415	2617	0.25
1415	3215	0.25
1415	3216	0.25
1415	3217	0.25
1416	1416	1.0
1416	1417	0.5
1416	2015	0.25
1416	2016	0.25
1416	2017	0.25
1416	2615	0.5
1416	2616	0.5
1416	2617	0.5
1416	3215	0.25
1416	3216	0.25
1416	3217	0.25
1417	1417	1.0
1417	2015	0.25
1417	2016	0.25
1417	2017	0.25
1417	2615	0.25
1417	2616	0.25
1417	2617	0.25
1417	3215	0.5
1417	3216	0.5
1417	3217	0.5
1418	1418	1.0
1418	1419	0.5
1418	1420	0.5
1418	2018	0.5
1418	2019	0.5
1418	2020	0.5
1418	2618	0.25
1418	2619	0.25
1418	2620	0.25
1418	3218	0.25
1418	3219	0.25
1418	3220	0.25
1419	1419	1.0
1419	1420	0.5
1419	2018	0.25
1419	2019	0.25
1419	2020	0.25
1419	2618	0.5
1419	2619	0.5
1419	2620	0.5
1419	3218	0.25
1419	3219	0.25
1419	3220	0.25
1420	1420	1.0
1420	2018	0.25
1420	2019	0.25
1420	2020	0.25
1420	2618	0.25
1420	2619	0.25
1420	2620	0.25
1420	3218	0.5
1420	3219	0.5
1420	3220	0.5
1421	1421	1.0
1421	1422	0.5
1421	1423	0.5
1421	2021	0.5
1421	2022	0.5
1421	2023	0.5
1421	2621	0.25
1421	2622	0.25
1421	2623	0.25
1421	3221	0.25
1421	3222	0.25
1421	3223	0.25
1422	1422	1.0
1422	1423	0.5
1422	2021	0.25
1422	2022	0.25
1422	2023	0.25
1422	2621	0.5
1422	2622	0.5
1422	2623	0.5
1422	3221	0.25
1422	3222	0.25
1422	3223	0.25
1423	1423	1.0
1423	2021	0.25
1423	2022	0.25
1423	2023	0.25
1423	2621	0.25
1423	2622	0.25
1423	2623	0.25
1423	3221	0.5
1423	3222	0.5
1423	3223	0.5
1424	1424	1.0
1424	1425	0.5
1424	1426	0.5
1424	2024	0.5
1424	2025	0.5
1424	2026	0.5
1424	2624	0.25
1424	2625	0.25
1424	2626	0.25
1424	3224	0.25
1424	3225	0.25
1424	3226	0.25
1425	1425	1.0
1425	1426	0.5
1425	2024	0.25
1425	2025	0.25
1425	2026	0.25
1425	2624	0.5
1425	2625	0.5
1425	2626	0.5
1425	3224	0.25
1425	3225	0.25
1425	3226	0.25
1426	1426	1.0
1426	2024	0.25
1426	2025	0.25
1426	2026	0.25
1426	2624	0.25
1426	2625	0.25
1426	2626	0.25
1426	3224	0.5
1426	3225	0.5
1426	3226	0.5
1427	1427	1.0
1427	1428	0.5
1427	1429	0.5
1427	2027	0.5
1427	2028	0.5
1427	2029	0.5
1427	2627	0.25
1427	2628	0.25
1427	2629	0.25
1427	3227	0.25
1427	3228	0.25
1427	3229	0.25
1428	1428	1.0
1428	1429	0.5
1428	2027	0.25
1428	2028	0.25
1428	2029	0.25
1428	2627	0.5
1428	2628	0.5
1428	2629	0.5
1428	3227	0.25
1428	3228	0.25
1428	3229	0.25
1429	1429	1.0
1429	2027	0.25
1429	2028	0.25
1429	2029	0.25
1429	2627	0.25
1429	2628	0.25
1429	2629	0.25
1429	3227	0.5
1429	3228	0.5
1429	3229	0.5
1430	1430	1.0
1430	1431	0.5
1430	1432	0.5
1430	2030	0.5
1430	2031	0.5
1430	2032	0.5
1430	2630	0.25
1430	2631	0.25
1430	2632	0.25
1430	3230	0.25
1430	3231	0.25
1430	3232	0.25
1431	1431	1.0
1431	1432	0.5
1431	2030	0.25
1431	2031	0.25
1431	2032	0.25
1431	2630	0.5
1431	2631	0.5
1431	2632	0.5
1431	3230	0.25
1431	3231	0.25
1431	3232	0.25
1432	1432	1.0
1432	2030	0.25
1432	2031	0.25
1432	2032	0.25
1432	2630	0.25
1432	2631	0.25
1432	2632	0.25
1432	3230	0.5
1432	3231	0.5
1432	3232	0.5
1433	1433	1.0
1433	1434	0.5
1433	1435	0.5
1433	2033	0.5
1433	2034	0.5
1433	2035	0.5
1433	2633	0.25
1433	2634	0.25
1433	2635	0.25
1433	3233	0.25
1433	3234	0.25
1433	3235	0.25
1434	1434	1.0
1434	1435	0.5
1434	2033	0.25
1434	2034	0.25
1434	2035	0.25
1434	2633	0.5
1434	2634	0.5
1434	2635	0.5
1434	3233	0.25
1434	3234	0.25
1434	3235	0.25
1435	1435	1.0
1435	2033	0.25
1435	2034	0.25
1435	2035	0.25
1435	2633	0.25
1435	2634	0.25
1435	2635	0.25
1435	3233	0.5
1435	3234	0.5
1435	3235	0.5
1436	1436	1.0
1436	1437	0.5
1436	1438	0.5
1436	2036	0.5
1436	2037	0.5
1436	2038	0.5
1436	2636	0.25
1436	2637	0.25
1436	2638	0.25
1436	3236	0.25
1436	3237	0.25
1436	3238	0.25
1437	1437	1.0
1437	1438	0.5
1437	2036	0.25
1437	2037	0.25
1437	2038	0.25
1437	2636	0.5
1437	2637	0.5
1437	2638	0.5
1437	3236	0.25
1437	3237	0.25
1437	3238	0.25
1438	1438	1.0
1438	2036	0.25
1438	2037	0.25
1438	2038	0.25
1438	2636	0.25
1438	2637	0.25
1438	2638	0.25
1438	3236	0.5
1438	3237	0.5
1438	3238	0.5
1439	1439	1.0
1439	1440	0.5
1439	1441	0.5
1439	2039	0.5
1439	2040	0.5
1439	2041	0.5
1439	2639	0.25
1439	2640	0.25
1439	2641	0.25
1439	3239	0.25
1439	3240	0.25
1439	3241	0.25
1440	1440	1.0
1440	1441	0.5
1440	2039	0.25
1440	2040	0.25
1440	2041	0.25
1440	2639	0.5
1440	2640	0.5
1440	2641	0.5
1440	3239	0.25
1440	3240	0.25
1440	3241	0.25
1441	1441	1.0
1441	2039	0.25
1441	2040	0.25
1441	2041	0.25
1441	2639	0.25
1441	2640	0.25
1441	2641	0.25
1441	3239	0.5
1441	3240	0.5
1441	3241	0.5
1442	1442	1.0
1442	1443	0.5
1442	1444	0.5
1442	2042	0.5
1442	2043	0.5
1442	2044	0.5
1442	2642	0.25
1442	2643	0.25
1442	2644	0.25
1442	3242	0.25
1442	3243	0.25
1442	3244	0.25
1443	1443	1.0
1443	1444	0.5
1443	2042	0.25
1443	2043	0.25
1443	2044	0.25
1443	2642	0.5
1443	2643	0.5
1443	2644	0.5
1443	3242	0.25
1443	3243	0.25
1443	3244	0.25
1444	1444	1.0
1444	2042	0.25
1444	2043	0.25
1444	2044	0.25
1444	2642	0.25
1444	2643	0.25
1444	2644	0.25
1444	3242	0.5
1444	3243	0.5
1444	3244	0.5
1445	1445	1.0
1445	1446	0.5
1445	1447	0.5
1445	2045	0.5
1445	2046	0.5
1445	2047	0.5
1445	2645	0.25
1445	2646	0.25
1445	2647	0.25
1445	3245	0.25
1445	3246	0.25
1445	3247	0.25
1446	1446	1.0
1446	1447	0.5
1446	2045	0.25
1446	2046	0.25
1446	2047	0.25
1446	2645	0.5
1446	2646	0.5
1446	2647	0.5
1446	3245	0.25
1446	3246	0.25
1446	3247	0.25
1447	1447	1.0
1447	2045	0.25
1447	2046	0.25
1447	2047	0.25
1447	2645	0.25
1447	2646	0.25
1447	2647	0.25
1447	3245	0.5
1447	3246	0.5
1447	3247	0.5
1448	1448	1.0
1448	1449	0.5
1448	1450	0.5
1448	2048	0.5
1448	2049	0.5
1448	2050	0.5
1448	2648	0.25
1448	2649	0.25
1448	2650	0.25
1448	3248	0.25
1448	3249	0.25
1448	3250	0.25
1449	1449	1.0
1449	1450	0.5
1449	2048	0.25
1449	2049	0.25
1449	2050	0.25
1449	2648	0.5
1449	2649	0.5
1449	2650	0.5
1449	3248	0.25
1449	3249	0.25
1449	3250	0.25
1450	1450	1.0
1450	2048	0.25
1450	2049	0.25
1450	2050	0.25
1450	2648	0.25
1450	2649	0.25
1450	2650	0.25
1450	3248	0.5
1450	3249	0.5
1450	3250	0.5
1451	1451	1.0
1451	1452	0.5
1451	1453	0.5
1451	2051	0.5
1451	2052	0.5
1451	2053	0.5
1451	2651	0.25
1451	2652	0.25
1451	2653	0.25
1451	3251	0.25
1451	3252	0.25
1451	3253	0.25
1452	1452	1.0
1452	1453	0.5
1452	2051	0.25
1452	2052	0.25
1452	2053	0.25
1452	2651	0.5
1452	2652	0.5
1452	2653	0.5
1452	3251	0.25
1452	3252	0.25
1452	3253	0.25
1453	1453	1.0
1453	2051	0.25
1453	2052	0.25
1453	2053	0.25
1453	2651	0.25
1453	2652	0.25
1453	2653	0.25
1453	3251	0.5
1453	3252	0.5
1453	3253	0.5
1454	1454	1.0
1454	1455	0.5
1454	1456	0.5
1454	2054	0.5
1454	2055	0.5
1454	2056	0.5
1454	2654	0.25
1454	2655	0.25
1454	2656	0.25
1454	3254	0.25
1454	3255	0.25
1454	3256	0.25
1455	1455	1.0
1455	1456	0.5
1455	2054	0.25
1455	2055	0.25
1455	2056	0.25
1455	2654	0.5
1455	2655	0.5
1455	2656	0.5
1455	3254	0.25
1455	3255	0.25
1455	3256	0.25
1456	1456	1.0
1456	2054	0.25
1456	2055	0.25
1456	2056	0.25
1456	2654	0.25
1456	2655	0.25
1456	2656	0.25
1456	3254	0.5
1456	3255	0.5
1456	3256	0.5
1457	1457	1.0
1457	1458	0.5
1457	1459	0.5
1457	2057	0.5
1457	2058	0.5
1457	2059	0.5
1457	2657	0.25
1457	2658	0.25
1457	2659	0.25
1457	3257	0.25
1457	3258	0.25
1457	3259	0.25
1458	1458	1.0
1458	1459	0.5
1458	2057	0.25
1458	2058	0.25
1458	2059	0.25
1458	2657	0.5
1458	2658	0.5
1458	2659	0.5
1458	3257	0.25
1458	3258	0.25
1458	3259	0.25
1459	1459	1.0
1459	2057	0.25
1459	2058	0.25
1459	2059	0.25
1459	2657	0.25
1459	2658	0.25
1459	2659	0.25
1459	3257	0.5
1459	3258	0.5
1459	3259	0.5
1460	1460	1.0
1460	1461	0.5
1460	1462	0.5
1460	2060	0.5
1460	2061	0.5
1460	2062	0.5
1460	2660	0.25
1460	2661	0.25
1460	2662	0.25
1460	3260	0.25
1460	3261	0.25
1460	3262	0.25
1461	1461	1.0
1461	1462	0.5
1461	2060	0.25
1461	2061	0.25
1461	2062	0.25
1461	2660	0.5
1461	2661	0.5
1461	2662	0.5
1461	3260	0.25
1461	3261	0.25
1461	3262	0.25
1462	1462	1.0
1462	2060	0.25
1462	2061	0.25
1462	2062	0.25
1462	2660	0.25
1462	2661	0.25
1462	2662	0.25
1462	3260	0.5
1462	3261	0.5
1462	3262	0.5
1463	1463	1.0
1463	1464	0.5
1463	1465	0.5
1463	2063	0.5
1463	2064	0.5
1463	2065	0.5
1463	2663	0.25
1463	2664	0.25
1463	2665	0.25
1463	3263	0.25
1463	3264	0.25
1463	3265	0.25
1464	1464	1.0
1464	1465	0.5
1464	2063	0.25
1464	2064	0.25
1464	2065	0.25
1464	2663	0.5
1464	2664	0.5
1464	2665	0.5
1464	3263	0.25
1464	3264	0.25
1464	3265	0.25
1465	1465	1.0
1465	2063	0.25
1465	2064	0.25
1465	2065	0.25
1465	2663	0.25
1465	2664	0.25
1465	2665	0.25
1465	3263	0.5
1465	3264	0.5
1465	3265	0.5
1466	1466	1.0
1466	1467	0.5
1466	1468	0.5
1466	2066	0.5
1466	2067	0.5
1466	2068	0.5
1466	2666	0.25
1466	2667	0.25
1466	2668	0.25
1466	3266	0.25
1466	3267	0.25
1466	3268	0.25
1467	1467	1.0
1467	1468	0.5
1467	2066	0.25
1467	2067	0.25
1467	2068	0.25
1467	2666	0.5
1467	2667	0.5
1467	2668	0.5
1467	3266	0.25
1467	3267	0.25
1467	3268	0.25
1468	1468	1.0
1468	2066	0.25
1468	2067	0.25
1468	2068	0.25
1468	2666	0.25
1468	2667	0.25
1468	2668	0.25
1468	3266	0.5
1468	3267	0.5
1468	3268	0.5
1469	1469	1.0
1469	1470	0.5
1469	1471	0.5
1469	2069	0.5
1469	2070	0.5
1469	2071	0.5
1469	2669	0.25
1469	2670	0.25
1469	2671	0.25
1469	3269	0.25
1469	3270	0.25
1469	3271	0.25
1470	1470	1.0
1470	1471	0.5
1470	2069	0.25
1470	2070	0.25
1470	2071	0.25
1470	2669	0.5
1470	2670	0.5
1470	2671	0.5
1470	3269	0.25
1470	3270	0.25
1470	3271	0.25
1471	1471	1.0
1471	2069	0.25
1471	2070	0.25
1471	2071	0.25
1471	2669	0.25
1471	2670	0.25
1471	2671	0.25
1471	3269	0.5
1471	3270	0.5
1471	3271	0.5
1472	1472	1.0
1472	1473	0.5
1472	1474	0.5
1472	2072	0.5
1472	2073	0.5
1472	2074	0.5
1472	2672	0.25
1472	2673	0.25
1472	2674	0.25
1472	3272	0.25
1472	3273	0.25
1472	3274	0.25
1473	1473	1.0
1473	1474	0.5
1473	2072	0.25
1473	2073	0.25
1473	2074	0.25
1473	2672	0.5
1473	2673	0.5
1473	2674	0.5
1473	3272	0.25
1473	3273	0.25
1473	3274	0.25
1474	1474	1.0
1474	2072	0.25
1474	2073	0.25
1474	2074	0.25
1474	2672	0.25
1474	2673	0.25
1474	2674	0.25
1474	3272	0.5
1474	3273	0.5
1474	3274	0.5
1475	1475	1.0
1475	1476	0.5
1475	1477	0.5
1475	2075	0.5
1475	2076	0.5
1475	2077	0.5
1475	2675	0.25
1475	2676	0.25
1475	2677	0.25
1475	3275	0.25
1475	3276	0.25
1475	3277	0.25
1476	1476	1.0
1476	1477	0.5
1476	2075	0.25
1476	2076	0.25
1476	2077	0.25
1476	2675	0.5
1476	2676	0.5
1476	2677	0.5
1476	3275	0.25
1476	3276	0.25
1476	3277	0.25
1477	1477	1.0
1477	2075	0.25
1477	2076	0.25
1477	2077	0.25
1477	2675	0.25
1477	2676	0.25
1477	2677	0.25
1477	3275	0.5
1477	3276	0.5
1477	3277	0.5
1478	1478	1.0
1478	1479	0.5
1478	1480	0.5
1478	2078	0.5
1478	2079	0.5
1478	2080	0.5
1478	2678	0.25
1478	2679	0.25
1478	2680	0.25
1478	3278	0.25
1478	3279	0.25
1478	3280	0.25
1479	1479	1.0
1479	1480	0.5
1479	2078	0.25
1479	2079	0.25
1479	2080	0.25
1479	2678	0.5
1479	2679	0.5
1479	2680	0.5
1479	3278	0.25
1479	3279	0.25
1479	3280	0.25
1480	1480	1.0
1480	2078	0.25
1480	2079	0.25
1480	2080	0.25
1480	2678	0.25
1480	2679	0.25
1480	2680	0.25
1480	3278	0.5
1480	3279	0.5
1480	3280	0.5
1481	1481	1.0
1481	1482	0.5
1481	1483	0.5
1481	2081	0.5
1481	2082	0.5
1481	2083	0.5
1481	2681	0.25
1481	2682	0.25
1481	2683	0.25
1481	3281	0.25
1481	3282	0.25
1481	3283	0.25
1482	1482	1.0
1482	1483	0.5
1482	2081	0.25
1482	2082	0.25
1482	2083	0.25
1482	2681	0.5
1482	2682	0.5
1482	2683	0.5
1482	3281	0.25
1482	3282	0.25
1482	3283	0.25
1483	1483	1.0
1483	2081	0.25
1483	2082	0.25
1483	2083	0.25
1483	2681	0.25
1483	2682	0.25
1483	2683	0.25
1483	3281	0.5
1483	3282	0.5
1483	3283	0.5
1484	1484	1.0
1484	1485	0.5
1484	1486	0.5
1484	2084	0.5
1484	2085	0.5
1484	2086	0.5
1484	2684	0.25
1484	2685	0.25
1484	2686	0.25
1484	3284	0.25
1484	3285	0.25
1484	3286	0.25
1485	1485	1.0
1485	1486	0.5
1485	2084	0.25
1485	2085	0.25
1485	2086	0.25
1485	2684	0.5
1485	2685	0.5
1485	2686	0.5
1485	3284	0.25
1485	3285	0.25
1485	3286	0.25
1486	1486	1.0
1486	2084	0.25
1486	2085	0.25
1486	2086	0.25
1486	2684	0.25
1486	2685	0.25
1486	2686	0.25
1486	3284	0.5
1486	3285	0.5
1486	3286	0.5
1487	1487	1.0
1487	1488	0.5
1487	1489	0.5
1487	2087	0.5
1487	2088	0.5
1487	2089	0.5
1487	2687	0.25
1487	2688	0.25
1487	2689	0.25
1487	3287	0.25
1487	3288	0.25
1487	3289	0.25
1488	1488	1.0
1488	1489	0.5
1488	2087	0.25
1488	2088	0.25
1488	2089	0.25
1488	2687	0.5
1488	2688	0.5
1488	2689	0.5
1488	3287	0.25
1488	3288	0.25
1488	3289	0.25
1489	1489	1.0
1489	2087	0.25
1489	2088	0.25
1489	2089	0.25
1489	2687	0.25
1489	2688	0.25
1489	2689	0.25
1489	3287	0.5
1489	3288	0.5
1489	3289	0.5
1490	1490	1.0
1490	1491	0.5
1490	1492	0.5
1490	2090	0.5
1490	2091	0.5
1490	2092	0.5
1490	2690	0.25
1490	2691	0.25
1490	2692	0.25
1490	3290	0.25
1490	3291	0.25
1490	3292	0.25
1491	1491	1.0
1491	1492	0.5
1491	2090	0.25
1491	2091	0.25
1491	2092	0.25
1491	2690	0.5
1491	2691	0.5
1491	2692	0.5
1491	3290	0.25
1491	3291	0.25
1491	3292	0.25
1492	1492	1.0
1492	2090	0.25
1492	2091	0.25
1492	2092	0.25
1492	2690	0.25
1492	2691	0.25
1492	2692	0.25
1492	3290	0.5
1492	3291	0.5
1492	3292	0.5
1493	1493	1.0
1493	1494	0.5
1493	1495	0.5
1493	2093	0.5
1493	2094	0.5
1493	2095	0.5
1493	2693	0.25
1493	2694	0.25
1493	2695	0.25
1493	3293	0.25
1493	3294	0.25
1493	3295	0.25
1494	1494	1.0
1494	1495	0.5
1494	2093	0.25
1494	2094	0.25
1494	2095	0.25
1494	2693	0.5
1494	2694	0.5
1494	2695	0.5
1494	3293	0.25
1494	3294	0.25
1494	3295	0.25
1495	1495	1.0
1495	2093	0.25
1495	2094	0.25
1495	2095	0.25
1495	2693	0.25
1495	2694	0.25
1495	2695	0.25
1495	3293	0.5
1495	3294	0.5
1495	3295	0.5
1496	1496	1.0
1496	1497	0.5
1496	1498	0.5
1496	2096	0.5
1496	2097	0.5
1496	2098	0.5
1496	2696	0.25
1496	2697	0.25
1496	2698	0.25
1496	3296	0.25
1496	3297	0.25
1496	3298	0.25
1497	1497	1.0
1497	1498	0.5
1497	2096	0.25
1497	2097	0.25
1497	2098	0.25
1497	2696	0.5
1497	2697	0.5
1497	2698	0.5
1497	3296	0.25
1497	3297	0.25
1497	3298	0.25
1498	1498	1.0
1498	2096	0.25
1498	2097	0.25
1498	2098	0.25
1498	2696	0.25
1498	2697	0.25
1498	2698	0.25
1498	3296	0.5
1498	3297	0.5
1498	3298	0.5
1499	1499	1.0
1499	1500	0.5
1499	1501	0.5
1499	2099	0.5
1499	2100	0.5
1499	2101	0.5
1499	2699	0.25
1499	2700	0.25
1499	2701	0.25
1499	3299	0.25
1499	3300	0.25
1499	3301	0.25
1500	1500	1.0
1500	1501	0.5
1500	2099	0.25
1500	2100	0.25
1500	2101	0.25
1500	2699	0.5
1500	2700	0.5
1500	2701	0.5
1500	3299	0.25
1500	3300	0.25
1500	3301	0.25
1501	1501	1.0
1501	2099	0.25
1501	2100	0.25
1501	2101	0.25
1501	2699	0.25
1501	2700	0.25
1501	2701	0.25
1501	3299	0.5
1501	3300	0.5
1501	3301	0.5
1502	1502	1.0
1502	1503	0.5
1502	1504	0.5
1502	2102	0.5
1502	2103	0.5
1502	2104	0.5
1502	2702	0.25
1502	2703	0.25
1502	2704	0.25
1502	3302	0.25
1502	3303	0.25
1502	3304	0.25
1503	1503	1.0
1503	1504	0.5
1503	2102	0.25
1503	2103	0.25
1503	2104	0.25
1503	2702	0.5
1503	2703	0.5
1503	2704	0.5
1503	3302	0.25
1503	3303	0.25
1503	3304	0.25
1504	1504	1.0
1504	2102	0.25
1504	2103	0.25
1504	2104	0.25
1504	2702	0.25
1504	2703	0.25
1504	2704	0.25
1504	3302	0.5
1504	3303	0.5
1504	3304	0.5
1505	1505	1.0
1505	1506	0.5
1505	1507	0.5
1505	2105	0.5
1505	2106	0.5
1505	2107	0.5
1505	2705	0.25
1505	2706	0.25
1505	2707	0.25
1505	3305	0.25
1505	3306	0.25
1505	3307	0.25
1506	1506	1.0
1506	1507	0.5
1506	2105	0.25
1506	2106	0.25
1506	2107	0.25
1506	2705	0.5
1506	2706	0.5
1506	2707	0.5
1506	3305	0.25
1506	3306	0.25
1506	3307	0.25
1507	1507	1.0
1507	2105	0.25
1507	2106	0.25
1507	2107	0.25
1507	2705	0.25
1507	2706	0.25
1507	2707	0.25
1507	3305	0.5
1507	3306	0.5
1507	3307	0.5
1508	1508	1.0
1508	1509	0.5
1508	1510	0.5
1508	2108	0.5
1508	2109	0.5
1508	2110	0.5
1508	2708	0.25
1508	2709	0.25
1508	2710	0.25
1508	3308	0.25
1508	3309	0.25
1508	3310	0.25
1509	1509	1.0
1509	1510	0.5
1509	2108	0.25
1509	2109	0.25
1509	2110	0.25
1509	2708	0.5
1509	2709	0.5
1509	2710	0.5
1509	3308	0.25
1509	3309	0.25
1509	3310	0.25
1510	1510	1.0
1510	2108	0.25
1510	2109	0.25
1510	2110	0.25
1510	2708	0.25
1510	2709	0.25
1510	2710	0.25
1510	3308	0.5
1510	3309	0.5
1510	3310	0.5
1511	1511	1.0
1511	1512	0.5
1511	1513	0.5
1511	2111	0.5
1511	2112	0.5
1511	2113	0.5
1511	2711	0.25
1511	2712	0.25
1511	2713	0.25
1511	3311	0.25
1511	3312	0.25
1511	3313	0.25
1512	1512	1.0
1512	1513	0.5
1512	2111	0.25
1512	2112	0.25
1512	2113	0.25
1512	2711	0.5
1512	2712	0.5
1512	2713	0.5
1512	3311	0.25
1512	3312	0.25
1512	3313	0.25
1513	1513	1.0
1513	2111	0.25
1513	2112	0.25
1513	2113	0.25
1513	2711	0.25
1513	2712	0.25
1513	2713	0.25
1513	3311	0.5
1513	3312	0.5
1513	3313	0.5
1514	1514	1.0
1514	1515	0.5
1514	1516	0.5
1514	2114	0.5
1514	2115	0.5
1514	2116	0.5
1514	2714	0.25
1514	2715	0.25
1514	2716	0.25
1514	3314	0.25
1514	3315	0.25
1514	3316	0.25
1515	1515	1.0
1515	1516	0.5
1515	2114	0.25
1515	2115	0.25
1515	2116	0.25
1515	2714	0.5
1515	2715	0.5
1515	2716	0.5
1515	3314	0.25
1515	3315	0.25
1515	3316	0.25
1516	1516	1.0
1516	2114	0.25
1516	2115	0.25
1516	2116	0.25
1516	2714	0.25
1516	2715	0.25
1516	2716	0.25
1516	3314	0.5
1516	3315	0.5
1516	3316	0.5
1517	1517	1.0
1517	1518	0.5
1517	1519	0.5
1517	2117	0.5
1517	2118	0.5
1517	2119	0.5
1517	2717	0.25
1517	2718	0.25
1517	2719	0.25
1517	3317	0.25
1517	3318	0.25
1517	3319	0.25
1518	1518	1.0
1518	1519	0.5
1518	2117	0.25
1518	2118	0.25
1518	2119	0.25
1518	2717	0.5
1518	2718	0.5
1518	2719	0.5
1518	3317	0.25
1518	3318	0.25
1518	3319	0.25
1519	1519	1.0
1519	2117	0.25
1519	2118	0.25
1519	2119	0.25
1519	2717	0.25
1519	2718	0.25
1519	2719	0.25
1519	3317	0.5
1519	3318	0.5
1519	3319	0.5
1520	1520	1.0
1520	1521	0.5
1520	1522	0.5
1520	2120	0.5
1520	2121	0.5
1520	2122	0.5
1520	2720	0.25
1520	2721	0.25
1520	2722	0.25
1520	3320	0.25
1520	3321	0.25
1520	3322	0.25
1521	1521	1.0
1521	1522	0.5
1521	2120	0.25
1521	2121	0.25
1521	2122	0.25
1521	2720	0.5
1521	2721	0.5
1521	2722	0.5
1521	3320	0.25
1521	3321	0.25
1521	3322	0.25
1522	1522	1.0
1522	2120	0.25
1522	2121	0.25
1522	2122	0.25
1522	2720	0.25
1522	2721	0.25
1522	2722	0.25
1522	3320	0.5
1522	3321	0.5
1522	3322	0.5
1523	1523	1.0
1523	1524	0.5
1523	1525	0.5
1523	2123	0.5
1523	2124	0.5
1523	2125	0.5
1523	2723	0.25
1523	2724	0.25
1523	2725	0.25
1523	3323	0.25
1523	3324	0.25
1523	3325	0.25
1524	1524	1.0
1524	1525	0.5
1524	2123	0.25
1524	2124	0.25
1524	2125	0.25
1524	2723	0.5
1524	2724	0.5
1524	2725	0.5
1524	3323	0.25
1524	3324	0.25
1524	3325	0.25
1525	1525	1.0
1525	2123	0.25
1525	2124	0.25
1525	2125	0.25
1525	2723	0.25
1525	2724	0.25
1525	2725	0.25
1525	3323	0.5
1525	3324	0.5
1525	3325	0.5
1526	1526	1.0
1526	1527	0.5
1526	1528	0.5
1526	2126	0.5
1526	2127	0.5
1526	2128	0.5
1526	2726	0.25
1526	2727	0.25
1526	2728	0.25
1526	3326	0.25
1526	3327	0.25
1526	3328	0.25
1527	1527	1.0
1527	1528	0.5
1527	2126	0.25
1527	2127	0.25
1527	2128	0.25
1527	2726	0.5
1527	2727	0.5
1527	2728	0.5
1527	3326	0.25
1527	3327	0.25
1527	3328	0.25
1528	1528	1.0
1528	2126	0.25
1528	2127	0.25
1528	2128	0.25
1528	2726	0.25
1528	2727	0.25
1528	2728	0.25
1528	3326	0.5
1528	3327	0.5
1528	3328	0.5
1529	1529	1.0
1529	1530	0.5
1529	1531	0.5
1529	2129	0.5
1529	2130	0.5
1529	2131	0.5
1529	2729	0.25
1529	2730	0.25
1529	2731	0.25
1529	3329	0.25
1529	3330	0.25
1529	3331	0.25
1530	1530	1.0
1530	1531	0.5
1530	2129	0.25
1530	2130	0.25
1530	2131	0.25
1530	2729	0.5
1530	2730	0.5
1530	2731	0.5
1530	3329	0.25
1530	3330	0.25
1530	3331	0.25
1531	1531	1.0
1531	2129	0.25
1531	2130	0.25
1531	2131	0.25
1531	2729	0.25
1531	2730	0.25
1531	2731	0.25
1531	3329	0.5
1531	3330	0.5
1531	3331	0.5
1532	1532	1.0
1532	1533	0.5
1532	1534	0.5
1532	2132	0.5
1532	2133	0.5
1532	2134	0.5
1532	2732	0.25
1532	2733	0.25
1532	2734	0.25
1532	3332	0.25
1532	3333	0.25
1532	3334	0.25
1533	1533	1.0
1533	1534	0.5
1533	2132	0.25
1533	2133	0.25
1533	2134	0.25
1533	2732	0.5
1533	2733	0.5
1533	2734	0.5
1533	3332	0.25
1533	3333	0.25
1533	3334	0.25
1534	1534	1.0
1534	2132	0.25
1534	2133	0.25
1534	2134	0.25
1534	2732	0.25
1534	2733	0.25
1534	2734	0.25
1534	3332	0.5
1534	3333	0.5
1534	3334	0.5
1535	1535	1.0
1535	1536	0.5
1535	1537	0.5
1535	2135	0.5
1535	2136	0.5
1535	2137	0.5
1535	2735	0.25
1535	2736	0.25
1535	2737	0.25
1535	3335	0.25
1535	3336	0.25
1535	3337	0.25
1536	1536	1.0
1536	1537	0.5
1536	2135	0.25
1536	2136	0.25
1536	2137	0.25
1536	2735	0.5
1536	2736	0.5
1536	2737	0.5
1536	3335	0.25
1536	3336	0.25
1536	3337	0.25
1537	1537	1.0
1537	2135	0.25
1537	2136	0.25
1537	2137	0.25
1537	2735	0.25
1537	2736	0.25
1537	2737	0.25
1537	3335	0.5
1537	3336	0.5
1537	3337	0.5
1538	1538	1.0
1538	1539	0.5
1538	1540	0.5
1538	2138	0.5
1538	2139	0.5
1538	2140	0.5
1538	2738	0.25
1538	2739	0.25
1538	2740	0.25
1538	3338	0.25
1538	3339	0.25
1538	3340	0.25
1539	1539	1.0
1539	1540	0.5
1539	2138	0.25
1539	2139	0.25
1539	2140	0.25
1539	2738	0.5
1539	2739	0.5
1539	2740	0.5
1539	3338	0.25
1539	3339	0.25
1539	3340	0.25
1540	1540	1.0
1540	2138	0.25
1540	2139	0.25
1540	2140	0.25
1540	2738	0.25
1540	2739	0.25
1540	2740	0.25
1540	3338	0.5
1540	3339	0.5
1540	3340	0.5
1541	1541	1.0
1541	1542	0.5
1541	1543	0.5
1541	2141	0.5
1541	2142	0.5
1541	2143	0.5
1541	2741	0.25
1541	2742	0.25
1541	2743	0.25
1541	3341	0.25
1541	3342	0.25
1541	3343	0.25
1542	1542	1.0
1542	1543	0.5
1542	2141	0.25
1542	2142	0.25
1542	2143	0.25
1542	2741	0.5
1542	2742	0.5
1542	2743	0.5
1542	3341	0.25
1542	3342	0.25
1542	3343	0.25
1543	1543	1.0
1543	2141	0.25
1543	2142	0.25
1543	2143	0.25
1543	2741	0.25
1543	2742	0.25
1543	2743	0.25
1543	3341	0.5
1543	3342	0.5
1543	3343	0.5
1544	1544	1.0
1544	1545	0.5
1544	1546	0.5
1544	2144	0.5
1544	2145	0.5
1544	2146	0.5
1544	2744	0.25
1544	2745	0.25
1544	2746	0.25
1544	3344	0.25
1544	3345	0.25
1544	3346	0.25
1545	1545	1.0
1545	1546	0.5
1545	2144	0.25
1545	2145	0.25
1545	2146	0.25
1545	2744	0.5
1545	2745	0.5
1545	2746	0.5
1545	3344	0.25
1545	3345	0.25
1545	3346	0.25
1546	1546	1.0
1546	2144	0.25
1546	2145	0.25
1546	2146	0.25
1546	2744	0.25
1546	2745	0.25
1546	2746	0.25
1546	3344	0.5
1546	3345	0.5
1546	3346	0.5
1547	1547	1.0
1547	1548	0.5
1547	1549	0.5
1547	2147	0.5
1547	2148	0.5
1547	2149	0.5
1547	2747	0.25
1547	2748	0.25
1547	2749	0.25
1547	3347	0.25
1547	3348	0.25
1547	3349	0.25
1548	1548	1.0
1548	1549	0.5
1548	2147	0.25
1548	2148	0.25
1548	2149	0.25
1548	2747	0.5
1548	2748	0.5
1548	2749	0.5
1548	3347	0.25
1548	3348	0.25
1548	3349	0.25
1549	1549	1.0
1549	2147	0.25
1549	2148	0.25
1549	2149	0.25
1549	2747	0.25
1549	2748	0.25
1549	2749	0.25
1549	3347	0.5
1549	3348	0.5
1549	3349	0.5
1550	1550	1.0
1550	1551	0.5
1550	1552	0.5
1550	2150	0.5
1550	2151	0.5
1550	2152	0.5
1550	2750	0.25
1550	2751	0.25
1550	2752	0.25
1550	3350	0.25
1550	3351	0.25
1550	3352	0.25
1551	1551	1.0
1551	1552	0.5
1551	2150	0.25
1551	2151	0.25
1551	2152	0.25
1551	2750	0.5
1551	2751	0.5
1551	2752	0.5
1551	3350	0.25
1551	3351	0.25
1551	3352	0.25
1552	1552	1.0
1552	2150	0.25
1552	2151	0.25
1552	2152	0.25
1552	2750	0.25
1552	2751	0.25
1552	2752	0.25
1552	3350	0.5
1552	3351	0.5
1552	3352	0.5
1553	1553	1.0
1553	1554	0.5
1553	1555	0.5
1553	2153	0.5
1553	2154	0.5
1553	2155	0.5
1553	2753	0.25
1553	2754	0.25
1553	2755	0.25
1553	3353	0.25
1553	3354	0.25
1553	3355	0.25
1554	1554	1.0
1554	1555	0.5
1554	2153	0.25
1554	2154	0.25
1554	2155	0.25
1554	2753	0.5
1554	2754	0.5
1554	2755	0.5
1554	3353	0.25
1554	3354	0.25
1554	3355	0.25
1555	1555	1.0
1555	2153	0.25
1555	2154	0.25
1555	2155	0.25
1555	2753	0.25
1555	2754	0.25
1555	2755	0.25
1555	3353	0.5
1555	3354	0.5
1555	3355	0.5
1556	1556	1.0
1556	1557	0.5
1556	1558	0.5
1556	2156	0.5
1556	2157	0.5
1556	2158	0.5
1556	2756	0.25
1556	2757	0.25
1556	2758	0.25
1556	3356	0.25
1556	3357	0.25
1556	3358	0.25
1557	1557	1.0
1557	1558	0.5
1557	2156	0.25
1557	2157	0.25
1557	2158	0.25
1557	2756	0.5
1557	2757	0.5
1557	2758	0.5
1557	3356	0.25
1557	3357	0.25
1557	3358	0.25
1558	1558	1.0
1558	2156	0.25
1558	2157	0.25
1558	2158	0.25
1558	2756	0.25
1558	2757	0.25
1558	2758	0.25
1558	3356	0.5
1558	3357	0.5
1558	3358	0.5
1559	1559	1.0
1559	1560	0.5
1559	1561	0.5
1559	2159	0.5
1559	2160	0.5
1559	2161	0.5
1559	2759	0.25
1559	2760	0.25
1559	2761	0.25
1559	3359	0.25
1559	3360	0.25
1559	3361	0.25
1560	1560	1.0
1560	1561	0.5
1560	2159	0.25
1560	2160	0.25
1560	2161	0.25
1560	2759	0.5
1560	2760	0.5
1560	2761	0.5
1560	3359	0.25
1560	3360	0.25
1560	3361	0.25
1561	1561	1.0
1561	2159	0.25
1561	2160	0.25
1561	2161	0.25
1561	2759	0.25
1561	2760	0.25
1561	2761	0.25
1561	3359	0.5
1561	3360	0.5
1561	3361	0.5
1562	1562	1.0
1562	1563	0.5
1562	1564	0.5
1562	2162	0.5
1562	2163	0.5
1562	2164	0.5
1562	2762	0.25
1562	2763	0.25
1562	2764	0.25
1562	3362	0.25
1562	3363	0.25
1562	3364	0.25
1563	1563	1.0
1563	1564	0.5
1563	2162	0.25
1563	2163	0.25
1563	2164	0.25
1563	2762	0.5
1563	2763	0.5
1563	2764	0.5
1563	3362	0.25
1563	3363	0.25
1563	3364	0.25
1564	1564	1.0
1564	2162	0.25
1564	2163	0.25
1564	2164	0.25
1564	2762	0.25
1564	2763	0.25
1564	2764	0.25
1564	3362	0.5
1564	3363	0.5
1564	3364	0.5
1565	1565	1.0
1565	1566	0.5
1565	1567	0.5
1565	2165	0.5
1565	2166	0.5
1565	2167	0.5
1565	2765	0.25
1565	2766	0.25
1565	2767	0.25
1565	3365	0.25
1565	3366	0.25
1565	3367	0.25
1566	1566	1.0
1566	1567	0.5
1566	2165	0.25
1566	2166	0.25
1566	2167	0.25
1566	2765	0.5
1566	2766	0.5
1566	2767	0.5
1566	3365	0.25
1566	3366	0.25
1566	3367	0.25
1567	1567	1.0
1567	2165	0.25
1567	2166	0.25
1567	2167	0.25
1567	2765	0.25
1567	2766	0.25
1567	2767	0.25
1567	3365	0.5
1567	3366	0.5
1567	3367	0.5
1568	1568	1.0
1568	1569	0.5
1568	1570	0.5
1568	2168	0.5
1568	2169	0.5
1568	2170	0.5
1568	2768	0.25
1568	2769	0.25
1568	2770	0.25
1568	3368	0.25
1568	3369	0.25
1568	3370	0.25
1569	1569	1.0
1569	1570	0.5
1569	2168	0.25
1569	2169	0.25
1569	2170	0.25
1569	2768	0.5
1569	2769	0.5
1569	2770	0.5
1569	3368	0.25
1569	3369	0.25
1569	3370	0.25
1570	1570	1.0
1570	2168	0.25
1570	2169	0.25
1570	2170	0.25
1570	2768	0.25
1570	2769	0.25
1570	2770	0.25
1570	3368	0.5
1570	3369	0.5
1570	3370	0.5
1571	1571	1.0
1571	1572	0.5
1571	1573	0.5
1571	2171	0.5
1571	2172	0.5
1571	2173	0.5
1571	2771	0.25
1571	2772	0.25
1571	2773	0.25
1571	3371	0.25
1571	3372	0.25
1571	3373	0.25
1572	1572	1.0
1572	1573	0.5
1572	2171	0.25
1572	2172	0.25
1572	2173	0.25
1572	2771	0.5
1572	2772	0.5
1572	2773	0.5
1572	3371	0.25
1572	3372	0.25
1572	3373	0.25
1573	1573	1.0
1573	2171	0.25
1573	2172	0.25
1573	2173	0.25
1573	2771	0.25
1573	2772	0.25
1573	2773	0.25
1573	3371	0.5
1573	3372	0.5
1573	3373	0.5
1574	1574	1.0
1574	1575	0.5
1574	1576	0.5
1574	2174	0.5
1574	2175	0.5
1574	2176	0.5
1574	2774	0.25
1574	2775	0.25
1574	2776	0.25
1574	3374	0.25
1574	3375	0.25
1574	3376	0.25
1575	1575	1.0
1575	1576	0.5
1575	2174	0.25
1575	2175	0.25
1575	2176	0.25
1575	2774	0.5
1575	2775	0.5
1575	2776	0.5
1575	3374	0.25
1575	3375	0.25
1575	3376	0.25
1576	1576	1.0
1576	2174	0.25
1576	2175	0.25
1576	2176	0.25
1576	2774	0.25
1576	2775	0.25
1576	2776	0.25
1576	3374	0.5
1576	3375	0.5
1576	3376	0.5
1577	1577	1.0
1577	1578	0.5
1577	1579	0.5
1577	2177	0.5
1577	2178	0.5
1577	2179	0.5
1577	2777	0.25
1577	2778	0.25
1577	2779	0.25
1577	3377	0.25
1577	3378	0.25
1577	3379	0.25
1578	1578	1.0
1578	1579	0.5
1578	2177	0.25
1578	2178	0.25
1578	2179	0.25
1578	2777	0.5
1578	2778	0.5
1578	2779	0.5
1578	3377	0.25
1578	3378	0.25
1578	3379	0.25
1579	1579	1.0
1579	2177	0.25
1579	2178	0.25
1579	2179	0.25
1579	2777	0.25
1579	2778	0.25
1579	2779	0.25
1579	3377	0.5
1579	3378	0.5
1579	3379	0.5
1580	1580	1.0
1580	1581	0.5
1580	1582	0.5
1580	2180	0.5
1580	2181	0.5
1580	2182	0.5
1580	2780	0.25
1580	2781	0.25
1580	2782	0.25
1580	3380	0.25
1580	3381	0.25
1580	3382	0.25
1581	1581	1.0
1581	1582	0.5
1581	2180	0.25
1581	2181	0.25
1581	2182	0.25
1581	2780	0.5
1581	2781	0.5
1581	2782	0.5
1581	3380	0.25
1581	3381	0.25
1581	3382	0.25
1582	1582	1.0
1582	2180	0.25
1582	2181	0.25
1582	2182	0.25
1582	2780	0.25
1582	2781	0.25
1582	2782	0.25
1582	3380	0.5
1582	3381	0.5
1582	3382	0.5
1583	1583	1.0
1583	1584	0.5
1583	1585	0.5
1583	2183	0.5
1583	2184	0.5
1583	2185	0.5
1583	2783	0.25
1583	2784	0.25
1583	2785	0.25
1583	3383	0.25
1583	3384	0.25
1583	3385	0.25
1584	1584	1.0
1584	1585	0.5
1584	2183	0.25
1584	2184	0.25
1584	2185	0.25
1584	2783	0.5
1584	2784	0.5
1584	2785	0.5
1584	3383	0.25
1584	3384	0.25
1584	3385	0.25
1585	1585	1.0
1585	2183	0.25
1585	2184	0.25
1585	2185	0.25
1585	2783	0.25
1585	2784	0.25
1585	2785	0.25
1585	3383	0.5
1585	3384	0.5
1585	3385	0.5
1586	1586	1.0
1586	1587	0.5
1586	1588	0.5
1586	2186	0.5
1586	2187	0.5
1586	2188	0.5
1586	2786	0.25
1586	2787	0.25
1586	2788	0.25
1586	3386	0.25
1586	3387	0.25
1586	3388	0.25
1587	1587	1.0
1587	1588	0.5
1587	2186	0.25
1587	2187	0.25
1587	2188	0.25
1587	2786	0.5
1587	2787	0.5
1587	2788	0.5
1587	3386	0.25
1587	3387	0.25
1587	3388	0.25
1588	1588	1.0
1588	2186	0.25
1588	2187	0.25
1588	2188	0.25
1588	2786	0.25
1588	2787	0.25
1588	2788	0.25
1588	3386	0.5
1588	3387	0.5
1588	3388	0.5
1589	1589	1.0
1589	1590	0.5
1589	1591	0.5
1589	2189	0.5
1589	2190	0.5
1589	2191	0.5
1589	2789	0.25
1589	2790	0.25
1589	2791	0.25
1589	3389	0.25
1589	3390	0.25
1589	3391	0.25
1590	1590	1.0
1590	1591	0.5
1590	2189	0.25
1590	2190	0.25
1590	2191	0.25
1590	2789	0.5
1590	2790	0.5
1590	2791	0.5
1590	3389	0.25
1590	3390	0.25
1590	3391	0.25
1591	1591	1.0
1591	2189	0.25
1591	2190	0.25
1591	2191	0.25
1591	2789	0.25
1591	2790	0.25
1591	2791	0.25
1591	3389	0.5
1591	3390	0.5
1591	3391	0.5
1592	1592	1.0
1592	1593	0.5
1592	1594	0.5
1592	2192	0.5
1592	2193	0.5
1592	2194	0.5
1592	2792	0.25
1592	2793	0.25
1592	2794	0.25
1592	3392	0.25
1592	3393	0.25
1592	3394	0.25
1593	1593	1.0
1593	1594	0.5
1593	2192	0.25
1593	2193	0.25
1593	2194	0.25
1593	2792	0.5
1593	2793	0.5
1593	2794	0.5
1593	3392	0.25
1593	3393	0.25
1593	3394	0.25
1594	1594	1.0
1594	2192	0.25
1594	2193	0.25
1594	2194	0.25
1594	2792	0.25
1594	2793	0.25
1594	2794	0.25
1594	3392	0.5
1594	3393	0.5
1594	3394	0.5
1595	1595	1.0
1595	1596	0.5
1595	1597	0.5
1595	2195	0.5
1595	2196	0.5
1595	2197	0.5
1595	2795	0.25
1595	2796	0.25
1595	2797	0.25
1595	3395	0.25
1595	3396	0.25
1595	3397	0.25
1596	1596	1.0
1596	1597	0.5
1596	2195	0.25
1596	2196	0.25
1596	2197	0.25
1596	2795	0.5
1596	2796	0.5
1596	2797	0.5
1596	3395	0.25
1596	3396	0.25
1596	3397	0.25
1597	1597	1.0
1597	2195	0.25
1597	2196	0.25
1597	2197	0.25
1597	2795	0.25
1597	2796	0.25
1597	2797	0.25
1597	3395	0.5
1597	3396	0.5
1597	3397	0.5
1598	1598	1.0
1598	1599	0.5
1598	1600	0.5
1598	2198	0.5
1598	2199	0.5
1598	2200	0.5
1598	2798	0.25
1598	2799	0.25
1598	2800	0.25
1598	3398	0.25
1598	3399	0.25
1598	3400	0.25
1599	1599	1.0
1599	1600	0.5
1599	2198	0.25
1599	2199	0.25
1599	2200	0.25
1599	2798	0.5
1599	2799	0.5
1599	2800	0.5
1599	3398	0.25
1599	3399	0.25
1599	3400	0.25
1600	1600	1.0
1600	2198	0.25
1600	2199	0.25
1600	2200	0.25
1600	2798	0.25
1600	2799	0.25
1600	2800	0.25
1600	3398	0.5
1600	3399	0.5
1600	3400	0.5
1601	1601	1.0
1601	1602	0.5
1601	1603	0.5
1601	2201	0.125
1601	2202	0.125
1601	2203	0.125
1601	2801	0.125
1601	2802	0.125
1601	2803	0.125
1602	1602	1.0
1602	1603	0.5
1602	2201	0.125
1602	2202	0.125
1602	2203	0.125
1602	2801	0.125
1602	2802	0.125
1602	2803	0.125
1603	1603	1.0
1603	2201	0.125
1603	2202	0.125
1603	2203	0.125
1603	2801	0.125
1603	2802	0.125
1603	2803	0.125
1604	1604	1.0
1604	1605	0.5
1604	1606	0.5
1604	2204	0.125
1604	2205	0.125
1604	2206	0.125
1604	2804	0.125
1604	2805	0.125
1604	2806	0.125
1605	1605	1.0
1605	1606	0.5
1605	2204	0.125
1605	2205	0.125
1605	2206	0.125
1605	2804	0.125
1605	2805	0.125
1605	2806	0.125
1606	1606	1.0
1606	2204	0.125
1606	2205	0.125
1606	2206	0.125
1606	2804	0.125
1606	2805	0.125
1606	2806	0.125
1607	1607	1.0
1607	1608	0.5
1607	1609	0.5
1607	2207	0.125
1607	2208	0.125
1607	2209	0.125
1607	2807	0.125
1607	2808	0.125
1607	2809	0.125
1608	1608	1.0
1608	1609	0.5
1608	2207	0.125
1608	2208	0.125
1608	2209	0.125
1608	2807	0.125
1608	2808	0.125
1608	2809	0.125
1609	1609	1.0
1609	2207	0.125
1609	2208	0.125
1609	2209	0.125
1609	2807	0.125
1609	2808	0.125
1609	2809	0.125
1610	1610	1.0
1610	1611	0.5
1610	1612	0.5
1610	2210	0.125
1610	2211	0.125
1610	2212	0.125
1610	2810	0.125
1610	2811	0.125
1610	2812	0.125
1611	1611	1.0
1611	1612	0.5
1611	2210	0.125
1611	2211	0.125
1611	2212	0.125
1611	2810	0.125
1611	2811	0.125
1611	2812	0.125
1612	1612	1.0
1612	2210	0.125
1612	2211	0.125
1612	2212	0.125
1612	2810	0.125
1612	2811	0.125
1612	2812	0.125
1613	1613	1.0
1613	1614	0.5
1613	1615	0.5
1613	2213	0.125
1613	2214	0.125
1613	2215	0.125
1613	2813	0.125
1613	2814	0.125
1613	2815	0.125
1614	1614	1.0
1614	1615	0.5
1614	2213	0.125
1614	2214	0.125
1614	2215	0.125
1614	2813	0.125
1614	2814	0.125
1614	2815	0.125
1615	1615	1.0
1615	2213	0.125
1615	2214	0.125
1615	2215	0.125
1615	2813	0.125
1615	2814	0.125
1615	2815	0.125
1616	1616	1.0
1616	1617	0.5
1616	1618	0.5
1616	2216	0.125
1616	2217	0.125
1616	2218	0.125
1616	2816	0.125
1616	2817	0.125
1616	2818	0.125
1617	1617	1.0
1617	1618	0.5
1617	2216	0.125
1617	2217	0.125
1617	2218	0.125
1617	2816	0.125
1617	2817	0.125
1617	2818	0.125
1618	1618	1.0
1618	2216	0.125
1618	2217	0.125
1618	2218	0.125
1618	2816	0.125
1618	2817	0.125
1618	2818	0.125
1619	1619	1.0
1619	1620	0.5
1619	1621	0.5
1619	2219	0.125
1619	2220	0.125
1619	2221	0.125
1619	2819	0.125
1619	2820	0.125
1619	2821	0.125
1620	1620	1.0
1620	1621	0.5
1620	2219	0.125
1620	2220	0.125
1620	2221	0.125
1620	2819	0.125
1620	2820	0.125
1620	2821	0.125
1621	1621	1.0
1621	2219	0.125
1621	2220	0.125
1621	2221	0.125
1621	2819	0.125
1621	2820	0.125
1621	2821	0.125
1622	1622	1.0
1622	1623	0.5
1622	1624	0.5
1622	2222	0.125
1622	2223	0.125
1622	2224	0.125
1622	2822	0.125
1622	2823	0.125
1622	2824	0.125
1623	1623	1.0
1623	1624	0.5
1623	2222	0.125
1623	2223	0.125
1623	2224	0.125
1623	2822	0.125
1623	2823	0.125
1623	2824	0.125
1624	1624	1.0
1624	2222	0.125
1624	2223	0.125
1624	2224	0.125
1624	2822	0.125
1624	2823	0.125
1624	2824	0.125
1625	1625	1.0
1625	1626	0.5
1625	1627	0.5
1625	2225	0.125
1625	2226	0.125
1625	2227	0.125
1625	2825	0.125
1625	2826	0.125
1625	2827	0.125
1626	1626	1.0
1626	1627	0.5
1626	2225	0.125
1626	2226	0.125
1626	2227	0.125
1626	2825	0.125
1626	2826	0.125
1626	2827	0.125
1627	1627	1.0
1627	2225	0.125
1627	2226	0.125
1627	2227	0.125
1627	2825	0.125
1627	2826	0.125
1627	2827	0.125
1628	1628	1.0
1628	1629	0.5
1628	1630	0.5
1628	2228	0.125
1628	2229	0.125
1628	2230	0.125
1628	2828	0.125
1628	2829	0.125
1628	2830	0.125
1629	1629	1.0
1629	1630	0.5
1629	2228	0.125
1629	2229	0.125
1629	2230	0.125
1629	2828	0.125
1629	2829	0.125
1629	2830	0.125
1630	1630	1.0
1630	2228	0.125
1630	2229	0.125
1630	2230	0.125
1630	2828	0.125
1630	2829	0.125
1630	2830	0.125
1631	1631	1.0
1631	1632	0.5
1631	1633	0.5
1631	2231	0.125
1631	2232	0.125
1631	2233	0.125
1631	2831	0.125
1631	2832	0.125
1631	2833	0.125
1632	1632	1.0
1632	1633	0.5
1632	2231	0.125
1632	2232	0.125
1632	2233	0.125
1632	2831	0.125
1632	2832	0.125
1632	2833	0.125
1633	1633	1.0
1633	2231	0.125
1633	2232	0.125
1633	2233	0.125
1633	2831	0.125
1633	2832	0.125
1633	2833	0.125
1634	1634	1.0
1634	1635	0.5
1634	1636	0.5
1634	2234	0.125
1634	2235	0.125
1634	2236	0.125
1634	2834	0.125
1634	2835	0.125
1634	2836	0.125
1635	1635	1.0
1635	1636	0.5
1635	2234	0.125
1635	2235	0.125
1635	2236	0.125
1635	2834	0.125
1635	2835	0.125
1635	2836	0.125
1636	1636	1.0
1636	2234	0.125
1636	2235	0.125
1636	2236	0.125
1636	2834	0.125
1636	2835	0.125
1636	2836	0.125
1637	1637	1.0
1637	1638	0.5
1637	1639	0.5
1637	2237	0.125
1637	2238	0.125
1637	2239	0.125
1637	2837	0.125
1637	2838	0.125
1637	2839	0.125
1638	1638	1.0
1638	1639	0.5
1638	2237	0.125
1638	2238	0.125
1638	2239	0.125
1638	2837	0.125
1638	2838	0.125
1638	2839	0.125
1639	1639	1.0
1639	2237	0.125
1639	2238	0.125
1639	2239	0.125
1639	2837	0.125
1639	2838	0.125
1639	2839	0.125
1640	1640	1.0
1640	1641	0.5
1640	1642	0.5
1640	2240	0.125
1640	2241	0.125
1640	2242	0.125
1640	2840	0.125
1640	2841	0.125
1640	2842	0.125
1641	1641	1.0
1641	1642	0.5
1641	2240	0.125
1641	2241	0.125
1641	2242	0.125
1641	2840	0.125
1641	2841	0.125
1641	2842	0.125
1642	1642	1.0
1642	2240	0.125
1642	2241	0.125
1642	2242	0.125
1642	2840	0.125
1642	2841	0.125
1642	2842	0.125
1643	1643	1.0
1643	1644	0.5
1643	1645	0.5
1643	2243	0.125
1643	2244	0.125
1643	2245	0.125
1643	2843	0.125
1643	2844	0.125
1643	2845	0.125
1644	1644	1.0
1644	1645	0.5
1644	2243	0.125
1644	2244	0.125
1644	2245	0.125
1644	2843	0.125
1644	2844	0.125
1644	2845	0.125
1645	1645	1.0
1645	2243	0.125
1645	2244	0.125
1645	2245	0.125
1645	2843	0.125
1645	2844	0.125
1645	2845	0.125
1646	1646	1.0
1646	1647	0.5
1646	1648	0.5
1646	2246	0.125
1646	2247	0.125
1646	2248	0.125
1646	2846	0.125
1646	2847	0.125
1646	2848	0.125
1647	1647	1.0
1647	1648	0.5
1647	2246	0.125
1647	2247	0.125
1647	2248	0.125
1647	2846	0.125
1647	2847	0.125
1647	2848	0.125
1648	1648	1.0
1648	2246	0.125
1648	2247	0.125
1648	2248	0.125
1648	2846	0.125
1648	2847	0.125
1648	2848	0.125
1649	1649	1.0
1649	1650	0.5
1649	1651	0.5
1649	2249	0.125
1649	2250	0.125
1649	2251	0.125
1649	2849	0.125
1649	2850	0.125
1649	2851	0.125
1650	1650	1.0
1650	1651	0.5
1650	2249	0.125
1650	2250	0.125
1650	2251	0.125
1650	2849	0.125
1650	2850	0.125
1650	2851	0.125
1651	1651	1.0
1651	2249	0.125
1651	2250	0.125
1651	2251	0.125
1651	2849	0.125
1651	2850	0.125
1651	2851	0.125
1652	1652	1.0
1652	1653	0.5
1652	1654	0.5
1652	2252	0.125
1652	2253	0.125
1652	2254	0.125
1652	2852	0.125
1652	2853	0.125
1652	2854	0.125
1653	1653	1.0
1653	1654	0.5
1653	2252	0.125
1653	2253	0.125
1653	2254	0.125
1653	2852	0.125
1653	2853	0.125
1653	2854	0.125
1654	1654	1.0
1654	2252	0.125
1654	2253	0.125
1654	2254	0.125
1654	2852	0.125
1654	2853	0.125
1654	2854	0.125
1655	1655	1.0
1655	1656	0.5
1655	1657	0.5
1655	2255	0.125
1655	2256	0.125
1655	2257	0.125
1655	2855	0.125
1655	2856	0.125
1655	2857	0.125
1656	1656	1.0
1656	1657	0.5
1656	2255	0.125
1656	2256	0.125
1656	2257	0.125
1656	2855	0.125
1656	2856	0.125
1656	2857	0.125
1657	1657	1.0
1657	2255	0.125
1657	2256	0.125
1657	2257	0.125
1657	2855	0.125
1657	2856	0.125
1657	2857	0.125
1658	1658	1.0
1658	1659	0.5
1658	1660	0.5
1658	2258	0.125
1658	2259	0.125
1658	2260	0.125
1658	2858	0.125
1658	2859	0.125
1658	2860	0.125
1659	1659	1.0
1659	1660	0.5
1659	2258	0.125
1659	2259	0.125
1659	2260	0.125
1659	2858	0.125
1659	2859	0.125
1659	2860	0.125
1660	1660	1.0
1660	2258	0.125
1660	2259	0.125
1660	2260	0.125
1660	2858	0.125
1660	2859	0.125
1660	2860	0.125
1661	1661	1.0
1661	1662	0.5
1661	1663	0.5
1661	2261	0.125
1661	2262	0.125
1661	2263	0.125
1661	2861	0.125
1661	2862	0.125
1661	2863	0.125
1662	1662	1.0
1662	1663	0.5
1662	2261	0.125
1662	2262	0.125
1662	2263	0.125
1662	2861	0.125
1662	2862	0.125
1662	2863	0.125
1663	1663	1.0
1663	2261	0.125
1663	2262	0.125
1663	2263	0.125
1663	2861	0.125
1663	2862	0.125
1663	2863	0.125
1664	1664	1.0
1664	1665	0.5
1664	1666	0.5
1664	2264	0.125
1664	2265	0.125
1664	2266	0.125
1664	2864	0.125
1664	2865	0.125
1664	2866	0.125
1665	1665	1.0
1665	1666	0.5
1665	2264	0.125
1665	2265	0.125
1665	2266	0.125
1665	2864	0.125
1665	2865	0.125
1665	2866	0.125
1666	1666	1.0
1666	2264	0.125
1666	2265	0.125
1666	2266	0.125
1666	2864	0.125
1666	2865	0.125
1666	2866	0.125
1667	1667	1.0
1667	1668	0.5
1667	1669	0.5
1667	2267	0.125
1667	2268	0.125
1667	2269	0.125
1667	2867	0.125
1667	2868	0.125
1667	2869	0.125
1668	1668	1.0
1668	1669	0.5
1668	2267	0.125
1668	2268	0.125
1668	2269	0.125
1668	2867	0.125
1668	2868	0.125
1668	2869	0.125
1669	1669	1.0
1669	2267	0.125
1669	2268	0.125
1669	2269	0.125
1669	2867	0.125
1669	2868	0.125
1669	2869	0.125
1670	1670	1.0
1670	1671	0.5
1670	1672	0.5
1670	2270	0.125
1670	2271	0.125
1670	2272	0.125
1670	2870	0.125
1670	2871	0.125
1670	2872	0.125
1671	1671	1.0
1671	1672	0.5
1671	2270	0.125
1671	2271	0.125
1671	2272	0.125
1671	2870	0.125
1671	2871	0.125
1671	2872	0.125
1672	1672	1.0
1672	2270	0.125
1672	2271	0.125
1672	2272	0.125
1672	2870	0.125
1672	2871	0.125
1672	2872	0.125
1673	1673	1.0
1673	1674	0.5
1673	1675	0.5
1673	2273	0.125
1673	2274	0.125
1673	2275	0.125
1673	2873	0.125
1673	2874	0.125
1673	2875	0.125
1674	1674	1.0
1674	1675	0.5
1674	2273	0.125
1674	2274	0.125
1674	2275	0.125
1674	2873	0.125
1674	2874	0.125
1674	2875	0.125
1675	1675	1.0
1675	2273	0.125
1675	2274	0.125
1675	2275	0.125
1675	2873	0.125
1675	2874	0.125
1675	2875	0.125
1676	1676	1.0
1676	1677	0.5
1676	1678	0.5
1676	2276	0.125
1676	2277	0.125
1676	2278	0.125
1676	2876	0.125
1676	2877	0.125
1676	2878	0.125
1677	1677	1.0
1677	1678	0.5
1677	2276	0.125
1677	2277	0.125
1677	2278	0.125
1677	2876	0.125
1677	2877	0.125
1677	2878	0.125
1678	1678	1.0
1678	2276	0.125
1678	2277	0.125
1678	2278	0.125
1678	2876	0.125
1678	2877	0.125
1678	2878	0.125
1679	1679	1.0
1679	1680	0.5
1679	1681	0.5
1679	2279	0.125
1679	2280	0.125
1679	2281	0.125
1679	2879	0.125
1679	2880	0.125
1679	2881	0.125
1680	1680	1.0
1680	1681	0.5
1680	2279	0.125
1680	2280	0.125
1680	2281	0.125
1680	2879	0.125
1680	2880	0.125
1680	2881	0.125
1681	1681	1.0
1681	2279	0.125
1681	2280	0.125
1681	2281	0.125
1681	2879	0.125
1681	2880	0.125
1681	2881	0.125
1682	1682	1.0
1682	1683	0.5
1682	1684	0.5
1682	2282	0.125
1682	2283	0.125
1682	2284	0.125
1682	2882	0.125
1682	2883	0.125
1682	2884	0.125
1683	1683	1.0
1683	1684	0.5
1683	2282	0.125
1683	2283	0.125
1683	2284	0.125
1683	2882	0.125
1683	2883	0.125
1683	2884	0.125
1684	1684	1.0
1684	2282	0.125
1684	2283	0.125
1684	2284	0.125
1684	2882	0.125
1684	2883	0.125
1684	2884	0.125
1685	1685	1.0
1685	1686	0.5
1685	1687	0.5
1685	2285	0.125
1685	2286	0.125
1685	2287	0.125
1685	2885	0.125
1685	2886	0.125
1685	2887	0.125
1686	1686	1.0
1686	1687	0.5
1686	2285	0.125
1686	2286	0.125
1686	2287	0.125
1686	2885	0.125
1686	2886	0.125
1686	2887	0.125
1687	1687	1.0
1687	2285	0.125
1687	2286	0.125
1687	2287	0.125
1687	2885	0.125
1687	2886	0.125
1687	2887	0.125
1688	1688	1.0
1688	1689	0.5
1688	1690	0.5
1688	2288	0.125
1688	2289	0.125
1688	2290	0.125
1688	2888	0.125
1688	2889	0.125
1688	2890	0.125
1689	1689	1.0
1689	1690	0.5
1689	2288	0.125
1689	2289	0.125
1689	2290	0.125
1689	2888	0.125
1689	2889	0.125
1689	2890	0.125
1690	1690	1.0
1690	2288	0.125
1690	2289	0.125
1690	2290	0.125
1690	2888	0.125
1690	2889	0.125
1690	2890	0.125
1691	1691	1.0
1691	1692	0.5
1691	1693	0.5
1691	2291	0.125
1691	2292	0.125
1691	2293	0.125
1691	2891	0.125
1691	2892	0.125
1691	2893	0.125
1692	1692	1.0
1692	1693	0.5
1692	2291	0.125
1692	2292	0.125
1692	2293	0.125
1692	2891	0.125
1692	2892	0.125
1692	2893	0.125
1693	1693	1.0
1693	2291	0.125
1693	2292	0.125
1693	2293	0.125
1693	2891	0.125
1693	2892	0.125
1693	2893	0.125
1694	1694	1.0
1694	1695	0.5
1694	1696	0.5
1694	2294	0.125
1694	2295	0.125
1694	2296	0.125
1694	2894	0.125
1694	2895	0.125
1694	2896	0.125
1695	1695	1.0
1695	1696	0.5
1695	2294	0.125
1695	2295	0.125
1695	2296	0.125
1695	2894	0.125
1695	2895	0.125
1695	2896	0.125
1696	1696	1.0
1696	2294	0.125
1696	2295	0.125
1696	2296	0.125
1696	2894	0.125
1696	2895	0.125
1696	2896	0.125
1697	1697	1.0
1697	1698	0.5
1697	1699	0.5
1697	2297	0.125
1697	2298	0.125
1697	2299	0.125
1697	2897	0.125
1697	2898	0.125
1697	2899	0.125
1698	1698	1.0
1698	1699	0.5
1698	2297	0.125
1698	2298	0.125
1698	2299	0.125
1698	2897	0.125
1698	2898	0.125
1698	2899	0.125
1699	1699	1.0
1699	2297	0.125
1699	2298	0.125
1699	2299	0.125
1699	2897	0.125
1699	2898	0.125
1699	2899	0.125
1700	1700	1.0
1700	1701	0.5
1700	1702	0.5
1700	2300	0.125
1700	2301	0.125
1700	2302	0.125
1700	2900	0.125
1700	2901	0.125
1700	2902	0.125
1701	1701	1.0
1701	1702	0.5
1701	2300	0.125
1701	2301	0.125
1701	2302	0.125
1701	2900	0.125
1701	2901	0.125
1701	2902	0.125
1702	1702	1.0
1702	2300	0.125
1702	2301	0.125
1702	2302	0.125
1702	2900	0.125
1702	2901	0.125
1702	2902	0.125
1703	1703	1.0
1703	1704	0.5
1703	1705	0.5
1703	2303	0.125
1703	2304	0.125
1703	2305	0.125
1703	2903	0.125
1703	2904	0.125
1703	2905	0.125
1704	1704	1.0
1704	1705	0.5
1704	2303	0.125
1704	2304	0.125
1704	2305	0.125
1704	2903	0.125
1704	2904	0.125
1704	2905	0.125
1705	1705	1.0
1705	2303	0.125
1705	2304	0.125
1705	2305	0.125
1705	2903	0.125
1705	2904	0.125
1705	2905	0.125
1706	1706	1.0
1706	1707	0.5
1706	1708	0.5
1706	2306	0.125
1706	2307	0.125
1706	2308	0.125
1706	2906	0.125
1706	2907	0.125
1706	2908	0.125
1707	1707	1.0
1707	1708	0.5
1707	2306	0.125
1707	2307	0.125
1707	2308	0.125
1707	2906	0.125
1707	2907	0.125
1707	2908	0.125
1708	1708	1.0
1708	2306	0.125
1708	2307	0.125
1708	2308	0.125
1708	2906	0.125
1708	2907	0.125
1708	2908	0.125
1709	1709	1.0
1709	1710	0.5
1709	1711	0.5
1709	2309	0.125
1709	2310	0.125
1709	2311	0.125
1709	2909	0.125
1709	2910	0.125
1709	2911	0.125
1710	1710	1.0
1710	1711	0.5
1710	2309	0.125
1710	2310	0.125
1710	2311	0.125
1710	2909	0.125
1710	2910	0.125
1710	2911	0.125
1711	1711	1.0
1711	2309	0.125
1711	2310	0.125
1711	2311	0.125
1711	2909	0.125
1711	2910	0.125
1711	2911	0.125
1712	1712	1.0
1712	1713	0.5
1712	1714	0.5
1712	2312	0.125
1712	2313	0.125
1712	2314	0.125
1712	2912	0.125
1712	2913	0.125
1712	2914	0.125
1713	1713	1.0
1713	1714	0.5
1713	2312	0.125
1713	2313	0.125
1713	2314	0.125
1713	2912	0.125
1713	2913	0.125
1713	2914	0.125
1714	1714	1.0
1714	2312	0.125
1714	2313	0.125
1714	2314	0.125
1714	2912	0.125
1714	2913	0.125
1714	2914	0.125
1715	1715	1.0
1715	1716	0.5
1715	1717	0.5
1715	2315	0.125
1715	2316	0.125
1715	2317	0.125
1715	2915	0.125
1715	2916	0.125
1715	2917	0.125
1716	1716	1.0
1716	1717	0.5
1716	2315	0.125
1716	2316	0.125
1716	2317	0.125
1716	2915	0.125
1716	2916	0.125
1716	2917	0.125
1717	1717	1.0
1717	2315	0.125
1717	2316	0.125
1717	2317	0.125
1717	2915	0.125
1717	2916	0.125
1717	2917	0.125
1718	1718	1.0
1718	1719	0.5
1718	1720	0.5
1718	2318	0.125
1718	2319	0.125
1718	2320	0.125
1718	2918	0.125
1718	2919	0.125
1718	2920	0.125
1719	1719	1.0
1719	1720	0.5
1719	2318	0.125
1719	2319	0.125
1719	2320	0.125
1719	2918	0.125
1719	2919	0.125
1719	2920	0.125
1720	1720	1.0
1720	2318	0.125
1720	2319	0.125
1720	2320	0.125
1720	2918	0.125
1720	2919	0.125
1720	2920	0.125
1721	1721	1.0
1721	1722	0.5
1721	1723	0.5
1721	2321	0.125
1721	2322	0.125
1721	2323	0.125
1721	2921	0.125
1721	2922	0.125
1721	2923	0.125
1722	1722	1.0
1722	1723	0.5
1722	2321	0.125
1722	2322	0.125
1722	2323	0.125
1722	2921	0.125
1722	2922	0.125
1722	2923	0.125
1723	1723	1.0
1723	2321	0.125
1723	2322	0.125
1723	2323	0.125
1723	2921	0.125
1723	2922	0.125
1723	2923	0.125
1724	1724	1.0
1724	1725	0.5
1724	1726	0.5
1724	2324	0.125
1724	2325	0.125
1724	2326	0.125
1724	2924	0.125
1724	2925	0.125
1724	2926	0.125
1725	1725	1.0
1725	1726	0.5
1725	2324	0.125
1725	2325	0.125
1725	2326	0.125
1725	2924	0.125
1725	2925	0.125
1725	2926	0.125
1726	1726	1.0
1726	2324	0.125
1726	2325	0.125
1726	2326	0.125
1726	2924	0.125
1726	2925	0.125
1726	2926	0.125
1727	1727	1.0
1727	1728	0.5
1727	1729	0.5
1727	2327	0.125
1727	2328	0.125
1727	2329	0.125
1727	2927	0.125
1727	2928	0.125
1727	2929	0.125
1728	1728	1.0
1728	1729	0.5
1728	2327	0.125
1728	2328	0.125
1728	2329	0.125
1728	2927	0.125
1728	2928	0.125
1728	2929	0.125
1729	1729	1.0
1729	2327	0.125
1729	2328	0.125
1729	2329	0.125
1729	2927	0.125
1729	2928	0.125
1729	2929	0.125
1730	1730	1.0
1730	1731	0.5
1730	1732	0.5
1730	2330	0.125
1730	2331	0.125
1730	2332	0.125
1730	2930	0.125
1730	2931	0.125
1730	2932	0.125
1731	1731	1.0
1731	1732	0.5
1731	2330	0.125
1731	2331	0.125
1731	2332	0.125
1731	2930	0.125
1731	2931	0.125
1731	2932	0.125
1732	1732	1.0
1732	2330	0.125
1732	2331	0.125
1732	2332	0.125
1732	2930	0.125
1732	2931	0.125
1732	2932	0.125
1733	1733	1.0
1733	1734	0.5
1733	1735	0.5
1733	2333	0.125
1733	2334	0.125
1733	2335	0.125
1733	2933	0.125
1733	2934	0.125
1733	2935	0.125
1734	1734	1.0
1734	1735	0.5
1734	2333	0.125
1734	2334	0.125
1734	2335	0.125
1734	2933	0.125
1734	2934	0.125
1734	2935	0.125
1735	1735	1.0
1735	2333	0.125
1735	2334	0.125
1735	2335	0.125
1735	2933	0.125
1735	2934	0.125
1735	2935	0.125
1736	1736	1.0
1736	1737	0.5
1736	1738	0.5
1736	2336	0.125
1736	2337	0.125
1736	2338	0.125
1736	2936	0.125
1736	2937	0.125
1736	2938	0.125
1737	1737	1.0
1737	1738	0.5
1737	2336	0.125
1737	2337	0.125
1737	2338	0.125
1737	2936	0.125
1737	2937	0.125
1737	2938	0.125
1738	1738	1.0
1738	2336	0.125
1738	2337	0.125
1738	2338	0.125
1738	2936	0.125
1738	2937	0.125
1738	2938	0.125
1739	1739	1.0
1739	1740	0.5
1739	1741	0.5
1739	2339	0.125
1739	2340	0.125
1739	2341	0.125
1739	2939	0.125
1739	2940	0.125
1739	2941	0.125
1740	1740	1.0
1740	1741	0.5
1740	2339	0.125
1740	2340	0.125
1740	2341	0.125
1740	2939	0.125
1740	2940	0.125
1740	2941	0.125
1741	1741	1.0
1741	2339	0.125
1741	2340	0.125
1741	2341	0.125
1741	2939	0.125
1741	2940	0.125
1741	2941	0.125
1742	1742	1.0
1742	1743	0.5
1742	1744	0.5
1742	2342	0.125
1742	2343	0.125
1742	2344	0.125
1742	2942	0.125
1742	2943	0.125
1742	2944	0.125
1743	1743	1.0
1743	1744	0.5
1743	2342	0.125
1743	2343	0.125
1743	2344	0.125
1743	2942	0.125
1743	2943	0.125
1743	2944	0.125
1744	1744	1.0
1744	2342	0.125
1744	2343	0.125
1744	2344	0.125
1744	2942	0.125
1744	2943	0.125
1744	2944	0.125
1745	1745	1.0
1745	1746	0.5
1745	1747	0.5
1745	2345	0.125
1745	2346	0.125
1745	2347	0.125
1745	2945	0.125
1745	2946	0.125
1745	2947	0.125
1746	1746	1.0
1746	1747	0.5
1746	2345	0.125
1746	2346	0.125
1746	2347	0.125
1746	2945	0.125
1746	2946	0.125
1746	2947	0.125
1747	1747	1.0
1747	2345	0.125
1747	2346	0.125
1747	2347	0.125
1747	2945	0.125
1747	2946	0.125
1747	2947	0.125
1748	1748	1.0
1748	1749	0.5
1748	1750	0.5
1748	2348	0.125
1748	2349	0.125
1748	2350	0.125
1748	2948	0.125
1748	2949	0.125
1748	2950	0.125
1749	1749	1.0
1749	1750	0.5
1749	2348	0.125
1749	2349	0.125
1749	2350	0.125
1749	2948	0.125
1749	2949	0.125
1749	2950	0.125
1750	1750	1.0
1750	2348	0.125
1750	2349	0.125
1750	2350	0.125
1750	2948	0.125
1750	2949	0.125
1750	2950	0.125
1751	1751	1.0
1751	1752	0.5
1751	1753	0.5
1751	2351	0.125
1751	2352	0.125
1751	2353	0.125
1751	2951	0.125
1751	2952	0.125
1751	2953	0.125
1752	1752	1.0
1752	1753	0.5
1752	2351	0.125
1752	2352	0.125
1752	2353	0.125
1752	2951	0.125
1752	2952	0.125
1752	2953	0.125
1753	1753	1.0
1753	2351	0.125
1753	2352	0.125
1753	2353	0.125
1753	2951	0.125
1753	2952	0.125
1753	2953	0.125
1754	1754	1.0
1754	1755	0.5
1754	1756	0.5
1754	2354	0.125
1754	2355	0.125
1754	2356	0.125
1754	2954	0.125
1754	2955	0.125
1754	2956	0.125
1755	1755	1.0
1755	1756	0.5
1755	2354	0.125
1755	2355	0.125
1755	2356	0.125
1755	2954	0.125
1755	2955	0.125
1755	2956	0.125
1756	1756	1.0
1756	2354	0.125
1756	2355	0.125
1756	2356	0.125
1756	2954	0.125
1756	2955	0.125
1756	2956	0.125
1757	1757	1.0
1757	1758	0.5
1757	1759	0.5
1757	2357	0.125
1757	2358	0.125
1757	2359	0.125
1757	2957	0.125
1757	2958	0.125
1757	2959	0.125
1758	1758	1.0
1758	1759	0.5
1758	2357	0.125
1758	2358	0.125
1758	2359	0.125
1758	2957	0.125
1758	2958	0.125
1758	2959	0.125
1759	1759	1.0
1759	2357	0.125
1759	2358	0.125
1759	2359	0.125
1759	2957	0.125
1759	2958	0.125
1759	2959	0.125
1760	1760	1.0
1760	1761	0.5
1760	1762	0.5
1760	2360	0.125
1760	2361	0.125
1760	2362	0.125
1760	2960	0.125
1760	2961	0.125
1760	2962	0.125
1761	1761	1.0
1761	1762	0.5
1761	2360	0.125
1761	2361	0.125
1761	2362	0.125
1761	2960	0.125
1761	2961	0.125
1761	2962	0.125
1762	1762	1.0
1762	2360	0.125
1762	2361	0.125
1762	2362	0.125
1762	2960	0.125
1762	2961	0.125
1762	2962	0.125
1763	1763	1.0
1763	1764	0.5
1763	1765	0.5
1763	2363	0.125
1763	2364	0.125
1763	2365	0.125
1763	2963	0.125
1763	2964	0.125
1763	2965	0.125
1764	1764	1.0
1764	1765	0.5
1764	2363	0.125
1764	2364	0.125
1764	2365	0.125
1764	2963	0.125
1764	2964	0.125
1764	2965	0.125
1765	1765	1.0
1765	2363	0.125
1765	2364	0.125
1765	2365	0.125
1765	2963	0.125
1765	2964	0.125
1765	2965	0.125
1766	1766	1.0
1766	1767	0.5
1766	1768	0.5
1766	2366	0.125
1766	2367	0.125
1766	2368	0.125
1766	2966	0.125
1766	2967	0.125
1766	2968	0.125
1767	1767	1.0
1767	1768	0.5
1767	2366	0.125
1767	2367	0.125
1767	2368	0.125
1767	2966	0.125
1767	2967	0.125
1767	2968	0.125
1768	1768	1.0
1768	2366	0.125
1768	2367	0.125
1768	2368	0.125
1768	2966	0.125
1768	2967	0.125
1768	2968	0.125
1769	1769	1.0
1769	1770	0.5
1769	1771	0.5
1769	2369	0.125
1769	2370	0.125
1769	2371	0.125
1769	2969	0.125
1769	2970	0.125
1769	2971	0.125
1770	1770	1.0
1770	1771	0.5
1770	2369	0.125
1770	2370	0.125
1770	2371	0.125
1770	2969	0.125
1770	2970	0.125
1770	2971	0.125
1771	1771	1.0
1771	2369	0.125
1771	2370	0.125
1771	2371	0.125
1771	2969	0.125
1771	2970	0.125
1771	2971	0.125
1772	1772	1.0
1772	1773	0.5
1772	1774	0.5
1772	2372	0.125
1772	2373	0.125
1772	2374	0.125
1772	2972	0.125
1772	2973	0.125
1772	2974	0.125
1773	1773	1.0
1773	1774	0.5
1773	2372	0.125
1773	2373	0.125
1773	2374	0.125
1773	2972	0.125
1773	2973	0.125
1773	2974	0.125
1774	1774	1.0
1774	2372	0.125
1774	2373	0.125
1774	2374	0.125
1774	2972	0.125
1774	2973	0.125
1774	2974	0.125
1775	1775	1.0
1775	1776	0.5
1775	1777	0.5
1775	2375	0.125
1775	2376	0.125
1775	2377	0.125
1775	2975	0.125
1775	2976	0.125
1775	2977	0.125
1776	1776	1.0
1776	1777	0.5
1776	2375	0.125
1776	2376	0.125
1776	2377	0.125
1776	2975	0.125
1776	2976	0.125
1776	2977	0.125
1777	1777	1.0
1777	2375	0.125
1777	2376	0.125
1777	2377	0.125
1777	2975	0.125
1777	2976	0.125
1777	2977	0.125
1778	1778	1.0
1778	1779	0.5
1778	1780	0.5
1778	2378	0.125
1778	2379	0.125
1778	2380	0.125
1778	2978	0.125
1778	2979	0.125
1778	2980	0.125
1779	1779	1.0
1779	1780	0.5
1779	2378	0.125
1779	2379	0.125
1779	2380	0.125
1779	2978	0.125
1779	2979	0.125
1779	2980	0.125
1780	1780	1.0
1780	2378	0.125
1780	2379	0.125
1780	2380	0.125
1780	2978	0.125
1780	2979	0.125
1780	2980	0.125
1781	1781	1.0
1781	1782	0.5
1781	1783	0.5
1781	2381	0.125
1781	2382	0.125
1781	2383	0.125
1781	2981	0.125
1781	2982	0.125
1781	2983	0.125
1782	1782	1.0
1782	1783	0.5
1782	2381	0.125
1782	2382	0.125
1782	2383	0.125
1782	2981	0.125
1782	2982	0.125
1782	2983	0.125
1783	1783	1.0
1783	2381	0.125
1783	2382	0.125
1783	2383	0.125
1783	2981	0.125
1783	2982	0.125
1783	2983	0.125
1784	1784	1.0
1784	1785	0.5
1784	1786	0.5
1784	2384	0.125
1784	2385	0.125
1784	2386	0.125
1784	2984	0.125
1784	2985	0.125
1784	2986	0.125
1785	1785	1.0
1785	1786	0.5
1785	2384	0.125
1785	2385	0.125
1785	2386	0.125
1785	2984	0.125
1785	2985	0.125
1785	2986	0.125
1786	1786	1.0
1786	2384	0.125
1786	2385	0.125
1786	2386	0.125
1786	2984	0.125
1786	2985	0.125
1786	2986	0.125
1787	1787	1.0
1787	1788	0.5
1787	1789	0.5
1787	2387	0.125
1787	2388	0.125
1787	2389	0.125
1787	2987	0.125
1787	2988	0.125
1787	2989	0.125
1788	1788	1.0
1788	1789	0.5
1788	2387	0.125
1788	2388	0.125
1788	2389	0.125
1788	2987	0.125
1788	2988	0.125
1788	2989	0.125
1789	1789	1.0
1789	2387	0.125
1789	2388	0.125
1789	2389	0.125
1789	2987	0.125
1789	2988	0.125
1789	2989	0.125
1790	1790	1.0
1790	1791	0.5
1790	1792	0.5
1790	2390	0.125
1790	2391	0.125
1790	2392	0.125
1790	2990	0.125
1790	2991	0.125
1790	2992	0.125
1791	1791	1.0
1791	1792	0.5
1791	2390	0.125
1791	2391	0.125
1791	2392	0.125
1791	2990	0.125
1791	2991	0.125
1791	2992	0.125
1792	1792	1.0
1792	2390	0.125
1792	2391	0.125
1792	2392	0.125
1792	2990	0.125
1792	2991	0.125
1792	2992	0.125
1793	1793	1.0
1793	1794	0.5
1793	1795	0.5
1793	2393	0.125
1793	2394	0.125
1793	2395	0.125
1793	2993	0.125
1793	2994	0.125
1793	2995	0.125
1794	1794	1.0
1794	1795	0.5
1794	2393	0.125
1794	2394	0.125
1794	2395	0.125
1794	2993	0.125
1794	2994	0.125
1794	2995	0.125
1795	1795	1.0
1795	2393	0.125
1795	2394	0.125
1795	2395	0.125
1795	2993	0.125
1795	2994	0.125
1795	2995	0.125
1796	1796	1.0
1796	1797	0.5
1796	1798	0.5
1796	2396	0.125
1796	2397	0.125
1796	2398	0.125
1796	2996	0.125
1796	2997	0.125
1796	2998	0.125
1797	1797	1.0
1797	1798	0.5
1797	2396	0.125
1797	2397	0.125
1797	2398	0.125
1797	2996	0.125
1797	2997	0.125
1797	2998	0.125
1798	1798	1.0
1798	2396	0.125
1798	2397	0.125
1798	2398	0.125
1798	2996	0.125
1798	2997	0.125
1798	2998	0.125
1799	1799	1.0
1799	1800	0.5
1799	1801	0.5
1799	2399	0.125
1799	2400	0.125
1799	2401	0.125
1799	2999	0.125
1799	3000	0.125
1799	3001	0.125
1800	1800	1.0
1800	1801	0.5
1800	2399	0.125
1800	2400	0.125
1800	2401	0.125
1800	2999	0.125
1800	3000	0.125
1800	3001	0.125
1801	1801	1.0
1801	2399	0.125
1801	2400	0.125
1801	2401	0.125
1801	2999	0.125
1801	3000	0.125
1801	3001	0.125
1802	1802	1.0
1802	1803	0.5
1802	1804	0.5
1802	2402	0.125
1802	2403	0.125
1802	2404	0.125
1802	3002	0.125
1802	3003	0.125
1802	3004	0.125
1803	1803	1.0
1803	1804	0.5
1803	2402	0.125
1803	2403	0.125
1803	2404	0.125
1803	3002	0.125
1803	3003	0.125
1803	3004	0.125
1804	1804	1.0
1804	2402	0.125
1804	2403	0.125
1804	2404	0.125
1804	3002	0.125
1804	3003	0.125
1804	3004	0.125
1805	1805	1.0
1805	1806	0.5
1805	1807	0.5
1805	2405	0.125
1805	2406	0.125
1805	2407	0.125
1805	3005	0.125
1805	3006	0.125
1805	3007	0.125
1806	1806	1.0
1806	1807	0.5
1806	2405	0.125
1806	2406	0.125
1806	2407	0.125
1806	3005	0.125
1806	3006	0.125
1806	3007	0.125
1807	1807	1.0
1807	2405	0.125
1807	2406	0.125
1807	2407	0.125
1807	3005	0.125
1807	3006	0.125
1807	3007	0.125
1808	1808	1.0
1808	1809	0.5
1808	1810	0.5
1808	2408	0.125
1808	2409	0.125
1808	2410	0.125
1808	3008	0.125
1808	3009	0.125
1808	3010	0.125
1809	1809	1.0
1809	1810	0.5
1809	2408	0.125
1809	2409	0.125
1809	2410	0.125
1809	3008	0.125
1809	3009	0.125
1809	3010	0.125
1810	1810	1.0
1810	2408	0.125
1810	2409	0.125
1810	2410	0.125
1810	3008	0.125
1810	3009	0.125
1810	3010	0.125
1811	1811	1.0
1811	1812	0.5
1811	1813	0.5
1811	2411	0.125
1811	2412	0.125
1811	2413	0.125
1811	3011	0.125
1811	3012	0.125
1811	3013	0.125
1812	1812	1.0
1812	1813	0.5
1812	2411	0.125
1812	2412	0.125
1812	2413	0.125
1812	3011	0.125
1812	3012	0.125
1812	3013	0.125
1813	1813	1.0
1813	2411	0.125
1813	2412	0.125
1813	2413	0.125
1813	3011	0.125
1813	3012	0.125
1813	3013	0.125
1814	1814	1.0
1814	1815	0.5
1814	1816	0.5
1814	2414	0.125
1814	2415	0.125
1814	2416	0.125
1814	3014	0.125
1814	3015	0.125
1814	3016	0.125
1815	1815	1.0
1815	1816	0.5
1815	2414	0.125
1815	2415	0.125
1815	2416	0.125
1815	3014	0.125
1815	3015	0.125
1815	3016	0.125
1816	1816	1.0
1816	2414	0.125
1816	2415	0.125
1816	2416	0.125
1816	3014	0.125
1816	3015	0.125
1816	3016	0.125
1817	1817	1.0
1817	1818	0.5
1817	1819	0.5
1817	2417	0.125
1817	2418	0.125
1817	2419	0.125
1817	3017	0.125
1817	3018	0.125
1817	3019	0.125
1818	1818	1.0
1818	1819	0.5
1818	2417	0.125
1818	2418	0.125
1818	2419	0.125
1818	3017	0.125
1818	3018	0.125
1818	3019	0.125
1819	1819	1.0
1819	2417	0.125
1819	2418	0.125
1819	2419	0.125
1819	3017	0.125
1819	3018	0.125
1819	3019	0.125
1820	1820	1.0
1820	1821	0.5
1820	1822	0.5
1820	2420	0.125
1820	2421	0.125
1820	2422	0.125
1820	3020	0.125
1820	3021	0.125
1820	3022	0.125
1821	1821	1.0
1821	1822	0.5
1821	2420	0.125
1821	2421	0.125
1821	2422	0.125
1821	3020	0.125
1821	3021	0.125
1821	3022	0.125
1822	1822	1.0
1822	2420	0.125
1822	2421	0.125
1822	2422	0.125
1822	3020	0.125
1822	3021	0.125
1822	3022	0.125
1823	1823	1.0
1823	1824	0.5
1823	1825	0.5
1823	2423	0.125
1823	2424	0.125
1823	2425	0.125
1823	3023	0.125
1823	3024	0.125
1823	3025	0.125
1824	1824	1.0
1824	1825	0.5
1824	2423	0.125
1824	2424	0.125
1824	2425	0.125
1824	3023	0.125
1824	3024	0.125
1824	3025	0.125
1825	1825	1.0
1825	2423	0.125
1825	2424	0.125
1825	2425	0.125
1825	3023	0.125
1825	3024	0.125
1825	3025	0.125
1826	1826	1.0
1826	1827	0.5
1826	1828	0.5
1826	2426	0.125
1826	2427	0.125
1826	2428	0.125
1826	3026	0.125
1826	3027	0.125
1826	3028	0.125
1827	1827	1.0
1827	1828	0.5
1827	2426	0.125
1827	2427	0.125
1827	2428	0.125
1827	3026	0.125
1827	3027	0.125
1827	3028	0.125
1828	1828	1.0
1828	2426	0.125
1828	2427	0.125
1828	2428	0.125
1828	3026	0.125
1828	3027	0.125
1828	3028	0.125
1829	1829	1.0
1829	1830	0.5
1829	1831	0.5
1829	2429	0.125
1829	2430	0.125
1829	2431	0.125
1829	3029	0.125
1829	3030	0.125
1829	3031	0.125
1830	1830	1.0
1830	1831	0.5
1830	2429	0.125
1830	2430	0.125
1830	2431	0.125
1830	3029	0.125
1830	3030	0.125
1830	3031	0.125
1831	1831	1.0
1831	2429	0.125
1831	2430	0.125
1831	2431	0.125
1831	3029	0.125
1831	3030	0.125
1831	3031	0.125
1832	1832	1.0
1832	1833	0.5
1832	1834	0.5
1832	2432	0.125
1832	2433	0.125
1832	2434	0.125
1832	3032	0.125
1832	3033	0.125
1832	3034	0.125
1833	1833	1.0
1833	1834	0.5
1833	2432	0.125
1833	2433	0.125
1833	2434	0.125
1833	3032	0.125
1833	3033	0.125
1833	3034	0.125
1834	1834	1.0
1834	2432	0.125
1834	2433	0.125
1834	2434	0.125
1834	3032	0.125
1834	3033	0.125
1834	3034	0.125
1835	1835	1.0
1835	1836	0.5
1835	1837	0.5
1835	2435	0.125
1835	2436	0.125
1835	2437	0.125
1835	3035	0.125
1835	3036	0.125
1835	3037	0.125
1836	1836	1.0
1836	1837	0.5
1836	2435	0.125
1836	2436	0.125
1836	2437	0.125
1836	3035	0.125
1836	3036	0.125
1836	3037	0.125
1837	1837	1.0
1837	2435	0.125
1837	2436	0.125
1837	2437	0.125
1837	3035	0.125
1837	3036	0.125
1837	3037	0.125
1838	1838	1.0
1838	1839	0.5
1838	1840	0.5
1838	2438	0.125
1838	2439	0.125
1838	2440	0.125
1838	3038	0.125
1838	3039	0.125
1838	3040	0.125
1839	1839	1.0
1839	1840	0.5
1839	2438	0.125
1839	2439	0.125
1839	2440	0.125
1839	3038	0.125
1839	3039	0.125
1839	3040	0.125
1840	1840	1.0
1840	2438	0.125
1840	2439	0.125
1840	2440	0.125
1840	3038	0.125
1840	3039	0.125
1840	3040	0.125
1841	1841	1.0
1841	1842	0.5
1841	1843	0.5
1841	2441	0.125
1841	2442	0.125
1841	2443	0.125
1841	3041	0.125
1841	3042	0.125
1841	3043	0.125
1842	1842	1.0
1842	1843	0.5
1842	2441	0.125
1842	2442	0.125
1842	2443	0.125
1842	3041	0.125
1842	3042	0.125
1842	3043	0.125
1843	1843	1.0
1843	2441	0.125
1843	2442	0.125
1843	2443	0.125
1843	3041	0.125
1843	3042	0.125
1843	3043	0.125
1844	1844	1.0
1844	1845	0.5
1844	1846	0.5
1844	2444	0.125
1844	2445	0.125
1844	2446	0.125
1844	3044	0.125
1844	3045	0.125
1844	3046	0.125
1845	1845	1.0
1845	1846	0.5
1845	2444	0.125
1845	2445	0.125
1845	2446	0.125
1845	3044	0.125
1845	3045	0.125
1845	3046	0.125
1846	1846	1.0
1846	2444	0.125
1846	2445	0.125
1846	2446	0.125
1846	3044	0.125
1846	3045	0.125
1846	3046	0.125
1847	1847	1.0
1847	1848	0.5
1847	1849	0.5
1847	2447	0.125
1847	2448	0.125
1847	2449	0.125
1847	3047	0.125
1847	3048	0.125
1847	3049	0.125
1848	1848	1.0
1848	1849	0.5
1848	2447	0.125
1848	2448	0.125
1848	2449	0.125
1848	3047	0.125
1848	3048	0.125
1848	3049	0.125
1849	1849	1.0
1849	2447	0.125
1849	2448	0.125
1849	2449	0.125
1849	3047	0.125
1849	3048	0.125
1849	3049	0.125
1850	1850	1.0
1850	1851	0.5
1850	1852	0.5
1850	2450	0.125
1850	2451	0.125
1850	2452	0.125
1850	3050	0.125
1850	3051	0.125
1850	3052	0.125
1851	1851	1.0
1851	1852	0.5
1851	2450	0.125
1851	2451	0.125
1851	2452	0.125
1851	3050	0.125
1851	3051	0.125
1851	3052	0.125
1852	1852	1.0
1852	2450	0.125
1852	2451	0.125
1852	2452	0.125
1852	3050	0.125
1852	3051	0.125
1852	3052	0.125
1853	1853	1.0
1853	1854	0.5
1853	1855	0.5
1853	2453	0.125
1853	2454	0.125
1853	2455	0.125
1853	3053	0.125
1853	3054	0.125
1853	3055	0.125
1854	1854	1.0
1854	1855	0.5
1854	2453	0.125
1854	2454	0.125
1854	2455	0.125
1854	3053	0.125
1854	3054	0.125
1854	3055	0.125
1855	1855	1.0
1855	2453	0.125
1855	2454	0.125
1855	2455	0.125
1855	3053	0.125
1855	3054	0.125
1855	3055	0.125
1856	1856	1.0
1856	1857	0.5
1856	1858	0.5
1856	2456	0.125
1856	2457	0.125
1856	2458	0.125
1856	3056	0.125
1856	3057	0.125
1856	3058	0.125
1857	1857	1.0
1857	1858	0.5
1857	2456	0.125
1857	2457	0.125
1857	2458	0.125
1857	3056	0.125
1857	3057	0.125
1857	3058	0.125
1858	1858	1.0
1858	2456	0.125
1858	2457	0.125
1858	2458	0.125
1858	3056	0.125
1858	3057	0.125
1858	3058	0.125
1859	1859	1.0
1859	1860	0.5
1859	1861	0.5
1859	2459	0.125
1859	2460	0.125
1859	2461	0.125
1859	3059	0.125
1859	3060	0.125
1859	3061	0.125
1860	1860	1.0
1860	1861	0.5
1860	2459	0.125
1860	2460	0.125
1860	2461	0.125
1860	3059	0.125
1860	3060	0.125
1860	3061	0.125
1861	1861	1.0
1861	2459	0.125
1861	2460	0.125
1861	2461	0.125
1861	3059	0.125
1861	3060	0.125
1861	3061	0.125
1862	1862	1.0
1862	1863	0.5
1862	1864	0.5
1862	2462	0.125
1862	2463	0.125
1862	2464	0.125
1862	3062	0.125
1862	3063	0.125
1862	3064	0.125
1863	1863	1.0
1863	1864	0.5
1863	2462	0.125
1863	2463	0.125
1863	2464	0.125
1863	3062	0.125
1863	3063	0.125
1863	3064	0.125
1864	1864	1.0
1864	2462	0.125
1864	2463	0.125
1864	2464	0.125
1864	3062	0.125
1864	3063	0.125
1864	3064	0.125
1865	1865	1.0
1865	1866	0.5
1865	1867	0.5
1865	2465	0.125
1865	2466	0.125
1865	2467	0.125
1865	3065	0.125
1865	3066	0.125
1865	3067	0.125
1866	1866	1.0
1866	1867	0.5
1866	2465	0.125
1866	2466	0.125
1866	2467	0.125
1866	3065	0.125
1866	3066	0.125
1866	3067	0.125
1867	1867	1.0
1867	2465	0.125
1867	2466	0.125
1867	2467	0.125
1867	3065	0.125
1867	3066	0.125
1867	3067	0.125
1868	1868	1.0
1868	1869	0.5
1868	1870	0.5
1868	2468	0.125
1868	2469	0.125
1868	2470	0.125
1868	3068	0.125
1868	3069	0.125
1868	3070	0.125
1869	1869	1.0
1869	1870	0.5
1869	2468	0.125
1869	2469	0.125
1869	2470	0.125
1869	3068	0.125
1869	3069	0.125
1869	3070	0.125
1870	1870	1.0
1870	2468	0.125
1870	2469	0.125
1870	2470	0.125
1870	3068	0.125
1870	3069	0.125
1870	3070	0.125
1871	1871	1.0
1871	1872	0.5
1871	1873	0.5
1871	2471	0.125
1871	2472	0.125
1871	2473	0.125
1871	3071	0.125
1871	3072	0.125
1871	3073	0.125
1872	1872	1.0
1872	1873	0.5
1872	2471	0.125
1872	2472	0.125
1872	2473	0.125
1872	3071	0.125
1872	3072	0.125
1872	3073	0.125
1873	1873	1.0
1873	2471	0.125
1873	2472	0.125
1873	2473	0.125
1873	3071	0.125
1873	3072	0.125
1873	3073	0.125
1874	1874	1.0
1874	1875	0.5
1874	1876	0.5
1874	2474	0.125
1874	2475	0.125
1874	2476	0.125
1874	3074	0.125
1874	3075	0.125
1874	3076	0.125
1875	1875	1.0
1875	1876	0.5
1875	2474	0.125
1875	2475	0.125
1875	2476	0.125
1875	3074	0.125
1875	3075	0.125
1875	3076	0.125
1876	1876	1.0
1876	2474	0.125
1876	2475	0.125
1876	2476	0.125
1876	3074	0.125
1876	3075	0.125
1876	3076	0.125
1877	1877	1.0
1877	1878	0.5
1877	1879	0.5
1877	2477	0.125
1877	2478	0.125
1877	2479	0.125
1877	3077	0.125
1877	3078	0.125
1877	3079	0.125
1878	1878	1.0
1878	1879	0.5
1878	2477	0.125
1878	2478	0.125
1878	2479	0.125
1878	3077	0.125
1878	3078	0.125
1878	3079	0.125
1879	1879	1.0
1879	2477	0.125
1879	2478	0.125
1879	2479	0.125
1879	3077	0.125
1879	3078	0.125
1879	3079	0.125
1880	1880	1.0
1880	1881	0.5
1880	1882	0.5
1880	2480	0.125
1880	2481	0.125
1880	2482	0.125
1880	3080	0.125
1880	3081	0.125
1880	3082	0.125
1881	1881	1.0
1881	1882	0.5
1881	2480	0.125
1881	2481	0.125
1881	2482	0.125
1881	3080	0.125
1881	3081	0.125
1881	3082	0.125
1882	1882	1.0
1882	2480	0.125
1882	2481	0.125
1882	2482	0.125
1882	3080	0.125
1882	3081	0.125
1882	3082	0.125
1883	1883	1.0
1883	1884	0.5
1883	1885	0.5
1883	2483	0.125
1883	2484	0.125
1883	2485	0.125
1883	3083	0.125
1883	3084	0.125
1883	3085	0.125
1884	1884	1.0
1884	1885	0.5
1884	2483	0.125
1884	2484	0.125
1884	2485	0.125
1884	3083	0.125
1884	3084	0.125
1884	3085	0.125
1885	1885	1.0
1885	2483	0.125
1885	2484	0.125
1885	2485	0.125
1885	3083	0.125
1885	3084	0.125
1885	3085	0.125
1886	1886	1.0
1886	1887	0.5
1886	1888	0.5
1886	2486	0.125
1886	2487	0.125
1886	2488	0.125
1886	3086	0.125
1886	3087	0.125
1886	3088	0.125
1887	1887	1.0
1887	1888	0.5
1887	2486	0.125
1887	2487	0.125
1887	2488	0.125
1887	3086	0.125
1887	3087	0.125
1887	3088	0.125
1888	1888	1.0
1888	2486	0.125
1888	2487	0.125
1888	2488	0.125
1888	3086	0.125
1888	3087	0.125
1888	3088	0.125
1889	1889	1.0
1889	1890	0.5
1889	1891	0.5
1889	2489	0.125
1889	2490	0.125
1889	2491	0.125
1889	3089	0.125
1889	3090	0.125
1889	3091	0.125
1890	1890	1.0
1890	1891	0.5
1890	2489	0.125
1890	2490	0.125
1890	2491	0.125
1890	3089	0.125
1890	3090	0.125
1890	3091	0.125
1891	1891	1.0
1891	2489	0.125
1891	2490	0.125
1891	2491	0.125
1891	3089	0.125
1891	3090	0.125
1891	3091	0.125
1892	1892	1.0
1892	1893	0.5
1892	1894	0.5
1892	2492	0.125
1892	2493	0.125
1892	2494	0.125
1892	3092	0.125
1892	3093	0.125
1892	3094	0.125
1893	1893	1.0
1893	1894	0.5
1893	2492	0.125
1893	2493	0.125
1893	2494	0.125
1893	3092	0.125
1893	3093	0.125
1893	3094	0.125
1894	1894	1.0
1894	2492	0.125
1894	2493	0.125
1894	2494	0.125
1894	3092	0.125
1894	3093	0.125
1894	3094	0.125
1895	1895	1.0
1895	1896	0.5
1895	1897	0.5
1895	2495	0.125
1895	2496	0.125
1895	2497	0.125
1895	3095	0.125
1895	3096	0.125
1895	3097	0.125
1896	1896	1.0
1896	1897	0.5
1896	2495	0.125
1896	2496	0.125
1896	2497	0.125
1896	3095	0.125
1896	3096	0.125
1896	3097	0.125
1897	1897	1.0
1897	2495	0.125
1897	2496	0.125
1897	2497	0.125
1897	3095	0.125
1897	3096	0.125
1897	3097	0.125
1898	1898	1.0
1898	1899	0.5
1898	1900	0.5
1898	2498	0.125
1898	2499	0.125
1898	2500	0.125
1898	3098	0.125
1898	3099	0.125
1898	3100	0.125
1899	1899	1.0
1899	1900	0.5
1899	2498	0.125
1899	2499	0.125
1899	2500	0.125
1899	3098	0.125
1899	3099	0.125
1899	3100	0.125
1900	1900	1.0
1900	2498	0.125
1900	2499	0.125
1900	2500	0.125
1900	3098	0.125
1900	3099	0.125
1900	3100	0.125
1901	1901	1.0
1901	1902	0.5
1901	1903	0.5
1901	2501	0.125
1901	2502	0.125
1901	2503	0.125
1901	3101	0.125
1901	3102	0.125
1901	3103	0.125
1902	1902	1.0
1902	1903	0.5
1902	2501	0.125
1902	2502	0.125
1902	2503	0.125
1902	3101	0.125
1902	3102	0.125
1902	3103	0.125
1903	1903	1.0
1903	2501	0.125
1903	2502	0.125
1903	2503	0.125
1903	3101	0.125
1903	3102	0.125
1903	3103	0.125
1904	1904	1.0
1904	1905	0.5
1904	1906	0.5
1904	2504	0.125
1904	2505	0.125
1904	2506	0.125
1904	3104	0.125
1904	3105	0.125
1904	3106	0.125
1905	1905	1.0
1905	1906	0.5
1905	2504	0.125
1905	2505	0.125
1905	2506	0.125
1905	3104	0.125
1905	3105	0.125
1905	3106	0.125
1906	1906	1.0
1906	2504	0.125
1906	2505	0.125
1906	2506	0.125
1906	3104	0.125
1906	3105	0.125
1906	3106	0.125
1907	1907	1.0
1907	1908	0.5
1907	1909	0.5
1907	2507	0.125
1907	2508	0.125
1907	2509	0.125
1907	3107	0.125
1907	3108	0.125
1907	3109	0.125
1908	1908	1.0
1908	1909	0.5
1908	2507	0.125
1908	2508	0.125
1908	2509	0.125
1908	3107	0.125
1908	3108	0.125
1908	3109	0.125
1909	1909	1.0
1909	2507	0.125
1909	2508	0.125
1909	2509	0.125
1909	3107	0.125
1909	3108	0.125
1909	3109	0.125
1910	1910	1.0
1910	1911	0.5
1910	1912	0.5
1910	2510	0.125
1910	2511	0.125
1910	2512	0.125
1910	3110	0.125
1910	3111	0.125
1910	3112	0.125
1911	1911	1.0
1911	1912	0.5
1911	2510	0.125
1911	2511	0.125
1911	2512	0.125
1911	3110	0.125
1911	3111	0.125
1911	3112	0.125
1912	1912	1.0
1912	2510	0.125
1912	2511	0.125
1912	2512	0.125
1912	3110	0.125
1912	3111	0.125
1912	3112	0.125
1913	1913	1.0
1913	1914	0.5
1913	1915	0.5
1913	2513	0.125
1913	2514	0.125
1913	2515	0.125
1913	3113	0.125
1913	3114	0.125
1913	3115	0.125
1914	1914	1.0
1914	1915	0.5
1914	2513	0.125
1914	2514	0.125
1914	2515	0.125
1914	3113	0.125
1914	3114	0.125
1914	3115	0.125
1915	1915	1.0
1915	2513	0.125
1915	2514	0.125
1915	2515	0.125
1915	3113	0.125
1915	3114	0.125
1915	3115	0.125
1916	1916	1.0
1916	1917	0.5
1916	1918	0.5
1916	2516	0.125
1916	2517	0.125
1916	2518	0.125
1916	3116	0.125
1916	3117	0.125
1916	3118	0.125
1917	1917	1.0
1917	1918	0.5
1917	2516	0.125
1917	2517	0.125
1917	2518	0.125
1917	3116	0.125
1917	3117	0.125
1917	3118	0.125
1918	1918	1.0
1918	2516	0.125
1918	2517	0.125
1918	2518	0.125
1918	3116	0.125
1918	3117	0.125
1918	3118	0.125
1919	1919	1.0
1919	1920	0.5
1919	1921	0.5
1919	2519	0.125
1919	2520	0.125
1919	2521	0.125
1919	3119	0.125
1919	3120	0.125
1919	3121	0.125
1920	1920	1.0
1920	1921	0.5
1920	2519	0.125
1920	2520	0.125
1920	2521	0.125
1920	3119	0.125
1920	3120	0.125
1920	3121	0.125
1921	1921	1.0
1921	2519	0.125
1921	2520	0.125
1921	2521	0.125
1921	3119	0.125
1921	3120	0.125
1921	3121	0.125
1922	1922	1.0
1922	1923	0.5
1922	1924	0.5
1922	2522	0.125
1922	2523	0.125
1922	2524	0.125
1922	3122	0.125
1922	3123	0.125
1922	3124	0.125
1923	1923	1.0
1923	1924	0.5
1923	2522	0.125
1923	2523	0.125
1923	2524	0.125
1923	3122	0.125
1923	3123	0.125
1923	3124	0.125
1924	1924	1.0
1924	2522	0.125
1924	2523	0.125
1924	2524	0.125
1924	3122	0.125
1924	3123	0.125
1924	3124	0.125
1925	1925	1.0
1925	1926	0.5
1925	1927	0.5
1925	2525	0.125
1925	2526	0.125
1925	2527	0.125
1925	3125	0.125
1925	3126	0.125
1925	3127	0.125
1926	1926	1.0
1926	1927	0.5
1926	2525	0.125
1926	2526	0.125
1926	2527	0.125
1926	3125	0.125
1926	3126	0.125
1926	3127	0.125
1927	1927	1.0
1927	2525	0.125
1927	2526	0.125
1927	2527	0.125
1927	3125	0.125
1927	3126	0.125
1927	3127	0.125
1928	1928	1.0
1928	1929	0.5
1928	1930	0.5
1928	2528	0.125
1928	2529	0.125
1928	2530	0.125
1928	3128	0.125
1928	3129	0.125
1928	3130	0.125
1929	1929	1.0
1929	1930	0.5
1929	2528	0.125
1929	2529	0.125
1929	2530	0.125
1929	3128	0.125
1929	3129	0.125
1929	3130	0.125
1930	1930	1.0
1930	2528	0.125
1930	2529	0.125
1930	2530	0.125
1930	3128	0.125
1930	3129	0.125
1930	3130	0.125
1931	1931	1.0
1931	1932	0.5
1931	1933	0.5
1931	2531	0.125
1931	2532	0.125
1931	2533	0.125
1931	3131	0.125
1931	3132	0.125
1931	3133	0.125
1932	1932	1.0
1932	1933	0.5
1932	2531	0.125
1932	2532	0.125
1932	2533	0.125
1932	3131	0.125
1932	3132	0.125
1932	3133	0.125
1933	1933	1.0
1933	2531	0.125
1933	2532	0.125
1933	2533	0.125
1933	3131	0.125
1933	3132	0.125
1933	3133	0.125
1934	1934	1.0
1934	1935	0.5
1934	1936	0.5
1934	2534	0.125
1934	2535	0.125
1934	2536	0.125
1934	3134	0.125
1934	3135	0.125
1934	3136	0.125
1935	1935	1.0
1935	1936	0.5
1935	2534	0.125
1935	2535	0.125
1935	2536	0.125
1935	3134	0.125
1935	3135	0.125
1935	3136	0.125
1936	1936	1.0
1936	2534	0.125
1936	2535	0.125
1936	2536	0.125
1936	3134	0.125
1936	3135	0.125
1936	3136	0.125
1937	1937	1.0
1937	1938	0.5
1937	1939	0.5
1937	2537	0.125
1937	2538	0.125
1937	2539	0.125
1937	3137	0.125
1937	3138	0.125
1937	3139	0.125
1938	1938	1.0
1938	1939	0.5
1938	2537	0.125
1938	2538	0.125
1938	2539	0.125
1938	3137	0.125
1938	3138	0.125
1938	3139	0.125
1939	1939	1.0
1939	2537	0.125
1939	2538	0.125
1939	2539	0.125
1939	3137	0.125
1939	3138	0.125
1939	3139	0.125
1940	1940	1.0
1940	1941	0.5
1940	1942	0.5
1940	2540	0.125
1940	2541	0.125
1940	2542	0.125
1940	3140	0.125
1940	3141	0.125
1940	3142	0.125
1941	1941	1.0
1941	1942	0.5
1941	2540	0.125
1941	2541	0.125
1941	2542	0.125
1941	3140	0.125
1941	3141	0.125
1941	3142	0.125
1942	1942	1.0
1942	2540	0.125
1942	2541	0.125
1942	2542	0.125
1942	3140	0.125
1942	3141	0.125
1942	3142	0.125
1943	1943	1.0
1943	1944	0.5
1943	1945	0.5
1943	2543	0.125
1943	2544	0.125
1943	2545	0.125
1943	3143	0.125
1943	3144	0.125
1943	3145	0.125
1944	1944	1.0
1944	1945	0.5
1944	2543	0.125
1944	2544	0.125
1944	2545	0.125
1944	3143	0.125
1944	3144	0.125
1944	3145	0.125
1945	1945	1.0
1945	2543	0.125
1945	2544	0.125
1945	2545	0.125
1945	3143	0.125
1945	3144	0.125
1945	3145	0.125
1946	1946	1.0
1946	1947	0.5
1946	1948	0.5
1946	2546	0.125
1946	2547	0.125
1946	2548	0.125
1946	3146	0.125
1946	3147	0.125
1946	3148	0.125
1947	1947	1.0
1947	1948	0.5
1947	2546	0.125
1947	2547	0.125
1947	2548	0.125
1947	3146	0.125
1947	3147	0.125
1947	3148	0.125
1948	1948	1.0
1948	2546	0.125
1948	2547	0.125
1948	2548	0.125
1948	3146	0.125
1948	3147	0.125
1948	3148	0.125
1949	1949	1.0
1949	1950	0.5
1949	1951	0.5
1949	2549	0.125
1949	2550	0.125
1949	2551	0.125
1949	3149	0.125
1949	3150	0.125
1949	3151	0.125
1950	1950	1.0
1950	1951	0.5
1950	2549	0.125
1950	2550	0.125
1950	2551	0.125
1950	3149	0.125
1950	3150	0.125
1950	3151	0.125
1951	1951	1.0
1951	2549	0.125
1951	2550	0.125
1951	2551	0.125
1951	3149	0.125
1951	3150	0.125
1951	3151	0.125
1952	1952	1.0
1952	1953	0.5
1952	1954	0.5
1952	2552	0.125
1952	2553	0.125
1952	2554	0.125
1952	3152	0.125
1952	3153	0.125
1952	3154	0.125
1953	1953	1.0
1953	1954	0.5
1953	2552	0.125
1953	2553	0.125
1953	2554	0.125
1953	3152	0.125
1953	3153	0.125
1953	3154	0.125
1954	1954	1.0
1954	2552	0.125
1954	2553	0.125
1954	2554	0.125
1954	3152	0.125
1954	3153	0.125
1954	3154	0.125
1955	1955	1.0
1955	1956	0.5
1955	1957	0.5
1955	2555	0.125
1955	2556	0.125
1955	2557	0.125
1955	3155	0.125
1955	3156	0.125
1955	3157	0.125
1956	1956	1.0
1956	1957	0.5
1956	2555	0.125
1956	2556	0.125
1956	2557	0.125
1956	3155	0.125
1956	3156	0.125
1956	3157	0.125
1957	1957	1.0
1957	2555	0.125
1957	2556	0.125
1957	2557	0.125
1957	3155	0.125
1957	3156	0.125
1957	3157	0.125
1958	1958	1.0
1958	1959	0.5
1958	1960	0.5
1958	2558	0.125
1958	2559	0.125
1958	2560	0.125
1958	3158	0.125
1958	3159	0.125
1958	3160	0.125
1959	1959	1.0
1959	1960	0.5
1959	2558	0.125
1959	2559	0.125
1959	2560	0.125
1959	3158	0.125
1959	3159	0.125
1959	3160	0.125
1960	1960	1.0
1960	2558	0.125
1960	2559	0.125
1960	2560	0.125
1960	3158	0.125
1960	3159	0.125
1960	3160	0.125
1961	1961	1.0
1961	1962	0.5
1961	1963	0.5
1961	2561	0.125
1961	2562	0.125
1961	2563	0.125
1961	3161	0.125
1961	3162	0.125
1961	3163	0.125
1962	1962	1.0
1962	1963	0.5
1962	2561	0.125
1962	2562	0.125
1962	2563	0.125
1962	3161	0.125
1962	3162	0.125
1962	3163	0.125
1963	1963	1.0
1963	2561	0.125
1963	2562	0.125
1963	2563	0.125
1963	3161	0.125
1963	3162	0.125
1963	3163	0.125
1964	1964	1.0
1964	1965	0.5
1964	1966	0.5
1964	2564	0.125
1964	2565	0.125
1964	2566	0.125
1964	3164	0.125
1964	3165	0.125
1964	3166	0.125
1965	1965	1.0
1965	1966	0.5
1965	2564	0.125
1965	2565	0.125
1965	2566	0.125
1965	3164	0.125
1965	3165	0.125
1965	3166	0.125
1966	1966	1.0
1966	2564	0.125
1966	2565	0.125
1966	2566	0.125
1966	3164	0.125
1966	3165	0.125
1966	3166	0.125
1967	1967	1.0
1967	1968	0.5
1967	1969	0.5
1967	2567	0.125
1967	2568	0.125
1967	2569	0.125
1967	3167	0.125
1967	3168	0.125
1967	3169	0.125
1968	1968	1.0
1968	1969	0.5
1968	2567	0.125
1968	2568	0.125
1968	2569	0.125
1968	3167	0.125
1968	3168	0.125
1968	3169	0.125
1969	1969	1.0
1969	2567	0.125
1969	2568	0.125
1969	2569	0.125
1969	3167	0.125
1969	3168	0.125
1969	3169	0.125
1970	1970	1.0
1970	1971	0.5
1970	1972	0.5
1970	2570	0.125
1970	2571	0.125
1970	2572	0.125
1970	3170	0.125
1970	3171	0.125
1970	3172	0.125
1971	1971	1.0
1971	1972	0.5
1971	2570	0.125
1971	2571	0.125
1971	2572	0.125
1971	3170	0.125
1971	3171	0.125
1971	3172	0.125
1972	1972	1.0
1972	2570	0.125
1972	2571	0.125
1972	2572	0.125
1972	3170	0.125
1972	3171	0.125
1972	3172	0.125
1973	1973	1.0
1973	1974	0.5
1973	1975	0.5
1973	2573	0.125
1973	2574	0.125
1973	2575	0.125
1973	3173	0.125
1973	3174	0.125
1973	3175	0.125
1974	1974	1.0
1974	1975	0.5
1974	2573	0.125
1974	2574	0.125
1974	2575	0.125
1974	3173	0.125
1974	3174	0.125
1974	3175	0.125
1975	1975	1.0
1975	2573	0.125
1975	2574	0.125
1975	2575	0.125
1975	3173	0.125
1975	3174	0.125
1975	3175	0.125
1976	1976	1.0
1976	1977	0.5
1976	1978	0.5
1976	2576	0.125
1976	2577	0.125
1976	2578	0.125
1976	3176	0.125
1976	3177	0.125
1976	3178	0.125
1977	1977	1.0
1977	1978	0.5
1977	2576	0.125
1977	2577	0.125
1977	2578	0.125
1977	3176	0.125
1977	3177	0.125
1977	3178	0.125
1978	1978	1.0
1978	2576	0.125
1978	2577	0.125
1978	2578	0.125
1978	3176	0.125
1978	3177	0.125
1978	3178	0.125
1979	1979	1.0
1979	1980	0.5
1979	1981	0.5
1979	2579	0.125
1979	2580	0.125
1979	2581	0.125
1979	3179	0.125
1979	3180	0.125
1979	3181	0.125
1980	1980	1.0
1980	1981	0.5
1980	2579	0.125
1980	2580	0.125
1980	2581	0.125
1980	3179	0.125
1980	3180	0.125
1980	3181	0.125
1981	1981	1.0
1981	2579	0.125
1981	2580	0.125
1981	2581	0.125
1981	3179	0.125
1981	3180	0.125
1981	3181	0.125
1982	1982	1.0
1982	1983	0.5
1982	1984	0.5
1982	2582	0.125
1982	2583	0.125
1982	2584	0.125
1982	3182	0.125
1982	3183	0.125
1982	3184	0.125
1983	1983	1.0
1983	1984	0.5
1983	2582	0.125
1983	2583	0.125
1983	2584	0.125
1983	3182	0.125
1983	3183	0.125
1983	3184	0.125
1984	1984	1.0
1984	2582	0.125
1984	2583	0.125
1984	2584	0.125
1984	3182	0.125
1984	3183	0.125
1984	3184	0.125
1985	1985	1.0
1985	1986	0.5
1985	1987	0.5
1985	2585	0.125
1985	2586	0.125
1985	2587	0.125
1985	3185	0.125
1985	3186	0.125
1985	3187	0.125
1986	1986	1.0
1986	1987	0.5
1986	2585	0.125
1986	2586	0.125
1986	2587	0.125
1986	3185	0.125
1986	3186	0.125
1986	3187	0.125
1987	1987	1.0
1987	2585	0.125
1987	2586	0.125
1987	2587	0.125
1987	3185	0.125
1987	3186	0.125
1987	3187	0.125
1988	1988	1.0
1988	1989	0.5
1988	1990	0.5
1988	2588	0.125
1988	2589	0.125
1988	2590	0.125
1988	3188	0.125
1988	3189	0.125
1988	3190	0.125
1989	1989	1.0
1989	1990	0.5
1989	2588	0.125
1989	2589	0.125
1989	2590	0.125
1989	3188	0.125
1989	3189	0.125
1989	3190	0.125
1990	1990	1.0
1990	2588	0.125
1990	2589	0.125
1990	2590	0.125
1990	3188	0.125
1990	3189	0.125
1990	3190	0.125
1991	1991	1.0
1991	1992	0.5
1991	1993	0.5
1991	2591	0.125
1991	2592	0.125
1991	2593	0.125
1991	3191	0.125
1991	3192	0.125
1991	3193	0.125
1992	1992	1.0
1992	1993	0.5
1992	2591	0.125
1992	2592	0.125
1992	2593	0.125
1992	3191	0.125
1992	3192	0.125
1992	3193	0.125
1993	1993	1.0
1993	2591	0.125
1993	2592	0.125
1993	2593	0.125
1993	3191	0.125
1993	3192	0.125
1993	3193	0.125
1994	1994	1.0
1994	1995	0.5
1994	1996	0.5
1994	2594	0.125
1994	2595	0.125
1994	2596	0.125
1994	3194	0.125
1994	3195	0.125
1994	3196	0.125
1995	1995	1.0
1995	1996	0.5
1995	2594	0.125
1995	2595	0.125
1995	2596	0.125
1995	3194	0.125
1995	3195	0.125
1995	3196	0.125
1996	1996	1.0
1996	2594	0.125
1996	2595	0.125
1996	2596	0.125
1996	3194	0.125
1996	3195	0.125
1996	3196	0.125
1997	1997	1.0
1997	1998	0.5
1997	1999	0.5
1997	2597	0.125
1997	2598	0.125
1997	2599	0.125
1997	3197	0.125
1997	3198	0.125
1997	3199	0.125
1998	1998	1.0
1998	1999	0.5
1998	2597	0.125
1998	2598	0.125
1998	2599	0.125
1998	3197	0.125
1998	3198	0.125
1998	3199	0.125
1999	1999	1.0
1999	2597	0.125
1999	2598	0.125
1999	2599	0.125
1999	3197	0.125
1999	3198	0.125
1999	3199	0.125
2000	2000	1.0
2000	2001	0.5
2000	2002	0.5
2000	2600	0.125
2000	2601	0.125
2000	2602	0.125
2000	3200	0.125
2000	3201	0.125
2000	3202	0.125
2001	2001	1.0
2001	2002	0.5
2001	2600	0.125
2001	2601	0.125
2001	2602	0.125
2001	3200	0.125
2001	3201	0.125
2001	3202	0.125
2002	2002	1.0
2002	2600	0.125
2002	2601	0.125
2002	2602	0.125
2002	3200	0.125
2002	3201	0.125
2002	3202	0.125
2003	2003	1.0
2003	2004	0.5
2003	2005	0.5
2003	2603	0.125
2003	2604	0.125
2003	2605	0.125
2003	3203	0.125
2003	3204	0.125
2003	3205	0.125
2004	2004	1.0
2004	2005	0.5
2004	2603	0.125
2004	2604	0.125
2004	2605	0.125
2004	3203	0.125
2004	3204	0.125
2004	3205	0.125
2005	2005	1.0
2005	2603	0.125
2005	2604	0.125
2005	2605	0.125
2005	3203	0.125
2005	3204	0.125
2005	3205	0.125
2006	2006	1.0
2006	2007	0.5
2006	2008	0.5
2006	2606	0.125
2006	2607	0.125
2006	2608	0.125
2006	3206	0.125
2006	3207	0.125
2006	3208	0.125
2007	2007	1.0
2007	2008	0.5
2007	2606	0.125
2007	2607	0.125
2007	2608	0.125
2007	3206	0.125
2007	3207	0.125
2007	3208	0.125
2008	2008	1.0
2008	2606	0.125
2008	2607	0.125
2008	2608	0.125
2008	3206	0.125
2008	3207	0.125
2008	3208	0.125
2009	2009	1.0
2009	2010	0.5
2009	2011	0.5
2009	2609	0.125
2009	2610	0.125
2009	2611	0.125
2009	3209	0.125
2009	3210	0.125
2009	3211	0.125
2010	2010	1.0
2010	2011	0.5
2010	2609	0.125
2010	2610	0.125
2010	2611	0.125
2010	3209	0.125
2010	3210	0.125
2010	3211	0.125
2011	2011	1.0
2011	2609	0.125
2011	2610	0.125
2011	2611	0.125
2011	3209	0.125
2011	3210	0.125
2011	3211	0.125
2012	2012	1.0
2012	2013	0.5
2012	2014	0.5
2012	2612	0.125
2012	2613	0.125
2012	2614	0.125
2012	3212	0.125
2012	3213	0.125
2012	3214	0.125
2013	2013	1.0
2013	2014	0.5
2013	2612	0.125
2013	2613	0.125
2013	2614	0.125
2013	3212	0.125
2013	3213	0.125
2013	3214	0.125
2014	2014	1.0
2014	2612	0.125
2014	2613	0.125
2014	2614	0.125
2014	3212	0.125
2014	3213	0.125
2014	3214	0.125
2015	2015	1.0
2015	2016	0.5
2015	2017	0.5
2015	2615	0.125
2015	2616	0.125
2015	2617	0.125
2015	3215	0.125
2015	3216	0.125
2015	3217	0.125
2016	2016	1.0
2016	2017	0.5
2016	2615	0.125
2016	2616	0.125
2016	2617	0.125
2016	3215	0.125
2016	3216	0.125
2016	3217	0.125
2017	2017	1.0
2017	2615	0.125
2017	2616	0.125
2017	2617	0.125
2017	3215	0.125
2017	3216	0.125
2017	3217	0.125
2018	2018	1.0
2018	2019	0.5
2018	2020	0.5
2018	2618	0.125
2018	2619	0.125
2018	2620	0.125
2018	3218	0.125
2018	3219	0.125
2018	3220	0.125
2019	2019	1.0
2019	2020	0.5
2019	2618	0.125
2019	2619	0.125
2019	2620	0.125
2019	3218	0.125
2019	3219	0.125
2019	3220	0.125
2020	2020	1.0
2020	2618	0.125
2020	2619	0.125
2020	2620	0.125
2020	3218	0.125
2020	3219	0.125
2020	3220	0.125
2021	2021	1.0
2021	2022	0.5
2021	2023	0.5
2021	2621	0.125
2021	2622	0.125
2021	2623	0.125
2021	3221	0.125
2021	3222	0.125
2021	3223	0.125
2022	2022	1.0
2022	2023	0.5
2022	2621	0.125
2022	2622	0.125
2022	2623	0.125
2022	3221	0.125
2022	3222	0.125
2022	3223	0.125
2023	2023	1.0
2023	2621	0.125
2023	2622	0.125
2023	2623	0.125
2023	3221	0.125
2023	3222	0.125
2023	3223	0.125
2024	2024	1.0
2024	2025	0.5
2024	2026	0.5
2024	2624	0.125
2024	2625	0.125
2024	2626	0.125
2024	3224	0.125
2024	3225	0.125
2024	3226	0.125
2025	2025	1.0
2025	2026	0.5
2025	2624	0.125
2025	2625	0.125
2025	2626	0.125
2025	3224	0.125
2025	3225	0.125
2025	3226	0.125
2026	2026	1.0
2026	2624	0.125
2026	2625	0.125
2026	2626	0.125
2026	3224	0.125
2026	3225	0.125
2026	3226	0.125
2027	2027	1.0
2027	2028	0.5
2027	2029	0.5
2027	2627	0.125
2027	2628	0.125
2027	2629	0.125
2027	3227	0.125
2027	3228	0.125
2027	3229	0.125
2028	2028	1.0
2028	2029	0.5
2028	2627	0.125
2028	2628	0.125
2028	2629	0.125
2028	3227	0.125
2028	3228	0.125
2028	3229	0.125
2029	2029	1.0
2029	2627	0.125
2029	2628	0.125
2029	2629	0.125
2029	3227	0.125
2029	3228	0.125
2029	3229	0.125
2030	2030	1.0
2030	2031	0.5
2030	2032	0.5
2030	2630	0.125
2030	2631	0.125
2030	2632	0.125
2030	3230	0.125
2030	3231	0.125
2030	3232	0.125
2031	2031	1.0
2031	2032	0.5
2031	2630	0.125
2031	2631	0.125
2031	2632	0.125
2031	3230	0.125
2031	3231	0.125
2031	3232	0.125
2032	2032	1.0
2032	2630	0.125
2032	2631	0.125
2032	2632	0.125
2032	3230	0.125
2032	3231	0.125
2032	3232	0.125
2033	2033	1.0
2033	2034	0.5
2033	2035	0.5
2033	2633	0.125
2033	2634	0.125
2033	2635	0.125
2033	3233	0.125
2033	3234	0.125
2033	3235	0.125
2034	2034	1.0
2034	2035	0.5
2034	2633	0.125
2034	2634	0.125
2034	2635	0.125
2034	3233	0.125
2034	3234	0.125
2034	3235	0.125
2035	2035	1.0
2035	2633	0.125
2035	2634	0.125
2035	2635	0.125
2035	3233	0.125
2035	3234	0.125
2035	3235	0.125
2036	2036	1.0
2036	2037	0.5
2036	2038	0.5
2036	2636	0.125
2036	2637	0.125
2036	2638	0.125
2036	3236	0.125
2036	3237	0.125
2036	3238	0.125
2037	2037	1.0
2037	2038	0.5
2037	2636	0.125
2037	2637	0.125
2037	2638	0.125
2037	3236	0.125
2037	3237	0.125
2037	3238	0.125
2038	2038	1.0
2038	2636	0.125
2038	2637	0.125
2038	2638	0.125
2038	3236	0.125
2038	3237	0.125
2038	3238	0.125
2039	2039	1.0
2039	2040	0.5
2039	2041	0.5
2039	2639	0.125
2039	2640	0.125
2039	2641	0.125
2039	3239	0.125
2039	3240	0.125
2039	3241	0.125
2040	2040	1.0
2040	2041	0.5
2040	2639	0.125
2040	2640	0.125
2040	2641	0.125
2040	3239	0.125
2040	3240	0.125
2040	3241	0.125
2041	2041	1.0
2041	2639	0.125
2041	2640	0.125
2041	2641	0.125
2041	3239	0.125
2041	3240	0.125
2041	3241	0.125
2042	2042	1.0
2042	2043	0.5
2042	2044	0.5
2042	2642	0.125
2042	2643	0.125
2042	2644	0.125
2042	3242	0.125
2042	3243	0.125
2042	3244	0.125
2043	2043	1.0
2043	2044	0.5
2043	2642	0.125
2043	2643	0.125
2043	2644	0.125
2043	3242	0.125
2043	3243	0.125
2043	3244	0.125
2044	2044	1.0
2044	2642	0.125
2044	2643	0.125
2044	2644	0.125
2044	3242	0.125
2044	3243	0.125
2044	3244	0.125
2045	2045	1.0
2045	2046	0.5
2045	2047	0.5
2045	2645	0.125
2045	2646	0.125
2045	2647	0.125
2045	3245	0.125
2045	3246	0.125
2045	3247	0.125
2046	2046	1.0
2046	2047	0.5
2046	2645	0.125
2046	2646	0.125
2046	2647	0.125
2046	3245	0.125
2046	3246	0.125
2046	3247	0.125
2047	2047	1.0
2047	2645	0.125
2047	2646	0.125
2047	2647	0.125
2047	3245	0.125
2047	3246	0.125
2047	3247	0.125
2048	2048	1.0
2048	2049	0.5
2048	2050	0.5
2048	2648	0.125
2048	2649	0.125
2048	2650	0.125
2048	3248	0.125
2048	3249	0.125
2048	3250	0.125
2049	2049	1.0
2049	2050	0.5
2049	2648	0.125
2049	2649	0.125
2049	2650	0.125
2049	3248	0.125
2049	3249	0.125
2049	3250	0.125
2050	2050	1.0
2050	2648	0.125
2050	2649	0.125
2050	2650	0.125
2050	3248	0.125
2050	3249	0.125
2050	3250	0.125
2051	2051	1.0
2051	2052	0.5
2051	2053	0.5
2051	2651	0.125
2051	2652	0.125
2051	2653	0.125
2051	3251	0.125
2051	3252	0.125
2051	3253	0.125
2052	2052	1.0
2052	2053	0.5
2052	2651	0.125
2052	2652	0.125
2052	2653	0.125
2052	3251	0.125
2052	3252	0.125
2052	3253	0.125
2053	2053	1.0
2053	2651	0.125
2053	2652	0.125
2053	2653	0.125
2053	3251	0.125
2053	3252	0.125
2053	3253	0.125
2054	2054	1.0
2054	2055	0.5
2054	2056	0.5
2054	2654	0.125
2054	2655	0.125
2054	2656	0.125
2054	3254	0.125
2054	3255	0.125
2054	3256	0.125
2055	2055	1.0
2055	2056	0.5
2055	2654	0.125
2055	2655	0.125
2055	2656	0.125
2055	3254	0.125
2055	3255	0.125
2055	3256	0.125
2056	2056	1.0
2056	2654	0.125
2056	2655	0.125
2056	2656	0.125
2056	3254	0.125
2056	3255	0.125
2056	3256	0.125
2057	2057	1.0
2057	2058	0.5
2057	2059	0.5
2057	2657	0.125
2057	2658	0.125
2057	2659	0.125
2057	3257	0.125
2057	3258	0.125
2057	3259	0.125
2058	2058	1.0
2058	2059	0.5
2058	2657	0.125
2058	2658	0.125
2058	2659	0.125
2058	3257	0.125
2058	3258	0.125
2058	3259	0.125
2059	2059	1.0
2059	2657	0.125
2059	2658	0.125
2059	2659	0.125
2059	3257	0.125
2059	3258	0.125
2059	3259	0.125
2060	2060	1.0
2060	2061	0.5
2060	2062	0.5
2060	2660	0.125
2060	2661	0.125
2060	2662	0.125
2060	3260	0.125
2060	3261	0.125
2060	3262	0.125
2061	2061	1.0
2061	2062	0.5
2061	2660	0.125
2061	2661	0.125
2061	2662	0.125
2061	3260	0.125
2061	3261	0.125
2061	3262	0.125
2062	2062	1.0
2062	2660	0.125
2062	2661	0.125
2062	2662	0.125
2062	3260	0.125
2062	3261	0.125
2062	3262	0.125
2063	2063	1.0
2063	2064	0.5
2063	2065	0.5
2063	2663	0.125
2063	2664	0.125
2063	2665	0.125
2063	3263	0.125
2063	3264	0.125
2063	3265	0.125
2064	2064	1.0
2064	2065	0.5
2064	2663	0.125
2064	2664	0.125
2064	2665	0.125
2064	3263	0.125
2064	3264	0.125
2064	3265	0.125
2065	2065	1.0
2065	2663	0.125
2065	2664	0.125
2065	2665	0.125
2065	3263	0.125
2065	3264	0.125
2065	3265	0.125
2066	2066	1.0
2066	2067	0.5
2066	2068	0.5
2066	2666	0.125
2066	2667	0.125
2066	2668	0.125
2066	3266	0.125
2066	3267	0.125
2066	3268	0.125
2067	2067	1.0
2067	2068	0.5
2067	2666	0.125
2067	2667	0.125
2067	2668	0.125
2067	3266	0.125
2067	3267	0.125
2067	3268	0.125
2068	2068	1.0
2068	2666	0.125
2068	2667	0.125
2068	2668	0.125
2068	3266	0.125
2068	3267	0.125
2068	3268	0.125
2069	2069	1.0
2069	2070	0.5
2069	2071	0.5
2069	2669	0.125
2069	2670	0.125
2069	2671	0.125
2069	3269	0.125
2069	3270	0.125
2069	3271	0.125
2070	2070	1.0
2070	2071	0.5
2070	2669	0.125
2070	2670	0.125
2070	2671	0.125
2070	3269	0.125
2070	3270	0.125
2070	3271	0.125
2071	2071	1.0
2071	2669	0.125
2071	2670	0.125
2071	2671	0.125
2071	3269	0.125
2071	3270	0.125
2071	3271	0.125
2072	2072	1.0
2072	2073	0.5
2072	2074	0.5
2072	2672	0.125
2072	2673	0.125
2072	2674	0.125
2072	3272	0.125
2072	3273	0.125
2072	3274	0.125
2073	2073	1.0
2073	2074	0.5
2073	2672	0.125
2073	2673	0.125
2073	2674	0.125
2073	3272	0.125
2073	3273	0.125
2073	3274	0.125
2074	2074	1.0
2074	2672	0.125
2074	2673	0.125
2074	2674	0.125
2074	3272	0.125
2074	3273	0.125
2074	3274	0.125
2075	2075	1.0
2075	2076	0.5
2075	2077	0.5
2075	2675	0.125
2075	2676	0.125
2075	2677	0.125
2075	3275	0.125
2075	3276	0.125
2075	3277	0.125
2076	2076	1.0
2076	2077	0.5
2076	2675	0.125
2076	2676	0.125
2076	2677	0.125
2076	3275	0.125
2076	3276	0.125
2076	3277	0.125
2077	2077	1.0
2077	2675	0.125
2077	2676	0.125
2077	2677	0.125
2077	3275	0.125
2077	3276	0.125
2077	3277	0.125
2078	2078	1.0
2078	2079	0.5
2078	2080	0.5
2078	2678	0.125
2078	2679	0.125
2078	2680	0.125
2078	3278	0.125
2078	3279	0.125
2078	3280	0.125
2079	2079	1.0
2079	2080	0.5
2079	2678	0.125
2079	2679	0.125
2079	2680	0.125
2079	3278	0.125
2079	3279	0.125
2079	3280	0.125
2080	2080	1.0
2080	2678	0.125
2080	2679	0.125
2080	2680	0.125
2080	3278	0.125
2080	3279	0.125
2080	3280	0.125
2081	2081	1.0
2081	2082	0.5
2081	2083	0.5
2081	2681	0.125
2081	2682	0.125
2081	2683	0.125
2081	3281	0.125
2081	3282	0.125
2081	3283	0.125
2082	2082	1.0
2082	2083	0.5
2082	2681	0.125
2082	2682	0.125
2082	2683	0.125
2082	3281	0.125
2082	3282	0.125
2082	3283	0.125
2083	2083	1.0
2083	2681	0.125
2083	2682	0.125
2083	2683	0.125
2083	3281	0.125
2083	3282	0.125
2083	3283	0.125
2084	2084	1.0
2084	2085	0.5
2084	2086	0.5
2084	2684	0.125
2084	2685	0.125
2084	2686	0.125
2084	3284	0.125
2084	3285	0.125
2084	3286	0.125
2085	2085	1.0
2085	2086	0.5
2085	2684	0.125
2085	2685	0.125
2085	2686	0.125
2085	3284	0.125
2085	3285	0.125
2085	3286	0.125
2086	2086	1.0
2086	2684	0.125
2086	2685	0.125
2086	2686	0.125
2086	3284	0.125
2086	3285	0.125
2086	3286	0.125
2087	2087	1.0
2087	2088	0.5
2087	2089	0.5
2087	2687	0.125
2087	2688	0.125
2087	2689	0.125
2087	3287	0.125
2087	3288	0.125
2087	3289	0.125
2088	2088	1.0
2088	2089	0.5
2088	2687	0.125
2088	2688	0.125
2088	2689	0.125
2088	3287	0.125
2088	3288	0.125
2088	3289	0.125
2089	2089	1.0
2089	2687	0.125
2089	2688	0.125
2089	2689	0.125
2089	3287	0.125
2089	3288	0.125
2089	3289	0.125
2090	2090	1.0
2090	2091	0.5
2090	2092	0.5
2090	2690	0.125
2090	2691	0.125
2090	2692	0.125
2090	3290	0.125
2090	3291	0.125
2090	3292	0.125
2091	2091	1.0
2091	2092	0.5
2091	2690	0.125
2091	2691	0.125
2091	2692	0.125
2091	3290	0.125
2091	3291	0.125
2091	3292	0.125
2092	2092	1.0
2092	2690	0.125
2092	2691	0.125
2092	2692	0.125
2092	3290	0.125
2092	3291	0.125
2092	3292	0.125
2093	2093	1.0
2093	2094	0.5
2093	2095	0.5
2093	2693	0.125
2093	2694	0.125
2093	2695	0.125
2093	3293	0.125
2093	3294	0.125
2093	3295	0.125
2094	2094	1.0
2094	2095	0.5
2094	2693	0.125
2094	2694	0.125
2094	2695	0.125
2094	3293	0.125
2094	3294	0.125
2094	3295	0.125
2095	2095	1.0
2095	2693	0.125
2095	2694	0.125
2095	2695	0.125
2095	3293	0.125
2095	3294	0.125
2095	3295	0.125
2096	2096	1.0
2096	2097	0.5
2096	2098	0.5
2096	2696	0.125
2096	2697	0.125
2096	2698	0.125
2096	3296	0.125
2096	3297	0.125
2096	3298	0.125
2097	2097	1.0
2097	2098	0.5
2097	2696	0.125
2097	2697	0.125
2097	2698	0.125
2097	3296	0.125
2097	3297	0.125
2097	3298	0.125
2098	2098	1.0
2098	2696	0.125
2098	2697	0.125
2098	2698	0.125
2098	3296	0.125
2098	3297	0.125
2098	3298	0.125
2099	2099	1.0
2099	2100	0.5
2099	2101	0.5
2099	2699	0.125
2099	2700	0.125
2099	2701	0.125
2099	3299	0.125
2099	3300	0.125
2099	3301	0.125
2100	2100	1.0
2100	2101	0.5
2100	2699	0.125
2100	2700	0.125
2100	2701	0.125
2100	3299	0.125
2100	3300	0.125
2100	3301	0.125
2101	2101	1.0
2101	2699	0.125
2101	2700	0.125
2101	2701	0.125
2101	3299	0.125
2101	3300	0.125
2101	3301	0.125
2102	2102	1.0
2102	2103	0.5
2102	2104	0.5
2102	2702	0.125
2102	2703	0.125
2102	2704	0.125
2102	3302	0.125
2102	3303	0.125
2102	3304	0.125
2103	2103	1.0
2103	2104	0.5
2103	2702	0.125
2103	2703	0.125
2103	2704	0.125
2103	3302	0.125
2103	3303	0.125
2103	3304	0.125
2104	2104	1.0
2104	2702	0.125
2104	2703	0.125
2104	2704	0.125
2104	3302	0.125
2104	3303	0.125
2104	3304	0.125
2105	2105	1.0
2105	2106	0.5
2105	2107	0.5
2105	2705	0.125
2105	2706	0.125
2105	2707	0.125
2105	3305	0.125
2105	3306	0.125
2105	3307	0.125
2106	2106	1.0
2106	2107	0.5
2106	2705	0.125
2106	2706	0.125
2106	2707	0.125
2106	3305	0.125
2106	3306	0.125
2106	3307	0.125
2107	2107	1.0
2107	2705	0.125
2107	2706	0.125
2107	2707	0.125
2107	3305	0.125
2107	3306	0.125
2107	3307	0.125
2108	2108	1.0
2108	2109	0.5
2108	2110	0.5
2108	2708	0.125
2108	2709	0.125
2108	2710	0.125
2108	3308	0.125
2108	3309	0.125
2108	3310	0.125
2109	2109	1.0
2109	2110	0.5
2109	2708	0.125
2109	2709	0.125
2109	2710	0.125
2109	3308	0.125
2109	3309	0.125
2109	3310	0.125
2110	2110	1.0
2110	2708	0.125
2110	2709	0.125
2110	2710	0.125
2110	3308	0.125
2110	3309	0.125
2110	3310	0.125
2111	2111	1.0
2111	2112	0.5
2111	2113	0.5
2111	2711	0.125
2111	2712	0.125
2111	2713	0.125
2111	3311	0.125
2111	3312	0.125
2111	3313	0.125
2112	2112	1.0
2112	2113	0.5
2112	2711	0.125
2112	2712	0.125
2112	2713	0.125
2112	3311	0.125
2112	3312	0.125
2112	3313	0.125
2113	2113	1.0
2113	2711	0.125
2113	2712	0.125
2113	2713	0.125
2113	3311	0.125
2113	3312	0.125
2113	3313	0.125
2114	2114	1.0
2114	2115	0.5
2114	2116	0.5
2114	2714	0.125
2114	2715	0.125
2114	2716	0.125
2114	3314	0.125
2114	3315	0.125
2114	3316	0.125
2115	2115	1.0
2115	2116	0.5
2115	2714	0.125
2115	2715	0.125
2115	2716	0.125
2115	3314	0.125
2115	3315	0.125
2115	3316	0.125
2116	2116	1.0
2116	2714	0.125
2116	2715	0.125
2116	2716	0.125
2116	3314	0.125
2116	3315	0.125
2116	3316	0.125
2117	2117	1.0
2117	2118	0.5
2117	2119	0.5
2117	2717	0.125
2117	2718	0.125
2117	2719	0.125
2117	3317	0.125
2117	3318	0.125
2117	3319	0.125
2118	2118	1.0
2118	2119	0.5
2118	2717	0.125
2118	2718	0.125
2118	2719	0.125
2118	3317	0.125
2118	3318	0.125
2118	3319	0.125
2119	2119	1.0
2119	2717	0.125
2119	2718	0.125
2119	2719	0.125
2119	3317	0.125
2119	3318	0.125
2119	3319	0.125
2120	2120	1.0
2120	2121	0.5
2120	2122	0.5
2120	2720	0.125
2120	2721	0.125
2120	2722	0.125
2120	3320	0.125
2120	3321	0.125
2120	3322	0.125
2121	2121	1.0
2121	2122	0.5
2121	2720	0.125
2121	2721	0.125
2121	2722	0.125
2121	3320	0.125
2121	3321	0.125
2121	3322	0.125
2122	2122	1.0
2122	2720	0.125
2122	2721	0.125
2122	2722	0.125
2122	3320	0.125
2122	3321	0.125
2122	3322	0.125
2123	2123	1.0
2123	2124	0.5
2123	2125	0.5
2123	2723	0.125
2123	2724	0.125
2123	2725	0.125
2123	3323	0.125
2123	3324	0.125
2123	3325	0.125
2124	2124	1.0
2124	2125	0.5
2124	2723	0.125
2124	2724	0.125
2124	2725	0.125
2124	3323	0.125
2124	3324	0.125
2124	3325	0.125
2125	2125	1.0
2125	2723	0.125
2125	2724	0.125
2125	2725	0.125
2125	3323	0.125
2125	3324	0.125
2125	3325	0.125
2126	2126	1.0
2126	2127	0.5
2126	2128	0.5
2126	2726	0.125
2126	2727	0.125
2126	2728	0.125
2126	3326	0.125
2126	3327	0.125
2126	3328	0.125
2127	2127	1.0
2127	2128	0.5
2127	2726	0.125
2127	2727	0.125
2127	2728	0.125
2127	3326	0.125
2127	3327	0.125
2127	3328	0.125
2128	2128	1.0
2128	2726	0.125
2128	2727	0.125
2128	2728	0.125
2128	3326	0.125
2128	3327	0.125
2128	3328	0.125
2129	2129	1.0
2129	2130	0.5
2129	2131	0.5
2129	2729	0.125
2129	2730	0.125
2129	2731	0.125
2129	3329	0.125
2129	3330	0.125
2129	3331	0.125
2130	2130	1.0
2130	2131	0.5
2130	2729	0.125
2130	2730	0.125
2130	2731	0.125
2130	3329	0.125
2130	3330	0.125
2130	3331	0.125
2131	2131	1.0
2131	2729	0.125
2131	2730	0.125
2131	2731	0.125
2131	3329	0.125
2131	3330	0.125
2131	3331	0.125
2132	2132	1.0
2132	2133	0.5
2132	2134	0.5
2132	2732	0.125
2132	2733	0.125
2132	2734	0.125
2132	3332	0.125
2132	3333	0.125
2132	3334	0.125
2133	2133	1.0
2133	2134	0.5
2133	2732	0.125
2133	2733	0.125
2133	2734	0.125
2133	3332	0.125
2133	3333	0.125
2133	3334	0.125
2134	2134	1.0
2134	2732	0.125
2134	2733	0.125
2134	2734	0.125
2134	3332	0.125
2134	3333	0.125
2134	3334	0.125
2135	2135	1.0
2135	2136	0.5
2135	2137	0.5
2135	2735	0.125
2135	2736	0.125
2135	2737	0.125
2135	3335	0.125
2135	3336	0.125
2135	3337	0.125
2136	2136	1.0
2136	2137	0.5
2136	2735	0.125
2136	2736	0.125
2136	2737	0.125
2136	3335	0.125
2136	3336	0.125
2136	3337	0.125
2137	2137	1.0
2137	2735	0.125
2137	2736	0.125
2137	2737	0.125
2137	3335	0.125
2137	3336	0.125
2137	3337	0.125
2138	2138	1.0
2138	2139	0.5
2138	2140	0.5
2138	2738	0.125
2138	2739	0.125
2138	2740	0.125
2138	3338	0.125
2138	3339	0.125
2138	3340	0.125
2139	2139	1.0
2139	2140	0.5
2139	2738	0.125
2139	2739	0.125
2139	2740	0.125
2139	3338	0.125
2139	3339	0.125
2139	3340	0.125
2140	2140	1.0
2140	2738	0.125
2140	2739	0.125
2140	2740	0.125
2140	3338	0.125
2140	3339	0.125
2140	3340	0.125
2141	2141	1.0
2141	2142	0.5
2141	2143	0.5
2141	2741	0.125
2141	2742	0.125
2141	2743	0.125
2141	3341	0.125
2141	3342	0.125
2141	3343	0.125
2142	2142	1.0
2142	2143	0.5
2142	2741	0.125
2142	2742	0.125
2142	2743	0.125
2142	3341	0.125
2142	3342	0.125
2142	3343	0.125
2143	2143	1.0
2143	2741	0.125
2143	2742	0.125
2143	2743	0.125
2143	3341	0.125
2143	3342	0.125
2143	3343	0.125
2144	2144	1.0
2144	2145	0.5
2144	2146	0.5
2144	2744	0.125
2144	2745	0.125
2144	2746	0.125
2144	3344	0.125
2144	3345	0.125
2144	3346	0.125
2145	2145	1.0
2145	2146	0.5
2145	2744	0.125
2145	2745	0.125
2145	2746	0.125
2145	3344	0.125
2145	3345	0.125
2145	3346	0.125
2146	2146	1.0
2146	2744	0.125
2146	2745	0.125
2146	2746	0.125
2146	3344	0.125
2146	3345	0.125
2146	3346	0.125
2147	2147	1.0
2147	2148	0.5
2147	2149	0.5
2147	2747	0.125
2147	2748	0.125
2147	2749	0.125
2147	3347	0.125
2147	3348	0.125
2147	3349	0.125
2148	2148	1.0
2148	2149	0.5
2148	2747	0.125
2148	2748	0.125
2148	2749	0.125
2148	3347	0.125
2148	3348	0.125
2148	3349	0.125
2149	2149	1.0
2149	2747	0.125
2149	2748	0.125
2149	2749	0.125
2149	3347	0.125
2149	3348	0.125
2149	3349	0.125
2150	2150	1.0
2150	2151	0.5
2150	2152	0.5
2150	2750	0.125
2150	2751	0.125
2150	2752	0.125
2150	3350	0.125
2150	3351	0.125
2150	3352	0.125
2151	2151	1.0
2151	2152	0.5
2151	2750	0.125
2151	2751	0.125
2151	2752	0.125
2151	3350	0.125
2151	3351	0.125
2151	3352	0.125
2152	2152	1.0
2152	2750	0.125
2152	2751	0.125
2152	2752	0.125
2152	3350	0.125
2152	3351	0.125
2152	3352	0.125
2153	2153	1.0
2153	2154	0.5
2153	2155	0.5
2153	2753	0.125
2153	2754	0.125
2153	2755	0.125
2153	3353	0.125
2153	3354	0.125
2153	3355	0.125
2154	2154	1.0
2154	2155	0.5
2154	2753	0.125
2154	2754	0.125
2154	2755	0.125
2154	3353	0.125
2154	3354	0.125
2154	3355	0.125
2155	2155	1.0
2155	2753	0.125
2155	2754	0.125
2155	2755	0.125
2155	3353	0.125
2155	3354	0.125
2155	3355	0.125
2156	2156	1.0
2156	2157	0.5
2156	2158	0.5
2156	2756	0.125
2156	2757	0.125
2156	2758	0.125
2156	3356	0.125
2156	3357	0.125
2156	3358	0.125
2157	2157	1.0
2157	2158	0.5
2157	2756	0.125
2157	2757	0.125
2157	2758	0.125
2157	3356	0.125
2157	3357	0.125
2157	3358	0.125
2158	2158	1.0
2158	2756	0.125
2158	2757	0.125
2158	2758	0.125
2158	3356	0.125
2158	3357	0.125
2158	3358	0.125
2159	2159	1.0
2159	2160	0.5
2159	2161	0.5
2159	2759	0.125
2159	2760	0.125
2159	2761	0.125
2159	3359	0.125
2159	3360	0.125
2159	3361	0.125
2160	2160	1.0
2160	2161	0.5
2160	2759	0.125
2160	2760	0.125
2160	2761	0.125
2160	3359	0.125
2160	3360	0.125
2160	3361	0.125
2161	2161	1.0
2161	2759	0.125
2161	2760	0.125
2161	2761	0.125
2161	3359	0.125
2161	3360	0.125
2161	3361	0.125
2162	2162	1.0
2162	2163	0.5
2162	2164	0.5
2162	2762	0.125
2162	2763	0.125
2162	2764	0.125
2162	3362	0.125
2162	3363	0.125
2162	3364	0.125
2163	2163	1.0
2163	2164	0.5
2163	2762	0.125
2163	2763	0.125
2163	2764	0.125
2163	3362	0.125
2163	3363	0.125
2163	3364	0.125
2164	2164	1.0
2164	2762	0.125
2164	2763	0.125
2164	2764	0.125
2164	3362	0.125
2164	3363	0.125
2164	3364	0.125
2165	2165	1.0
2165	2166	0.5
2165	2167	0.5
2165	2765	0.125
2165	2766	0.125
2165	2767	0.125
2165	3365	0.125
2165	3366	0.125
2165	3367	0.125
2166	2166	1.0
2166	2167	0.5
2166	2765	0.125
2166	2766	0.125
2166	2767	0.125
2166	3365	0.125
2166	3366	0.125
2166	3367	0.125
2167	2167	1.0
2167	2765	0.125
2167	2766	0.125
2167	2767	0.125
2167	3365	0.125
2167	3366	0.125
2167	3367	0.125
2168	2168	1.0
2168	2169	0.5
2168	2170	0.5
2168	2768	0.125
2168	2769	0.125
2168	2770	0.125
2168	3368	0.125
2168	3369	0.125
2168	3370	0.125
2169	2169	1.0
2169	2170	0.5
2169	2768	0.125
2169	2769	0.125
2169	2770	0.125
2169	3368	0.125
2169	3369	0.125
2169	3370	0.125
2170	2170	1.0
2170	2768	0.125
2170	2769	0.125
2170	2770	0.125
2170	3368	0.125
2170	3369	0.125
2170	3370	0.125
2171	2171	1.0
2171	2172	0.5
2171	2173	0.5
2171	2771	0.125
2171	2772	0.125
2171	2773	0.125
2171	3371	0.125
2171	3372	0.125
2171	3373	0.125
2172	2172	1.0
2172	2173	0.5
2172	2771	0.125
2172	2772	0.125
2172	2773	0.125
2172	3371	0.125
2172	3372	0.125
2172	3373	0.125
2173	2173	1.0
2173	2771	0.125
2173	2772	0.125
2173	2773	0.125
2173	3371	0.125
2173	3372	0.125
2173	3373	0.125
2174	2174	1.0
2174	2175	0.5
2174	2176	0.5
2174	2774	0.125
2174	2775	0.125
2174	2776	0.125
2174	3374	0.125
2174	3375	0.125
2174	3376	0.125
2175	2175	1.0
2175	2176	0.5
2175	2774	0.125
2175	2775	0.125
2175	2776	0.125
2175	3374	0.125
2175	3375	0.125
2175	3376	0.125
2176	2176	1.0
2176	2774	0.125
2176	2775	0.125
2176	2776	0.125
2176	3374	0.125
2176	3375	0.125
2176	3376	0.125
2177	2177	1.0
2177	2178	0.5
2177	2179	0.5
2177	2777	0.125
2177	2778	0.125
2177	2779	0.125
2177	3377	0.125
2177	3378	0.125
2177	3379	0.125
2178	2178	1.0
2178	2179	0.5
2178	2777	0.125
2178	2778	0.125
2178	2779	0.125
2178	3377	0.125
2178	3378	0.125
2178	3379	0.125
2179	2179	1.0
2179	2777	0.125
2179	2778	0.125
2179	2779	0.125
2179	3377	0.125
2179	3378	0.125
2179	3379	0.125
2180	2180	1.0
2180	2181	0.5
2180	2182	0.5
2180	2780	0.125
2180	2781	0.125
2180	2782	0.125
2180	3380	0.125
2180	3381	0.125
2180	3382	0.125
2181	2181	1.0
2181	2182	0.5
2181	2780	0.125
2181	2781	0.125
2181	2782	0.125
2181	3380	0.125
2181	3381	0.125
2181	3382	0.125
2182	2182	1.0
2182	2780	0.125
2182	2781	0.125
2182	2782	0.125
2182	3380	0.125
2182	3381	0.125
2182	3382	0.125
2183	2183	1.0
2183	2184	0.5
2183	2185	0.5
2183	2783	0.125
2183	2784	0.125
2183	2785	0.125
2183	3383	0.125
2183	3384	0.125
2183	3385	0.125
2184	2184	1.0
2184	2185	0.5
2184	2783	0.125
2184	2784	0.125
2184	2785	0.125
2184	3383	0.125
2184	3384	0.125
2184	3385	0.125
2185	2185	1.0
2185	2783	0.125
2185	2784	0.125
2185	2785	0.125
2185	3383	0.125
2185	3384	0.125
2185	3385	0.125
2186	2186	1.0
2186	2187	0.5
2186	2188	0.5
2186	2786	0.125
2186	2787	0.125
2186	2788	0.125
2186	3386	0.125
2186	3387	0.125
2186	3388	0.125
2187	2187	1.0
2187	2188	0.5
2187	2786	0.125
2187	2787	0.125
2187	2788	0.125
2187	3386	0.125
2187	3387	0.125
2187	3388	0.125
2188	2188	1.0
2188	2786	0.125
2188	2787	0.125
2188	2788	0.125
2188	3386	0.125
2188	3387	0.125
2188	3388	0.125
2189	2189	1.0
2189	2190	0.5
2189	2191	0.5
2189	2789	0.125
2189	2790	0.125
2189	2791	0.125
2189	3389	0.125
2189	3390	0.125
2189	3391	0.125
2190	2190	1.0
2190	2191	0.5
2190	2789	0.125
2190	2790	0.125
2190	2791	0.125
2190	3389	0.125
2190	3390	0.125
2190	3391	0.125
2191	2191	1.0
2191	2789	0.125
2191	2790	0.125
2191	2791	0.125
2191	3389	0.125
2191	3390	0.125
2191	3391	0.125
2192	2192	1.0
2192	2193	0.5
2192	2194	0.5
2192	2792	0.125
2192	2793	0.125
2192	2794	0.125
2192	3392	0.125
2192	3393	0.125
2192	3394	0.125
2193	2193	1.0
2193	2194	0.5
2193	2792	0.125
2193	2793	0.125
2193	2794	0.125
2193	3392	0.125
2193	3393	0.125
2193	3394	0.125
2194	2194	1.0
2194	2792	0.125
2194	2793	0.125
2194	2794	0.125
2194	3392	0.125
2194	3393	0.125
2194	3394	0.125
2195	2195	1.0
2195	2196	0.5
2195	2197	0.5
2195	2795	0.125
2195	2796	0.125
2195	2797	0.125
2195	3395	0.125
2195	3396	0.125
2195	3397	0.125
2196	2196	1.0
2196	2197	0.5
2196	2795	0.125
2196	2796	0.125
2196	2797	0.125
2196	3395	0.125
2196	3396	0.125
2196	3397	0.125
2197	2197	1.0
2197	2795	0.125
2197	2796	0.125
2197	2797	0.125
2197	3395	0.125
2197	3396	0.125
2197	3397	0.125
2198	2198	1.0
2198	2199	0.5
2198	2200	0.5
2198	2798	0.125
2198	2799	0.125
2198	2800	0.125
2198	3398	0.125
2198	3399	0.125
2198	3400	0.125
2199	2199	1.0
2199	2200	0.5
2199	2798	0.125
2199	2799	0.125
2199	2800	0.125
2199	3398	0.125
2199	3399	0.125
2199	3400	0.125
2200	2200	1.0
2200	2798	0.125
2200	2799	0.125
2200	2800	0.125
2200	3398	0.125
2200	3399	0.125
2200	3400	0.125
2201	2201	1.0
2201	2202	0.5
2201	2203	0.5
2201	2801	0.125
2201	2802	0.125
2201	2803	0.125
2202	2202	1.0
2202	2203	0.5
2202	2801	0.125
2202	2802	0.125
2202	2803	0.125
2203	2203	1.0
2203	2801	0.125
2203	2802	0.125
2203	2803	0.125
2204	2204	1.0
2204	2205	0.5
2204	2206	0.5
2204	2804	0.125
2204	2805	0.125
2204	2806	0.125
2205	2205	1.0
2205	2206	0.5
2205	2804	0.125
2205	2805	0.125
2205	2806	0.125
2206	2206	1.0
2206	2804	0.125
2206	2805	0.125
2206	2806	0.125
2207	2207	1.0
2207	2208	0.5
2207	2209	0.5
2207	2807	0.125
2207	2808	0.125
2207	2809	0.125
2208	2208	1.0
2208	2209	0.5
2208	2807	0.125
2208	2808	0.125
2208	2809	0.125
2209	2209	1.0
2209	2807	0.125
2209	2808	0.125
2209	2809	0.125
2210	2210	1.0
2210	2211	0.5
2210	2212	0.5
2210	2810	0.125
2210	2811	0.125
2210	2812	0.125
2211	2211	1.0
2211	2212	0.5
2211	2810	0.125
2211	2811	0.125
2211	2812	0.125
2212	2212	1.0
2212	2810	0.125
2212	2811	0.125
2212	2812	0.125
2213	2213	1.0
2213	2214	0.5
2213	2215	0.5
2213	2813	0.125
2213	2814	0.125
2213	2815	0.125
2214	2214	1.0
2214	2215	0.5
2214	2813	0.125
2214	2814	0.125
2214	2815	0.125
2215	2215	1.0
2215	2813	0.125
2215	2814	0.125
2215	2815	0.125
2216	2216	1.0
2216	2217	0.5
2216	2218	0.5
2216	2816	0.125
2216	2817	0.125
2216	2818	0.125
2217	2217	1.0
2217	2218	0.5
2217	2816	0.125
2217	2817	0.125
2217	2818	0.125
2218	2218	1.0
2218	2816	0.125
2218	2817	0.125
2218	2818	0.125
2219	2219	1.0
2219	2220	0.5
2219	2221	0.5
2219	2819	0.125
2219	2820	0.125
2219	2821	0.125
2220	2220	1.0
2220	2221	0.5
2220	2819	0.125
2220	2820	0.125
2220	2821	0.125
2221	2221	1.0
2221	2819	0.125
2221	2820	0.125
2221	2821	0.125
2222	2222	1.0
2222	2223	0.5
2222	2224	0.5
2222	2822	0.125
2222	2823	0.125
2222	2824	0.125
2223	2223	1.0
2223	2224	0.5
2223	2822	0.125
2223	2823	0.125
2223	2824	0.125
2224	2224	1.0
2224	2822	0.125
2224	2823	0.125
2224	2824	0.125
2225	2225	1.0
2225	2226	0.5
2225	2227	0.5
2225	2825	0.125
2225	2826	0.125
2225	2827	0.125
2226	2226	1.0
2226	2227	0.5
2226	2825	0.125
2226	2826	0.125
2226	2827	0.125
2227	2227	1.0
2227	2825	0.125
2227	2826	0.125
2227	2827	0.125
2228	2228	1.0
2228	2229	0.5
2228	2230	0.5
2228	2828	0.125
2228	2829	0.125
2228	2830	0.125
2229	2229	1.0
2229	2230	0.5
2229	2828	0.125
2229	2829	0.125
2229	2830	0.125
2230	2230	1.0
2230	2828	0.125
2230	2829	0.125
2230	2830	0.125
2231	2231	1.0
2231	2232	0.5
2231	2233	0.5
2231	2831	0.125
2231	2832	0.125
2231	2833	0.125
2232	2232	1.0
2232	2233	0.5
2232	2831	0.125
2232	2832	0.125
2232	2833	0.125
2233	2233	1.0
2233	2831	0.125
2233	2832	0.125
2233	2833	0.125
2234	2234	1.0
2234	2235	0.5
2234	2236	0.5
2234	2834	0.125
2234	2835	0.125
2234	2836	0.125
2235	2235	1.0
2235	2236	0.5
2235	2834	0.125
2235	2835	0.125
2235	2836	0.125
2236	2236	1.0
2236	2834	0.125
2236	2835	0.125
2236	2836	0.125
2237	2237	1.0
2237	2238	0.5
2237	2239	0.5
2237	2837	0.125
2237	2838	0.125
2237	2839	0.125
2238	2238	1.0
2238	2239	0.5
2238	2837	0.125
2238	2838	0.125
2238	2839	0.125
2239	2239	1.0
2239	2837	0.125
2239	2838	0.125
2239	2839	0.125
2240	2240	1.0
2240	2241	0.5
2240	2242	0.5
2240	2840	0.125
2240	2841	0.125
2240	2842	0.125
2241	2241	1.0
2241	2242	0.5
2241	2840	0.125
2241	2841	0.125
2241	2842	0.125
2242	2242	1.0
2242	2840	0.125
2242	2841	0.125
2242	2842	0.125
2243	2243	1.0
2243	2244	0.5
2243	2245	0.5
2243	2843	0.125
2243	2844	0.125
2243	2845	0.125
2244	2244	1.0
2244	2245	0.5
2244	2843	0.125
2244	2844	0.125
2244	2845	0.125
2245	2245	1.0
2245	2843	0.125
2245	2844	0.125
2245	2845	0.125
2246	2246	1.0
2246	2247	0.5
2246	2248	0.5
2246	2846	0.125
2246	2847	0.125
2246	2848	0.125
2247	2247	1.0
2247	2248	0.5
2247	2846	0.125
2247	2847	0.125
2247	2848	0.125
2248	2248	1.0
2248	2846	0.125
2248	2847	0.125
2248	2848	0.125
2249	2249	1.0
2249	2250	0.5
2249	2251	0.5
2249	2849	0.125
2249	2850	0.125
2249	2851	0.125
2250	2250	1.0
2250	2251	0.5
2250	2849	0.125
2250	2850	0.125
2250	2851	0.125
2251	2251	1.0
2251	2849	0.125
2251	2850	0.125
2251	2851	0.125
2252	2252	1.0
2252	2253	0.5
2252	2254	0.5
2252	2852	0.125
2252	2853	0.125
2252	2854	0.125
2253	2253	1.0
2253	2254	0.5
2253	2852	0.125
2253	2853	0.125
2253	2854	0.125
2254	2254	1.0
2254	2852	0.125
2254	2853	0.125
2254	2854	0.125
2255	2255	1.0
2255	2256	0.5
2255	2257	0.5
2255	2855	0.125
2255	2856	0.125
2255	2857	0.125
2256	2256	1.0
2256	2257	0.5
2256	2855	0.125
2256	2856	0.125
2256	2857	0.125
2257	2257	1.0
2257	2855	0.125
2257	2856	0.125
2257	2857	0.125
2258	2258	1.0
2258	2259	0.5
2258	2260	0.5
2258	2858	0.125
2258	2859	0.125
2258	2860	0.125
2259	2259	1.0
2259	2260	0.5
2259	2858	0.125
2259	2859	0.125
2259	2860	0.125
2260	2260	1.0
2260	2858	0.125
2260	2859	0.125
2260	2860	0.125
2261	2261	1.0
2261	2262	0.5
2261	2263	0.5
2261	2861	0.125
2261	2862	0.125
2261	2863	0.125
2262	2262	1.0
2262	2263	0.5
2262	2861	0.125
2262	2862	0.125
2262	2863	0.125
2263	2263	1.0
2263	2861	0.125
2263	2862	0.125
2263	2863	0.125
2264	2264	1.0
2264	2265	0.5
2264	2266	0.5
2264	2864	0.125
2264	2865	0.125
2264	2866	0.125
2265	2265	1.0
2265	2266	0.5
2265	2864	0.125
2265	2865	0.125
2265	2866	0.125
2266	2266	1.0
2266	2864	0.125
2266	2865	0.125
2266	2866	0.125
2267	2267	1.0
2267	2268	0.5
2267	2269	0.5
2267	2867	0.125
2267	2868	0.125
2267	2869	0.125
2268	2268	1.0
2268	2269	0.5
2268	2867	0.125
2268	2868	0.125
2268	2869	0.125
2269	2269	1.0
2269	2867	0.125
2269	2868	0.125
2269	2869	0.125
2270	2270	1.0
2270	2271	0.5
2270	2272	0.5
2270	2870	0.125
2270	2871	0.125
2270	2872	0.125
2271	2271	1.0
2271	2272	0.5
2271	2870	0.125
2271	2871	0.125
2271	2872	0.125
2272	2272	1.0
2272	2870	0.125
2272	2871	0.125
2272	2872	0.125
2273	2273	1.0
2273	2274	0.5
2273	2275	0.5
2273	2873	0.125
2273	2874	0.125
2273	2875	0.125
2274	2274	1.0
2274	2275	0.5
2274	2873	0.125
2274	2874	0.125
2274	2875	0.125
2275	2275	1.0
2275	2873	0.125
2275	2874	0.125
2275	2875	0.125
2276	2276	1.0
2276	2277	0.5
2276	2278	0.5
2276	2876	0.125
2276	2877	0.125
2276	2878	0.125
2277	2277	1.0
2277	2278	0.5
2277	2876	0.125
2277	2877	0.125
2277	2878	0.125
2278	2278	1.0
2278	2876	0.125
2278	2877	0.125
2278	2878	0.125
2279	2279	1.0
2279	2280	0.5
2279	2281	0.5
2279	2879	0.125
2279	2880	0.125
2279	2881	0.125
2280	2280	1.0
2280	2281	0.5
2280	2879	0.125
2280	2880	0.125
2280	2881	0.125
2281	2281	1.0
2281	2879	0.125
2281	2880	0.125
2281	2881	0.125
2282	2282	1.0
2282	2283	0.5
2282	2284	0.5
2282	2882	0.125
2282	2883	0.125
2282	2884	0.125
2283	2283	1.0
2283	2284	0.5
2283	2882	0.125
2283	2883	0.125
2283	2884	0.125
2284	2284	1.0
2284	2882	0.125
2284	2883	0.125
2284	2884	0.125
2285	2285	1.0
2285	2286	0.5
2285	2287	0.5
2285	2885	0.125
2285	2886	0.125
2285	2887	0.125
2286	2286	1.0
2286	2287	0.5
2286	2885	0.125
2286	2886	0.125
2286	2887	0.125
2287	2287	1.0
2287	2885	0.125
2287	2886	0.125
2287	2887	0.125
2288	2288	1.0
2288	2289	0.5
2288	2290	0.5
2288	2888	0.125
2288	2889	0.125
2288	2890	0.125
2289	2289	1.0
2289	2290	0.5
2289	2888	0.125
2289	2889	0.125
2289	2890	0.125
2290	2290	1.0
2290	2888	0.125
2290	2889	0.125
2290	2890	0.125
2291	2291	1.0
2291	2292	0.5
2291	2293	0.5
2291	2891	0.125
2291	2892	0.125
2291	2893	0.125
2292	2292	1.0
2292	2293	0.5
2292	2891	0.125
2292	2892	0.125
2292	2893	0.125
2293	2293	1.0
2293	2891	0.125
2293	2892	0.125
2293	2893	0.125
2294	2294	1.0
2294	2295	0.5
2294	2296	0.5
2294	2894	0.125
2294	2895	0.125
2294	2896	0.125
2295	2295	1.0
2295	2296	0.5
2295	2894	0.125
2295	2895	0.125
2295	2896	0.125
2296	2296	1.0
2296	2894	0.125
2296	2895	0.125
2296	2896	0.125
2297	2297	1.0
2297	2298	0.5
2297	2299	0.5
2297	2897	0.125
2297	2898	0.125
2297	2899	0.125
2298	2298	1.0
2298	2299	0.5
2298	2897	0.125
2298	2898	0.125
2298	2899	0.125
2299	2299	1.0
2299	2897	0.125
2299	2898	0.125
2299	2899	0.125
2300	2300	1.0
2300	2301	0.5
2300	2302	0.5
2300	2900	0.125
2300	2901	0.125
2300	2902	0.125
2301	2301	1.0
2301	2302	0.5
2301	2900	0.125
2301	2901	0.125
2301	2902	0.125
2302	2302	1.0
2302	2900	0.125
2302	2901	0.125
2302	2902	0.125
2303	2303	1.0
2303	2304	0.5
2303	2305	0.5
2303	2903	0.125
2303	2904	0.125
2303	2905	0.125
2304	2304	1.0
2304	2305	0.5
2304	2903	0.125
2304	2904	0.125
2304	2905	0.125
2305	2305	1.0
2305	2903	0.125
2305	2904	0.125
2305	2905	0.125
2306	2306	1.0
2306	2307	0.5
2306	2308	0.5
2306	2906	0.125
2306	2907	0.125
2306	2908	0.125
2307	2307	1.0
2307	2308	0.5
2307	2906	0.125
2307	2907	0.125
2307	2908	0.125
2308	2308	1.0
2308	2906	0.125
2308	2907	0.125
2308	2908	0.125
2309	2309	1.0
2309	2310	0.5
2309	2311	0.5
2309	2909	0.125
2309	2910	0.125
2309	2911	0.125
2310	2310	1.0
2310	2311	0.5
2310	2909	0.125
2310	2910	0.125
2310	2911	0.125
2311	2311	1.0
2311	2909	0.125
2311	2910	0.125
2311	2911	0.125
2312	2312	1.0
2312	2313	0.5
2312	2314	0.5
2312	2912	0.125
2312	2913	0.125
2312	2914	0.125
2313	2313	1.0
2313	2314	0.5
2313	2912	0.125
2313	2913	0.125
2313	2914	0.125
2314	2314	1.0
2314	2912	0.125
2314	2913	0.125
2314	2914	0.125
2315	2315	1.0
2315	2316	0.5
2315	2317	0.5
2315	2915	0.125
2315	2916	0.125
2315	2917	0.125
2316	2316	1.0
2316	2317	0.5
2316	2915	0.125
2316	2916	0.125
2316	2917	0.125
2317	2317	1.0
2317	2915	0.125
2317	2916	0.125
2317	2917	0.125
2318	2318	1.0
2318	2319	0.5
2318	2320	0.5
2318	2918	0.125
2318	2919	0.125
2318	2920	0.125
2319	2319	1.0
2319	2320	0.5
2319	2918	0.125
2319	2919	0.125
2319	2920	0.125
2320	2320	1.0
2320	2918	0.125
2320	2919	0.125
2320	2920	0.125
2321	2321	1.0
2321	2322	0.5
2321	2323	0.5
2321	2921	0.125
2321	2922	0.125
2321	2923	0.125
2322	2322	1.0
2322	2323	0.5
2322	2921	0.125
2322	2922	0.125
2322	2923	0.125
2323	2323	1.0
2323	2921	0.125
2323	2922	0.125
2323	2923	0.125
2324	2324	1.0
2324	2325	0.5
2324	2326	0.5
2324	2924	0.125
2324	2925	0.125
2324	2926	0.125
2325	2325	1.0
2325	2326	0.5
2325	2924	0.125
2325	2925	0.125
2325	2926	0.125
2326	2326	1.0
2326	2924	0.125
2326	2925	0.125
2326	2926	0.125
2327	2327	1.0
2327	2328	0.5
2327	2329	0.5
2327	2927	0.125
2327	2928	0.125
2327	2929	0.125
2328	2328	1.0
2328	2329	0.5
2328	2927	0.125
2328	2928	0.125
2328	2929	0.125
2329	2329	1.0
2329	2927	0.125
2329	2928	0.125
2329	2929	0.125
2330	2330	1.0
2330	2331	0.5
2330	2332	0.5
2330	2930	0.125
2330	2931	0.125
2330	2932	0.125
2331	2331	1.0
2331	2332	0.5
2331	2930	0.125
2331	2931	0.125
2331	2932	0.125
2332	2332	1.0
2332	2930	0.125
2332	2931	0.125
2332	2932	0.125
2333	2333	1.0
2333	2334	0.5
2333	2335	0.5
2333	2933	0.125
2333	2934	0.125
2333	2935	0.125
2334	2334	1.0
2334	2335	0.5
2334	2933	0.125
2334	2934	0.125
2334	2935	0.125
2335	2335	1.0
2335	2933	0.125
2335	2934	0.125
2335	2935	0.125
2336	2336	1.0
2336	2337	0.5
2336	2338	0.5
2336	2936	0.125
2336	2937	0.125
2336	2938	0.125
2337	2337	1.0
2337	2338	0.5
2337	2936	0.125
2337	2937	0.125
2337	2938	0.125
2338	2338	1.0
2338	2936	0.125
2338	2937	0.125
2338	2938	0.125
2339	2339	1.0
2339	2340	0.5
2339	2341	0.5
2339	2939	0.125
2339	2940	0.125
2339	2941	0.125
2340	2340	1.0
2340	2341	0.5
2340	2939	0.125
2340	2940	0.125
2340	2941	0.125
2341	2341	1.0
2341	2939	0.125
2341	2940	0.125
2341	2941	0.125
2342	2342	1.0
2342	2343	0.5
2342	2344	0.5
2342	2942	0.125
2342	2943	0.125
2342	2944	0.125
2343	2343	1.0
2343	2344	0.5
2343	2942	0.125
2343	2943	0.125
2343	2944	0.125
2344	2344	1.0
2344	2942	0.125
2344	2943	0.125
2344	2944	0.125
2345	2345	1.0
2345	2346	0.5
2345	2347	0.5
2345	2945	0.125
2345	2946	0.125
2345	2947	0.125
2346	2346	1.0
2346	2347	0.5
2346	2945	0.125
2346	2946	0.125
2346	2947	0.125
2347	2347	1.0
2347	2945	0.125
2347	2946	0.125
2347	2947	0.125
2348	2348	1.0
2348	2349	0.5
2348	2350	0.5
2348	2948	0.125
2348	2949	0.125
2348	2950	0.125
2349	2349	1.0
2349	2350	0.5
2349	2948	0.125
2349	2949	0.125
2349	2950	0.125
2350	2350	1.0
2350	2948	0.125
2350	2949	0.125
2350	2950	0.125
2351	2351	1.0
2351	2352	0.5
2351	2353	0.5
2351	2951	0.125
2351	2952	0.125
2351	2953	0.125
2352	2352	1.0
2352	2353	0.5
2352	2951	0.125
2352	2952	0.125
2352	2953	0.125
2353	2353	1.0
2353	2951	0.125
2353	2952	0.125
2353	2953	0.125
2354	2354	1.0
2354	2355	0.5
2354	2356	0.5
2354	2954	0.125
2354	2955	0.125
2354	2956	0.125
2355	2355	1.0
2355	2356	0.5
2355	2954	0.125
2355	2955	0.125
2355	2956	0.125
2356	2356	1.0
2356	2954	0.125
2356	2955	0.125
2356	2956	0.125
2357	2357	1.0
2357	2358	0.5
2357	2359	0.5
2357	2957	0.125
2357	2958	0.125
2357	2959	0.125
2358	2358	1.0
2358	2359	0.5
2358	2957	0.125
2358	2958	0.125
2358	2959	0.125
2359	2359	1.0
2359	2957	0.125
2359	2958	0.125
2359	2959	0.125
2360	2360	1.0
2360	2361	0.5
2360	2362	0.5
2360	2960	0.125
2360	2961	0.125
2360	2962	0.125
2361	2361	1.0
2361	2362	0.5
2361	2960	0.125
2361	2961	0.125
2361	2962	0.125
2362	2362	1.0
2362	2960	0.125
2362	2961	0.125
2362	2962	0.125
2363	2363	1.0
2363	2364	0.5
2363	2365	0.5
2363	2963	0.125
2363	2964	0.125
2363	2965	0.125
2364	2364	1.0
2364	2365	0.5
2364	2963	0.125
2364	2964	0.125
2364	2965	0.125
2365	2365	1.0
2365	2963	0.125
2365	2964	0.125
2365	2965	0.125
2366	2366	1.0
2366	2367	0.5
2366	2368	0.5
2366	2966	0.125
2366	2967	0.125
2366	2968	0.125
2367	2367	1.0
2367	2368	0.5
2367	2966	0.125
2367	2967	0.125
2367	2968	0.125
2368	2368	1.0
2368	2966	0.125
2368	2967	0.125
2368	2968	0.125
2369	2369	1.0
2369	2370	0.5
2369	2371	0.5
2369	2969	0.125
2369	2970	0.125
2369	2971	0.125
2370	2370	1.0
2370	2371	0.5
2370	2969	0.125
2370	2970	0.125
2370	2971	0.125
2371	2371	1.0
2371	2969	0.125
2371	2970	0.125
2371	2971	0.125
2372	2372	1.0
2372	2373	0.5
2372	2374	0.5
2372	2972	0.125
2372	2973	0.125
2372	2974	0.125
2373	2373	1.0
2373	2374	0.5
2373	2972	0.125
2373	2973	0.125
2373	2974	0.125
2374	2374	1.0
2374	2972	0.125
2374	2973	0.125
2374	2974	0.125
2375	2375	1.0
2375	2376	0.5
2375	2377	0.5
2375	2975	0.125
2375	2976	0.125
2375	2977	0.125
2376	2376	1.0
2376	2377	0.5
2376	2975	0.125
2376	2976	0.125
2376	2977	0.125
2377	2377	1.0
2377	2975	0.125
2377	2976	0.125
2377	2977	0.125
2378	2378	1.0
2378	2379	0.5
2378	2380	0.5
2378	2978	0.125
2378	2979	0.125
2378	2980	0.125
2379	2379	1.0
2379	2380	0.5
2379	2978	0.125
2379	2979	0.125
2379	2980	0.125
2380	2380	1.0
2380	2978	0.125
2380	2979	0.125
2380	2980	0.125
2381	2381	1.0
2381	2382	0.5
2381	2383	0.5
2381	2981	0.125
2381	2982	0.125
2381	2983	0.125
2382	2382	1.0
2382	2383	0.5
2382	2981	0.125
2382	2982	0.125
2382	2983	0.125
2383	2383	1.0
2383	2981	0.125
2383	2982	0.125
2383	2983	0.125
2384	2384	1.0
2384	2385	0.5
2384	2386	0.5
2384	2984	0.125
2384	2985	0.125
2384	2986	0.125
2385	2385	1.0
2385	2386	0.5
2385	2984	0.125
2385	2985	0.125
2385	2986	0.125
2386	2386	1.0
2386	2984	0.125
2386	2985	0.125
2386	2986	0.125
2387	2387	1.0
2387	2388	0.5
2387	2389	0.5
2387	2987	0.125
2387	2988	0.125
2387	2989	0.125
2388	2388	1.0
2388	2389	0.5
2388	2987	0.125
2388	2988	0.125
2388	2989	0.125
2389	2389	1.0
2389	2987	0.125
2389	2988	0.125
2389	2989	0.125
2390	2390	1.0
2390	2391	0.5
2390	2392	0.5
2390	2990	0.125
2390	2991	0.125
2390	2992	0.125
2391	2391	1.0
2391	2392	0.5
2391	2990	0.125
2391	2991	0.125
2391	2992	0.125
2392	2392	1.0
2392	2990	0.125
2392	2991	0.125
2392	2992	0.125
2393	2393	1.0
2393	2394	0.5
2393	2395	0.5
2393	2993	0.125
2393	2994	0.125
2393	2995	0.125
2394	2394	1.0
2394	2395	0.5
2394	2993	0.125
2394	2994	0.125
2394	2995	0.125
2395	2395	1.0
2395	2993	0.125
2395	2994	0.125
2395	2995	0.125
2396	2396	1.0
2396	2397	0.5
2396	2398	0.5
2396	2996	0.125
2396	2997	0.125
2396	2998	0.125
2397	2397	1.0
2397	2398	0.5
2397	2996	0.125
2397	2997	0.125
2397	2998	0.125
2398	2398	1.0
2398	2996	0.125
2398	2997	0.125
2398	2998	0.125
2399	2399	1.0
2399	2400	0.5
2399	2401	0.5
2399	2999	0.125
2399	3000	0.125
2399	3001	0.125
2400	2400	1.0
2400	2401	0.5
2400	2999	0.125
2400	3000	0.125
2400	3001	0.125
2401	2401	1.0
2401	2999	0.125
2401	3000	0.125
2401	3001	0.125
2402	2402	1.0
2402	2403	0.5
2402	2404	0.5
2402	3002	0.125
2402	3003	0.125
2402	3004	0.125
2403	2403	1.0
2403	2404	0.5
2403	3002	0.125
2403	3003	0.125
2403	3004	0.125
2404	2404	1.0
2404	3002	0.125
2404	3003	0.125
2404	3004	0.125
2405	2405	1.0
2405	2406	0.5
2405	2407	0.5
2405	3005	0.125
2405	3006	0.125
2405	3007	0.125
2406	2406	1.0
2406	2407	0.5
2406	3005	0.125
2406	3006	0.125
2406	3007	0.125
2407	2407	1.0
2407	3005	0.125
2407	3006	0.125
2407	3007	0.125
2408	2408	1.0
2408	2409	0.5
2408	2410	0.5
2408	3008	0.125
2408	3009	0.125
2408	3010	0.125
2409	2409	1.0
2409	2410	0.5
2409	3008	0.125
2409	3009	0.125
2409	3010	0.125
2410	2410	1.0
2410	3008	0.125
2410	3009	0.125
2410	3010	0.125
2411	2411	1.0
2411	2412	0.5
2411	2413	0.5
2411	3011	0.125
2411	3012	0.125
2411	3013	0.125
2412	2412	1.0
2412	2413	0.5
2412	3011	0.125
2412	3012	0.125
2412	3013	0.125
2413	2413	1.0
2413	3011	0.125
2413	3012	0.125
2413	3013	0.125
2414	2414	1.0
2414	2415	0.5
2414	2416	0.5
2414	3014	0.125
2414	3015	0.125
2414	3016	0.125
2415	2415	1.0
2415	2416	0.5
2415	3014	0.125
2415	3015	0.125
2415	3016	0.125
2416	2416	1.0
2416	3014	0.125
2416	3015	0.125
2416	3016	0.125
2417	2417	1.0
2417	2418	0.5
2417	2419	0.5
2417	3017	0.125
2417	3018	0.125
2417	3019	0.125
2418	2418	1.0
2418	2419	0.5
2418	3017	0.125
2418	3018	0.125
2418	3019	0.125
2419	2419	1.0
2419	3017	0.125
2419	3018	0.125
2419	3019	0.125
2420	2420	1.0
2420	2421	0.5
2420	2422	0.5
2420	3020	0.125
2420	3021	0.125
2420	3022	0.125
2421	2421	1.0
2421	2422	0.5
2421	3020	0.125
2421	3021	0.125
2421	3022	0.125
2422	2422	1.0
2422	3020	0.125
2422	3021	0.125
2422	3022	0.125
2423	2423	1.0
2423	2424	0.5
2423	2425	0.5
2423	3023	0.125
2423	3024	0.125
2423	3025	0.125
2424	2424	1.0
2424	2425	0.5
2424	3023	0.125
2424	3024	0.125
2424	3025	0.125
2425	2425	1.0
2425	3023	0.125
2425	3024	0.125
2425	3025	0.125
2426	2426	1.0
2426	2427	0.5
2426	2428	0.5
2426	3026	0.125
2426	3027	0.125
2426	3028	0.125
2427	2427	1.0
2427	2428	0.5
2427	3026	0.125
2427	3027	0.125
2427	3028	0.125
2428	2428	1.0
2428	3026	0.125
2428	3027	0.125
2428	3028	0.125
2429	2429	1.0
2429	2430	0.5
2429	2431	0.5
2429	3029	0.125
2429	3030	0.125
2429	3031	0.125
2430	2430	1.0
2430	2431	0.5
2430	3029	0.125
2430	3030	0.125
2430	3031	0.125
2431	2431	1.0
2431	3029	0.125
2431	3030	0.125
2431	3031	0.125
2432	2432	1.0
2432	2433	0.5
2432	2434	0.5
2432	3032	0.125
2432	3033	0.125
2432	3034	0.125
2433	2433	1.0
2433	2434	0.5
2433	3032	0.125
2433	3033	0.125
2433	3034	0.125
2434	2434	1.0
2434	3032	0.125
2434	3033	0.125
2434	3034	0.125
2435	2435	1.0
2435	2436	0.5
2435	2437	0.5
2435	3035	0.125
2435	3036	0.125
2435	3037	0.125
2436	2436	1.0
2436	2437	0.5
2436	3035	0.125
2436	3036	0.125
2436	3037	0.125
2437	2437	1.0
2437	3035	0.125
2437	3036	0.125
2437	3037	0.125
2438	2438	1.0
2438	2439	0.5
2438	2440	0.5
2438	3038	0.125
2438	3039	0.125
2438	3040	0.125
2439	2439	1.0
2439	2440	0.5
2439	3038	0.125
2439	3039	0.125
2439	3040	0.125
2440	2440	1.0
2440	3038	0.125
2440	3039	0.125
2440	3040	0.125
2441	2441	1.0
2441	2442	0.5
2441	2443	0.5
2441	3041	0.125
2441	3042	0.125
2441	3043	0.125
2442	2442	1.0
2442	2443	0.5
2442	3041	0.125
2442	3042	0.125
2442	3043	0.125
2443	2443	1.0
2443	3041	0.125
2443	3042	0.125
2443	3043	0.125
2444	2444	1.0
2444	2445	0.5
2444	2446	0.5
2444	3044	0.125
2444	3045	0.125
2444	3046	0.125
2445	2445	1.0
2445	2446	0.5
2445	3044	0.125
2445	3045	0.125
2445	3046	0.125
2446	2446	1.0
2446	3044	0.125
2446	3045	0.125
2446	3046	0.125
2447	2447	1.0
2447	2448	0.5
2447	2449	0.5
2447	3047	0.125
2447	3048	0.125
2447	3049	0.125
2448	2448	1.0
2448	2449	0.5
2448	3047	0.125
2448	3048	0.125
2448	3049	0.125
2449	2449	1.0
2449	3047	0.125
2449	3048	0.125
2449	3049	0.125
2450	2450	1.0
2450	2451	0.5
2450	2452	0.5
2450	3050	0.125
2450	3051	0.125
2450	3052	0.125
2451	2451	1.0
2451	2452	0.5
2451	3050	0.125
2451	3051	0.125
2451	3052	0.125
2452	2452	1.0
2452	3050	0.125
2452	3051	0.125
2452	3052	0.125
2453	2453	1.0
2453	2454	0.5
2453	2455	0.5
2453	3053	0.125
2453	3054	0.125
2453	3055	0.125
2454	2454	1.0
2454	2455	0.5
2454	3053	0.125
2454	3054	0.125
2454	3055	0.125
2455	2455	1.0
2455	3053	0.125
2455	3054	0.125
2455	3055	0.125
2456	2456	1.0
2456	2457	0.5
2456	2458	0.5
2456	3056	0.125
2456	3057	0.125
2456	3058	0.125
2457	2457	1.0
2457	2458	0.5
2457	3056	0.125
2457	3057	0.125
2457	3058	0.125
2458	2458	1.0
2458	3056	0.125
2458	3057	0.125
2458	3058	0.125
2459	2459	1.0
2459	2460	0.5
2459	2461	0.5
2459	3059	0.125
2459	3060	0.125
2459	3061	0.125
2460	2460	1.0
2460	2461	0.5
2460	3059	0.125
2460	3060	0.125
2460	3061	0.125
2461	2461	1.0
2461	3059	0.125
2461	3060	0.125
2461	3061	0.125
2462	2462	1.0
2462	2463	0.5
2462	2464	0.5
2462	3062	0.125
2462	3063	0.125
2462	3064	0.125
2463	2463	1.0
2463	2464	0.5
2463	3062	0.125
2463	3063	0.125
2463	3064	0.125
2464	2464	1.0
2464	3062	0.125
2464	3063	0.125
2464	3064	0.125
2465	2465	1.0
2465	2466	0.5
2465	2467	0.5
2465	3065	0.125
2465	3066	0.125
2465	3067	0.125
2466	2466	1.0
2466	2467	0.5
2466	3065	0.125
2466	3066	0.125
2466	3067	0.125
2467	2467	1.0
2467	3065	0.125
2467	3066	0.125
2467	3067	0.125
2468	2468	1.0
2468	2469	0.5
2468	2470	0.5
2468	3068	0.125
2468	3069	0.125
2468	3070	0.125
2469	2469	1.0
2469	2470	0.5
2469	3068	0.125
2469	3069	0.125
2469	3070	0.125
2470	2470	1.0
2470	3068	0.125
2470	3069	0.125
2470	3070	0.125
2471	2471	1.0
2471	2472	0.5
2471	2473	0.5
2471	3071	0.125
2471	3072	0.125
2471	3073	0.125
2472	2472	1.0
2472	2473	0.5
2472	3071	0.125
2472	3072	0.125
2472	3073	0.125
2473	2473	1.0
2473	3071	0.125
2473	3072	0.125
2473	3073	0.125
2474	2474	1.0
2474	2475	0.5
2474	2476	0.5
2474	3074	0.125
2474	3075	0.125
2474	3076	0.125
2475	2475	1.0
2475	2476	0.5
2475	3074	0.125
2475	3075	0.125
2475	3076	0.125
2476	2476	1.0
2476	3074	0.125
2476	3075	0.125
2476	3076	0.125
2477	2477	1.0
2477	2478	0.5
2477	2479	0.5
2477	3077	0.125
2477	3078	0.125
2477	3079	0.125
2478	2478	1.0
2478	2479	0.5
2478	3077	0.125
2478	3078	0.125
2478	3079	0.125
2479	2479	1.0
2479	3077	0.125
2479	3078	0.125
2479	3079	0.125
2480	2480	1.0
2480	2481	0.5
2480	2482	0.5
2480	3080	0.125
2480	3081	0.125
2480	3082	0.125
2481	2481	1.0
2481	2482	0.5
2481	3080	0.125
2481	3081	0.125
2481	3082	0.125
2482	2482	1.0
2482	3080	0.125
2482	3081	0.125
2482	3082	0.125
2483	2483	1.0
2483	2484	0.5
2483	2485	0.5
2483	3083	0.125
2483	3084	0.125
2483	3085	0.125
2484	2484	1.0
2484	2485	0.5
2484	3083	0.125
2484	3084	0.125
2484	3085	0.125
2485	2485	1.0
2485	3083	0.125
2485	3084	0.125
2485	3085	0.125
2486	2486	1.0
2486	2487	0.5
2486	2488	0.5
2486	3086	0.125
2486	3087	0.125
2486	3088	0.125
2487	2487	1.0
2487	2488	0.5
2487	3086	0.125
2487	3087	0.125
2487	3088	0.125
2488	2488	1.0
2488	3086	0.125
2488	3087	0.125
2488	3088	0.125
2489	2489	1.0
2489	2490	0.5
2489	2491	0.5
2489	3089	0.125
2489	3090	0.125
2489	3091	0.125
2490	2490	1.0
2490	2491	0.5
2490	3089	0.125
2490	3090	0.125
2490	3091	0.125
2491	2491	1.0
2491	3089	0.125
2491	3090	0.125
2491	3091	0.125
2492	2492	1.0
2492	2493	0.5
2492	2494	0.5
2492	3092	0.125
2492	3093	0.125
2492	3094	0.125
2493	2493	1.0
2493	2494	0.5
2493	3092	0.125
2493	3093	0.125
2493	3094	0.125
2494	2494	1.0
2494	3092	0.125
2494	3093	0.125
2494	3094	0.125
2495	2495	1.0
2495	2496	0.5
2495	2497	0.5
2495	3095	0.125
2495	3096	0.125
2495	3097	0.125
2496	2496	1.0
2496	2497	0.5
2496	3095	0.125
2496	3096	0.125
2496	3097	0.125
2497	2497	1.0
2497	3095	0.125
2497	3096	0.125
2497	3097	0.125
2498	2498	1.0
2498	2499	0.5
2498	2500	0.5
2498	3098	0.125
2498	3099	0.125
2498	3100	0.125
2499	2499	1.0
2499	2500	0.5
2499	3098	0.125
2499	3099	0.125
2499	3100	0.125
2500	2500	1.0
2500	3098	0.125
2500	3099	0.125
2500	3100	0.125
2501	2501	1.0
2501	2502	0.5
2501	2503	0.5
2501	3101	0.125
2501	3102	0.125
2501	3103	0.125
2502	2502	1.0
2502	2503	0.5
2502	3101	0.125
2502	3102	0.125
2502	3103	0.125
2503	2503	1.0
2503	3101	0.125
2503	3102	0.125
2503	3103	0.125
2504	2504	1.0
2504	2505	0.5
2504	2506	0.5
2504	3104	0.125
2504	3105	0.125
2504	3106	0.125
2505	2505	1.0
2505	2506	0.5
2505	3104	0.125
2505	3105	0.125
2505	3106	0.125
2506	2506	1.0
2506	3104	0.125
2506	3105	0.125
2506	3106	0.125
2507	2507	1.0
2507	2508	0.5
2507	2509	0.5
2507	3107	0.125
2507	3108	0.125
2507	3109	0.125
2508	2508	1.0
2508	2509	0.5
2508	3107	0.125
2508	3108	0.125
2508	3109	0.125
2509	2509	1.0
2509	3107	0.125
2509	3108	0.125
2509	3109	0.125
2510	2510	1.0
2510	2511	0.5
2510	2512	0.5
2510	3110	0.125
2510	3111	0.125
2510	3112	0.125
2511	2511	1.0
2511	2512	0.5
2511	3110	0.125
2511	3111	0.125
2511	3112	0.125
2512	2512	1.0
2512	3110	0.125
2512	3111	0.125
2512	3112	0.125
2513	2513	1.0
2513	2514	0.5
2513	2515	0.5
2513	3113	0.125
2513	3114	0.125
2513	3115	0.125
2514	2514	1.0
2514	2515	0.5
2514	3113	0.125
2514	3114	0.125
2514	3115	0.125
2515	2515	1.0
2515	3113	0.125
2515	3114	0.125
2515	3115	0.125
2516	2516	1.0
2516	2517	0.5
2516	2518	0.5
2516	3116	0.125
2516	3117	0.125
2516	3118	0.125
2517	2517	1.0
2517	2518	0.5
2517	3116	0.125
2517	3117	0.125
2517	3118	0.125
2518	2518	1.0
2518	3116	0.125
2518	3117	0.125
2518	3118	0.125
2519	2519	1.0
2519	2520	0.5
2519	2521	0.5
2519	3119	0.125
2519	3120	0.125
2519	3121	0.125
2520	2520	1.0
2520	2521	0.5
2520	3119	0.125
2520	3120	0.125
2520	3121	0.125
2521	2521	1.0
2521	3119	0.125
2521	3120	0.125
2521	3121	0.125
2522	2522	1.0
2522	2523	0.5
2522	2524	0.5
2522	3122	0.125
2522	3123	0.125
2522	3124	0.125
2523	2523	1.0
2523	2524	0.5
2523	3122	0.125
2523	3123	0.125
2523	3124	0.125
2524	2524	1.0
2524	3122	0.125
2524	3123	0.125
2524	3124	0.125
2525	2525	1.0
2525	2526	0.5
2525	2527	0.5
2525	3125	0.125
2525	3126	0.125
2525	3127	0.125
2526	2526	1.0
2526	2527	0.5
2526	3125	0.125
2526	3126	0.125
2526	3127	0.125
2527	2527	1.0
2527	3125	0.125
2527	3126	0.125
2527	3127	0.125
2528	2528	1.0
2528	2529	0.5
2528	2530	0.5
2528	3128	0.125
2528	3129	0.125
2528	3130	0.125
2529	2529	1.0
2529	2530	0.5
2529	3128	0.125
2529	3129	0.125
2529	3130	0.125
2530	2530	1.0
2530	3128	0.125
2530	3129	0.125
2530	3130	0.125
2531	2531	1.0
2531	2532	0.5
2531	2533	0.5
2531	3131	0.125
2531	3132	0.125
2531	3133	0.125
2532	2532	1.0
2532	2533	0.5
2532	3131	0.125
2532	3132	0.125
2532	3133	0.125
2533	2533	1.0
2533	3131	0.125
2533	3132	0.125
2533	3133	0.125
2534	2534	1.0
2534	2535	0.5
2534	2536	0.5
2534	3134	0.125
2534	3135	0.125
2534	3136	0.125
2535	2535	1.0
2535	2536	0.5
2535	3134	0.125
2535	3135	0.125
2535	3136	0.125
2536	2536	1.0
2536	3134	0.125
2536	3135	0.125
2536	3136	0.125
2537	2537	1.0
2537	2538	0.5
2537	2539	0.5
2537	3137	0.125
2537	3138	0.125
2537	3139	0.125
2538	2538	1.0
2538	2539	0.5
2538	3137	0.125
2538	3138	0.125
2538	3139	0.125
2539	2539	1.0
2539	3137	0.125
2539	3138	0.125
2539	3139	0.125
2540	2540	1.0
2540	2541	0.5
2540	2542	0.5
2540	3140	0.125
2540	3141	0.125
2540	3142	0.125
2541	2541	1.0
2541	2542	0.5
2541	3140	0.125
2541	3141	0.125
2541	3142	0.125
2542	2542	1.0
2542	3140	0.125
2542	3141	0.125
2542	3142	0.125
2543	2543	1.0
2543	2544	0.5
2543	2545	0.5
2543	3143	0.125
2543	3144	0.125
2543	3145	0.125
2544	2544	1.0
2544	2545	0.5
2544	3143	0.125
2544	3144	0.125
2544	3145	0.125
2545	2545	1.0
2545	3143	0.125
2545	3144	0.125
2545	3145	0.125
2546	2546	1.0
2546	2547	0.5
2546	2548	0.5
2546	3146	0.125
2546	3147	0.125
2546	3148	0.125
2547	2547	1.0
2547	2548	0.5
2547	3146	0.125
2547	3147	0.125
2547	3148	0.125
2548	2548	1.0
2548	3146	0.125
2548	3147	0.125
2548	3148	0.125
2549	2549	1.0
2549	2550	0.5
2549	2551	0.5
2549	3149	0.125
2549	3150	0.125
2549	3151	0.125
2550	2550	1.0
2550	2551	0.5
2550	3149	0.125
2550	3150	0.125
2550	3151	0.125
2551	2551	1.0
2551	3149	0.125
2551	3150	0.125
2551	3151	0.125
2552	2552	1.0
2552	2553	0.5
2552	2554	0.5
2552	3152	0.125
2552	3153	0.125
2552	3154	0.125
2553	2553	1.0
2553	2554	0.5
2553	3152	0.125
2553	3153	0.125
2553	3154	0.125
2554	2554	1.0
2554	3152	0.125
2554	3153	0.125
2554	3154	0.125
2555	2555	1.0
2555	2556	0.5
2555	2557	0.5
2555	3155	0.125
2555	3156	0.125
2555	3157	0.125
2556	2556	1.0
2556	2557	0.5
2556	3155	0.125
2556	3156	0.125
2556	3157	0.125
2557	2557	1.0
2557	3155	0.125
2557	3156	0.125
2557	3157	0.125
2558	2558	1.0
2558	2559	0.5
2558	2560	0.5
2558	3158	0.125
2558	3159	0.125
2558	3160	0.125
2559	2559	1.0
2559	2560	0.5
2559	3158	0.125
2559	3159	0.125
2559	3160	0.125
2560	2560	1.0
2560	3158	0.125
2560	3159	0.125
2560	3160	0.125
2561	2561	1.0
2561	2562	0.5
2561	2563	0.5
2561	3161	0.125
2561	3162	0.125
2561	3163	0.125
2562	2562	1.0
2562	2563	0.5
2562	3161	0.125
2562	3162	0.125
2562	3163	0.125
2563	2563	1.0
2563	3161	0.125
2563	3162	0.125
2563	3163	0.125
2564	2564	1.0
2564	2565	0.5
2564	2566	0.5
2564	3164	0.125
2564	3165	0.125
2564	3166	0.125
2565	2565	1.0
2565	2566	0.5
2565	3164	0.125
2565	3165	0.125
2565	3166	0.125
2566	2566	1.0
2566	3164	0.125
2566	3165	0.125
2566	3166	0.125
2567	2567	1.0
2567	2568	0.5
2567	2569	0.5
2567	3167	0.125
2567	3168	0.125
2567	3169	0.125
2568	2568	1.0
2568	2569	0.5
2568	3167	0.125
2568	3168	0.125
2568	3169	0.125
2569	2569	1.0
2569	3167	0.125
2569	3168	0.125
2569	3169	0.125
2570	2570	1.0
2570	2571	0.5
2570	2572	0.5
2570	3170	0.125
2570	3171	0.125
2570	3172	0.125
2571	2571	1.0
2571	2572	0.5
2571	3170	0.125
2571	3171	0.125
2571	3172	0.125
2572	2572	1.0
2572	3170	0.125
2572	3171	0.125
2572	3172	0.125
2573	2573	1.0
2573	2574	0.5
2573	2575	0.5
2573	3173	0.125
2573	3174	0.125
2573	3175	0.125
2574	2574	1.0
2574	2575	0.5
2574	3173	0.125
2574	3174	0.125
2574	3175	0.125
2575	2575	1.0
2575	3173	0.125
2575	3174	0.125
2575	3175	0.125
2576	2576	1.0
2576	2577	0.5
2576	2578	0.5
2576	3176	0.125
2576	3177	0.125
2576	3178	0.125
2577	2577	1.0
2577	2578	0.5
2577	3176	0.125
2577	3177	0.125
2577	3178	0.125
2578	2578	1.0
2578	3176	0.125
2578	3177	0.125
2578	3178	0.125
2579	2579	1.0
2579	2580	0.5
2579	2581	0.5
2579	3179	0.125
2579	3180	0.125
2579	3181	0.125
2580	2580	1.0
2580	2581	0.5
2580	3179	0.125
2580	3180	0.125
2580	3181	0.125
2581	2581	1.0
2581	3179	0.125
2581	3180	0.125
2581	3181	0.125
2582	2582	1.0
2582	2583	0.5
2582	2584	0.5
2582	3182	0.125
2582	3183	0.125
2582	3184	0.125
2583	2583	1.0
2583	2584	0.5
2583	3182	0.125
2583	3183	0.125
2583	3184	0.125
2584	2584	1.0
2584	3182	0.125
2584	3183	0.125
2584	3184	0.125
2585	2585	1.0
2585	2586	0.5
2585	2587	0.5
2585	3185	0.125
2585	3186	0.125
2585	3187	0.125
2586	2586	1.0
2586	2587	0.5
2586	3185	0.125
2586	3186	0.125
2586	3187	0.125
2587	2587	1.0
2587	3185	0.125
2587	3186	0.125
2587	3187	0.125
2588	2588	1.0
2588	2589	0.5
2588	2590	0.5
2588	3188	0.125
2588	3189	0.125
2588	3190	0.125
2589	2589	1.0
2589	2590	0.5
2589	3188	0.125
2589	3189	0.125
2589	3190	0.125
2590	2590	1.0
2590	3188	0.125
2590	3189	0.125
2590	3190	0.125
2591	2591	1.0
2591	2592	0.5
2591	2593	0.5
2591	3191	0.125
2591	3192	0.125
2591	3193	0.125
2592	2592	1.0
2592	2593	0.5
2592	3191	0.125
2592	3192	0.125
2592	3193	0.125
2593	2593	1.0
2593	3191	0.125
2593	3192	0.125
2593	3193	0.125
2594	2594	1.0
2594	2595	0.5
2594	2596	0.5
2594	3194	0.125
2594	3195	0.125
2594	3196	0.125
2595	2595	1.0
2595	2596	0.5
2595	3194	0.125
2595	3195	0.125
2595	3196	0.125
2596	2596	1.0
2596	3194	0.125
2596	3195	0.125
2596	3196	0.125
2597	2597	1.0
2597	2598	0.5
2597	2599	0.5
2597	3197	0.125
2597	3198	0.125
2597	3199	0.125
2598	2598	1.0
2598	2599	0.5
2598	3197	0.125
2598	3198	0.125
2598	3199	0.125
2599	2599	1.0
2599	3197	0.125
2599	3198	0.125
2599	3199	0.125
2600	2600	1.0
2600	2601	0.5
2600	2602	0.5
2600	3200	0.125
2600	3201	0.125
2600	3202	0.125
2601	2601	1.0
2601	2602	0.5
2601	3200	0.125
2601	3201	0.125
2601	3202	0.125
2602	2602	1.0
2602	3200	0.125
2602	3201	0.125
2602	3202	0.125
2603	2603	1.0
2603	2604	0.5
2603	2605	0.5
2603	3203	0.125
2603	3204	0.125
2603	3205	0.125
2604	2604	1.0
2604	2605	0.5
2604	3203	0.125
2604	3204	0.125
2604	3205	0.125
2605	2605	1.0
2605	3203	0.125
2605	3204	0.125
2605	3205	0.125
2606	2606	1.0
2606	2607	0.5
2606	2608	0.5
2606	3206	0.125
2606	3207	0.125
2606	3208	0.125
2607	2607	1.0
2607	2608	0.5
2607	3206	0.125
2607	3207	0.125
2607	3208	0.125
2608	2608	1.0
2608	3206	0.125
2608	3207	0.125
2608	3208	0.125
2609	2609	1.0
2609	2610	0.5
2609	2611	0.5
2609	3209	0.125
2609	3210	0.125
2609	3211	0.125
2610	2610	1.0
2610	2611	0.5
2610	3209	0.125
2610	3210	0.125
2610	3211	0.125
2611	2611	1.0
2611	3209	0.125
2611	3210	0.125
2611	3211	0.125
2612	2612	1.0
2612	2613	0.5
2612	2614	0.5
2612	3212	0.125
2612	3213	0.125
2612	3214	0.125
2613	2613	1.0
2613	2614	0.5
2613	3212	0.125
2613	3213	0.125
2613	3214	0.125
2614	2614	1.0
2614	3212	0.125
2614	3213	0.125
2614	3214	0.125
2615	2615	1.0
2615	2616	0.5
2615	2617	0.5
2615	3215	0.125
2615	3216	0.125
2615	3217	0.125
2616	2616	1.0
2616	2617	0.5
2616	3215	0.125
2616	3216	0.125
2616	3217	0.125
2617	2617	1.0
2617	3215	0.125
2617	3216	0.125
2617	3217	0.125
2618	2618	1.0
2618	2619	0.5
2618	2620	0.5
2618	3218	0.125
2618	3219	0.125
2618	3220	0.125
2619	2619	1.0
2619	2620	0.5
2619	3218	0.125
2619	3219	0.125
2619	3220	0.125
2620	2620	1.0
2620	3218	0.125
2620	3219	0.125
2620	3220	0.125
2621	2621	1.0
2621	2622	0.5
2621	2623	0.5
2621	3221	0.125
2621	3222	0.125
2621	3223	0.125
2622	2622	1.0
2622	2623	0.5
2622	3221	0.125
2622	3222	0.125
2622	3223	0.125
2623	2623	1.0
2623	3221	0.125
2623	3222	0.125
2623	3223	0.125
2624	2624	1.0
2624	2625	0.5
2624	2626	0.5
2624	3224	0.125
2624	3225	0.125
2624	3226	0.125
2625	2625	1.0
2625	2626	0.5
2625	3224	0.125
2625	3225	0.125
2625	3226	0.125
2626	2626	1.0
2626	3224	0.125
2626	3225	0.125
2626	3226	0.125
2627	2627	1.0
2627	2628	0.5
2627	2629	0.5
2627	3227	0.125
2627	3228	0.125
2627	3229	0.125
2628	2628	1.0
2628	2629	0.5
2628	3227	0.125
2628	3228	0.125
2628	3229	0.125
2629	2629	1.0
2629	3227	0.125
2629	3228	0.125
2629	3229	0.125
2630	2630	1.0
2630	2631	0.5
2630	2632	0.5
2630	3230	0.125
2630	3231	0.125
2630	3232	0.125
2631	2631	1.0
2631	2632	0.5
2631	3230	0.125
2631	3231	0.125
2631	3232	0.125
2632	2632	1.0
2632	3230	0.125
2632	3231	0.125
2632	3232	0.125
2633	2633	1.0
2633	2634	0.5
2633	2635	0.5
2633	3233	0.125
2633	3234	0.125
2633	3235	0.125
2634	2634	1.0
2634	2635	0.5
2634	3233	0.125
2634	3234	0.125
2634	3235	0.125
2635	2635	1.0
2635	3233	0.125
2635	3234	0.125
2635	3235	0.125
2636	2636	1.0
2636	2637	0.5
2636	2638	0.5
2636	3236	0.125
2636	3237	0.125
2636	3238	0.125
2637	2637	1.0
2637	2638	0.5
2637	3236	0.125
2637	3237	0.125
2637	3238	0.125
2638	2638	1.0
2638	3236	0.125
2638	3237	0.125
2638	3238	0.125
2639	2639	1.0
2639	2640	0.5
2639	2641	0.5
2639	3239	0.125
2639	3240	0.125
2639	3241	0.125
2640	2640	1.0
2640	2641	0.5
2640	3239	0.125
2640	3240	0.125
2640	3241	0.125
2641	2641	1.0
2641	3239	0.125
2641	3240	0.125
2641	3241	0.125
2642	2642	1.0
2642	2643	0.5
2642	2644	0.5
2642	3242	0.125
2642	3243	0.125
2642	3244	0.125
2643	2643	1.0
2643	2644	0.5
2643	3242	0.125
2643	3243	0.125
2643	3244	0.125
2644	2644	1.0
2644	3242	0.125
2644	3243	0.125
2644	3244	0.125
2645	2645	1.0
2645	2646	0.5
2645	2647	0.5
2645	3245	0.125
2645	3246	0.125
2645	3247	0.125
2646	2646	1.0
2646	2647	0.5
2646	3245	0.125
2646	3246	0.125
2646	3247	0.125
2647	2647	1.0
2647	3245	0.125
2647	3246	0.125
2647	3247	0.125
2648	2648	1.0
2648	2649	0.5
2648	2650	0.5
2648	3248	0.125
2648	3249	0.125
2648	3250	0.125
2649	2649	1.0
2649	2650	0.5
2649	3248	0.125
2649	3249	0.125
2649	3250	0.125
2650	2650	1.0
2650	3248	0.125
2650	3249	0.125
2650	3250	0.125
2651	2651	1.0
2651	2652	0.5
2651	2653	0.5
2651	3251	0.125
2651	3252	0.125
2651	3253	0.125
2652	2652	1.0
2652	2653	0.5
2652	3251	0.125
2652	3252	0.125
2652	3253	0.125
2653	2653	1.0
2653	3251	0.125
2653	3252	0.125
2653	3253	0.125
2654	2654	1.0
2654	2655	0.5
2654	2656	0.5
2654	3254	0.125
2654	3255	0.125
2654	3256	0.125
2655	2655	1.0
2655	2656	0.5
2655	3254	0.125
2655	3255	0.125
2655	3256	0.125
2656	2656	1.0
2656	3254	0.125
2656	3255	0.125
2656	3256	0.125
2657	2657	1.0
2657	2658	0.5
2657	2659	0.5
2657	3257	0.125
2657	3258	0.125
2657	3259	0.125
2658	2658	1.0
2658	2659	0.5
2658	3257	0.125
2658	3258	0.125
2658	3259	0.125
2659	2659	1.0
2659	3257	0.125
2659	3258	0.125
2659	3259	0.125
2660	2660	1.0
2660	2661	0.5
2660	2662	0.5
2660	3260	0.125
2660	3261	0.125
2660	3262	0.125
2661	2661	1.0
2661	2662	0.5
2661	3260	0.125
2661	3261	0.125
2661	3262	0.125
2662	2662	1.0
2662	3260	0.125
2662	3261	0.125
2662	3262	0.125
2663	2663	1.0
2663	2664	0.5
2663	2665	0.5
2663	3263	0.125
2663	3264	0.125
2663	3265	0.125
2664	2664	1.0
2664	2665	0.5
2664	3263	0.125
2664	3264	0.125
2664	3265	0.125
2665	2665	1.0
2665	3263	0.125
2665	3264	0.125
2665	3265	0.125
2666	2666	1.0
2666	2667	0.5
2666	2668	0.5
2666	3266	0.125
2666	3267	0.125
2666	3268	0.125
2667	2667	1.0
2667	2668	0.5
2667	3266	0.125
2667	3267	0.125
2667	3268	0.125
2668	2668	1.0
2668	3266	0.125
2668	3267	0.125
2668	3268	0.125
2669	2669	1.0
2669	2670	0.5
2669	2671	0.5
2669	3269	0.125
2669	3270	0.125
2669	3271	0.125
2670	2670	1.0
2670	2671	0.5
2670	3269	0.125
2670	3270	0.125
2670	3271	0.125
2671	2671	1.0
2671	3269	0.125
2671	3270	0.125
2671	3271	0.125
2672	2672	1.0
2672	2673	0.5
2672	2674	0.5
2672	3272	0.125
2672	3273	0.125
2672	3274	0.125
2673	2673	1.0
2673	2674	0.5
2673	3272	0.125
2673	3273	0.125
2673	3274	0.125
2674	2674	1.0
2674	3272	0.125
2674	3273	0.125
2674	3274	0.125
2675	2675	1.0
2675	2676	0.5
2675	2677	0.5
2675	3275	0.125
2675	3276	0.125
2675	3277	0.125
2676	2676	1.0
2676	2677	0.5
2676	3275	0.125
2676	3276	0.125
2676	3277	0.125
2677	2677	1.0
2677	3275	0.125
2677	3276	0.125
2677	3277	0.125
2678	2678	1.0
2678	2679	0.5
2678	2680	0.5
2678	3278	0.125
2678	3279	0.125
2678	3280	0.125
2679	2679	1.0
2679	2680	0.5
2679	3278	0.125
2679	3279	0.125
2679	3280	0.125
2680	2680	1.0
2680	3278	0.125
2680	3279	0.125
2680	3280	0.125
2681	2681	1.0
2681	2682	0.5
2681	2683	0.5
2681	3281	0.125
2681	3282	0.125
2681	3283	0.125
2682	2682	1.0
2682	2683	0.5
2682	3281	0.125
2682	3282	0.125
2682	3283	0.125
2683	2683	1.0
2683	3281	0.125
2683	3282	0.125
2683	3283	0.125
2684	2684	1.0
2684	2685	0.5
2684	2686	0.5
2684	3284	0.125
2684	3285	0.125
2684	3286	0.125
2685	2685	1.0
2685	2686	0.5
2685	3284	0.125
2685	3285	0.125
2685	3286	0.125
2686	2686	1.0
2686	3284	0.125
2686	3285	0.125
2686	3286	0.125
2687	2687	1.0
2687	2688	0.5
2687	2689	0.5
2687	3287	0.125
2687	3288	0.125
2687	3289	0.125
2688	2688	1.0
2688	2689	0.5
2688	3287	0.125
2688	3288	0.125
2688	3289	0.125
2689	2689	1.0
2689	3287	0.125
2689	3288	0.125
2689	3289	0.125
2690	2690	1.0
2690	2691	0.5
2690	2692	0.5
2690	3290	0.125
2690	3291	0.125
2690	3292	0.125
2691	2691	1.0
2691	2692	0.5
2691	3290	0.125
2691	3291	0.125
2691	3292	0.125
2692	2692	1.0
2692	3290	0.125
2692	3291	0.125
2692	3292	0.125
2693	2693	1.0
2693	2694	0.5
2693	2695	0.5
2693	3293	0.125
2693	3294	0.125
2693	3295	0.125
2694	2694	1.0
2694	2695	0.5
2694	3293	0.125
2694	3294	0.125
2694	3295	0.125
2695	2695	1.0
2695	3293	0.125
2695	3294	0.125
2695	3295	0.125
2696	2696	1.0
2696	2697	0.5
2696	2698	0.5
2696	3296	0.125
2696	3297	0.125
2696	3298	0.125
2697	2697	1.0
2697	2698	0.5
2697	3296	0.125
2697	3297	0.125
2697	3298	0.125
2698	2698	1.0
2698	3296	0.125
2698	3297	0.125
2698	3298	0.125
2699	2699	1.0
2699	2700	0.5
2699	2701	0.5
2699	3299	0.125
2699	3300	0.125
2699	3301	0.125
2700	2700	1.0
2700	2701	0.5
2700	3299	0.125
2700	3300	0.125
2700	3301	0.125
2701	2701	1.0
2701	3299	0.125
2701	3300	0.125
2701	3301	0.125
2702	2702	1.0
2702	2703	0.5
2702	2704	0.5
2702	3302	0.125
2702	3303	0.125
2702	3304	0.125
2703	2703	1.0
2703	2704	0.5
2703	3302	0.125
2703	3303	0.125
2703	3304	0.125
2704	2704	1.0
2704	3302	0.125
2704	3303	0.125
2704	3304	0.125
2705	2705	1.0
2705	2706	0.5
2705	2707	0.5
2705	3305	0.125
2705	3306	0.125
2705	3307	0.125
2706	2706	1.0
2706	2707	0.5
2706	3305	0.125
2706	3306	0.125
2706	3307	0.125
2707	2707	1.0
2707	3305	0.125
2707	3306	0.125
2707	3307	0.125
2708	2708	1.0
2708	2709	0.5
2708	2710	0.5
2708	3308	0.125
2708	3309	0.125
2708	3310	0.125
2709	2709	1.0
2709	2710	0.5
2709	3308	0.125
2709	3309	0.125
2709	3310	0.125
2710	2710	1.0
2710	3308	0.125
2710	3309	0.125
2710	3310	0.125
2711	2711	1.0
2711	2712	0.5
2711	2713	0.5
2711	3311	0.125
2711	3312	0.125
2711	3313	0.125
2712	2712	1.0
2712	2713	0.5
2712	3311	0.125
2712	3312	0.125
2712	3313	0.125
2713	2713	1.0
2713	3311	0.125
2713	3312	0.125
2713	3313	0.125
2714	2714	1.0
2714	2715	0.5
2714	2716	0.5
2714	3314	0.125
2714	3315	0.125
2714	3316	0.125
2715	2715	1.0
2715	2716	0.5
2715	3314	0.125
2715	3315	0.125
2715	3316	0.125
2716	2716	1.0
2716	3314	0.125
2716	3315	0.125
2716	3316	0.125
2717	2717	1.0
2717	2718	0.5
2717	2719	0.5
2717	3317	0.125
2717	3318	0.125
2717	3319	0.125
2718	2718	1.0
2718	2719	0.5
2718	3317	0.125
2718	3318	0.125
2718	3319	0.125
2719	2719	1.0
2719	3317	0.125
2719	3318	0.125
2719	3319	0.125
2720	2720	1.0
2720	2721	0.5
2720	2722	0.5
2720	3320	0.125
2720	3321	0.125
2720	3322	0.125
2721	2721	1.0
2721	2722	0.5
2721	3320	0.125
2721	3321	0.125
2721	3322	0.125
2722	2722	1.0
2722	3320	0.125
2722	3321	0.125
2722	3322	0.125
2723	2723	1.0
2723	2724	0.5
2723	2725	0.5
2723	3323	0.125
2723	3324	0.125
2723	3325	0.125
2724	2724	1.0
2724	2725	0.5
2724	3323	0.125
2724	3324	0.125
2724	3325	0.125
2725	2725	1.0
2725	3323	0.125
2725	3324	0.125
2725	3325	0.125
2726	2726	1.0
2726	2727	0.5
2726	2728	0.5
2726	3326	0.125
2726	3327	0.125
2726	3328	0.125
2727	2727	1.0
2727	2728	0.5
2727	3326	0.125
2727	3327	0.125
2727	3328	0.125
2728	2728	1.0
2728	3326	0.125
2728	3327	0.125
2728	3328	0.125
2729	2729	1.0
2729	2730	0.5
2729	2731	0.5
2729	3329	0.125
2729	3330	0.125
2729	3331	0.125
2730	2730	1.0
2730	2731	0.5
2730	3329	0.125
2730	3330	0.125
2730	3331	0.125
2731	2731	1.0
2731	3329	0.125
2731	3330	0.125
2731	3331	0.125
2732	2732	1.0
2732	2733	0.5
2732	2734	0.5
2732	3332	0.125
2732	3333	0.125
2732	3334	0.125
2733	2733	1.0
2733	2734	0.5
2733	3332	0.125
2733	3333	0.125
2733	3334	0.125
2734	2734	1.0
2734	3332	0.125
2734	3333	0.125
2734	3334	0.125
2735	2735	1.0
2735	2736	0.5
2735	2737	0.5
2735	3335	0.125
2735	3336	0.125
2735	3337	0.125
2736	2736	1.0
2736	2737	0.5
2736	3335	0.125
2736	3336	0.125
2736	3337	0.125
2737	2737	1.0
2737	3335	0.125
2737	3336	0.125
2737	3337	0.125
2738	2738	1.0
2738	2739	0.5
2738	2740	0.5
2738	3338	0.125
2738	3339	0.125
2738	3340	0.125
2739	2739	1.0
2739	2740	0.5
2739	3338	0.125
2739	3339	0.125
2739	3340	0.125
2740	2740	1.0
2740	3338	0.125
2740	3339	0.125
2740	3340	0.125
2741	2741	1.0
2741	2742	0.5
2741	2743	0.5
2741	3341	0.125
2741	3342	0.125
2741	3343	0.125
2742	2742	1.0
2742	2743	0.5
2742	3341	0.125
2742	3342	0.125
2742	3343	0.125
2743	2743	1.0
2743	3341	0.125
2743	3342	0.125
2743	3343	0.125
2744	2744	1.0
2744	2745	0.5
2744	2746	0.5
2744	3344	0.125
2744	3345	0.125
2744	3346	0.125
2745	2745	1.0
2745	2746	0.5
2745	3344	0.125
2745	3345	0.125
2745	3346	0.125
2746	2746	1.0
2746	3344	0.125
2746	3345	0.125
2746	3346	0.125
2747	2747	1.0
2747	2748	0.5
2747	2749	0.5
2747	3347	0.125
2747	3348	0.125
2747	3349	0.125
2748	2748	1.0
2748	2749	0.5
2748	3347	0.125
2748	3348	0.125
2748	3349	0.125
2749	2749	1.0
2749	3347	0.125
2749	3348	0.125
2749	3349	0.125
2750	2750	1.0
2750	2751	0.5
2750	2752	0.5
2750	3350	0.125
2750	3351	0.125
2750	3352	0.125
2751	2751	1.0
2751	2752	0.5
2751	3350	0.125
2751	3351	0.125
2751	3352	0.125
2752	2752	1.0
2752	3350	0.125
2752	3351	0.125
2752	3352	0.125
2753	2753	1.0
2753	2754	0.5
2753	2755	0.5
2753	3353	0.125
2753	3354	0.125
2753	3355	0.125
2754	2754	1.0
2754	2755	0.5
2754	3353	0.125
2754	3354	0.125
2754	3355	0.125
2755	2755	1.0
2755	3353	0.125
2755	3354	0.125
2755	3355	0.125
2756	2756	1.0
2756	2757	0.5
2756	2758	0.5
2756	3356	0.125
2756	3357	0.125
2756	3358	0.125
2757	2757	1.0
2757	2758	0.5
2757	3356	0.125
2757	3357	0.125
2757	3358	0.125
2758	2758	1.0
2758	3356	0.125
2758	3357	0.125
2758	3358	0.125
2759	2759	1.0
2759	2760	0.5
2759	2761	0.5
2759	3359	0.125
2759	3360	0.125
2759	3361	0.125
2760	2760	1.0
2760	2761	0.5
2760	3359	0.125
2760	3360	0.125
2760	3361	0.125
2761	2761	1.0
2761	3359	0.125
2761	3360	0.125
2761	3361	0.125
2762	2762	1.0
2762	2763	0.5
2762	2764	0.5
2762	3362	0.125
2762	3363	0.125
2762	3364	0.125
2763	2763	1.0
2763	2764	0.5
2763	3362	0.125
2763	3363	0.125
2763	3364	0.125
2764	2764	1.0
2764	3362	0.125
2764	3363	0.125
2764	3364	0.125
2765	2765	1.0
2765	2766	0.5
2765	2767	0.5
2765	3365	0.125
2765	3366	0.125
2765	3367	0.125
2766	2766	1.0
2766	2767	0.5
2766	3365	0.125
2766	3366	0.125
2766	3367	0.125
2767	2767	1.0
2767	3365	0.125
2767	3366	0.125
2767	3367	0.125
2768	2768	1.0
2768	2769	0.5
2768	2770	0.5
2768	3368	0.125
2768	3369	0.125
2768	3370	0.125
2769	2769	1.0
2769	2770	0.5
2769	3368	0.125
2769	3369	0.125
2769	3370	0.125
2770	2770	1.0
2770	3368	0.125
2770	3369	0.125
2770	3370	0.125
2771	2771	1.0
2771	2772	0.5
2771	2773	0.5
2771	3371	0.125
2771	3372	0.125
2771	3373	0.125
2772	2772	1.0
2772	2773	0.5
2772	3371	0.125
2772	3372	0.125
2772	3373	0.125
2773	2773	1.0
2773	3371	0.125
2773	3372	0.125
2773	3373	0.125
2774	2774	1.0
2774	2775	0.5
2774	2776	0.5
2774	3374	0.125
2774	3375	0.125
2774	3376	0.125
2775	2775	1.0
2775	2776	0.5
2775	3374	0.125
2775	3375	0.125
2775	3376	0.125
2776	2776	1.0
2776	3374	0.125
2776	3375	0.125
2776	3376	0.125
2777	2777	1.0
2777	2778	0.5
2777	2779	0.5
2777	3377	0.125
2777	3378	0.125
2777	3379	0.125
2778	2778	1.0
2778	2779	0.5
2778	3377	0.125
2778	3378	0.125
2778	3379	0.125
2779	2779	1.0
2779	3377	0.125
2779	3378	0.125
2779	3379	0.125
2780	2780	1.0
2780	2781	0.5
2780	2782	0.5
2780	3380	0.125
2780	3381	0.125
2780	3382	0.125
2781	2781	1.0
2781	2782	0.5
2781	3380	0.125
2781	3381	0.125
2781	3382	0.125
2782	2782	1.0
2782	3380	0.125
2782	3381	0.125
2782	3382	0.125
2783	2783	1.0
2783	2784	0.5
2783	2785	0.5
2783	3383	0.125
2783	3384	0.125
2783	3385	0.125
2784	2784	1.0
2784	2785	0.5
2784	3383	0.125
2784	3384	0.125
2784	3385	0.125
2785	2785	1.0
2785	3383	0.125
2785	3384	0.125
2785	3385	0.125
2786	2786	1.0
2786	2787	0.5
2786	2788	0.5
2786	3386	0.125
2786	3387	0.125
2786	3388	0.125
2787	2787	1.0
2787	2788	0.5
2787	3386	0.125
2787	3387	0.125
2787	3388	0.125
2788	2788	1.0
2788	3386	0.125
2788	3387	0.125
2788	3388	0.125
2789	2789	1.0
2789	2790	0.5
2789	2791	0.5
2789	3389	0.125
2789	3390	0.125
2789	3391	0.125
2790	2790	1.0
2790	2791	0.5
2790	3389	0.125
2790	3390	0.125
2790	3391	0.125
2791	2791	1.0
2791	3389	0.125
2791	3390	0.125
2791	3391	0.125
2792	2792	1.0
2792	2793	0.5
2792	2794	0.5
2792	3392	0.125
2792	3393	0.125
2792	3394	0.125
2793	2793	1.0
2793	2794	0.5
2793	3392	0.125
2793	3393	0.125
2793	3394	0.125
2794	2794	1.0
2794	3392	0.125
2794	3393	0.125
2794	3394	0.125
2795	2795	1.0
2795	2796	0.5
2795	2797	0.5
2795	3395	0.125
2795	3396	0.125
2795	3397	0.125
2796	2796	1.0
2796	2797	0.5
2796	3395	0.125
2796	3396	0.125
2796	3397	0.125
2797	2797	1.0
2797	3395	0.125
2797	3396	0.125
2797	3397	0.125
2798	2798	1.0
2798	2799	0.5
2798	2800	0.5
2798	3398	0.125
2798	3399	0.125
2798	3400	0.125
2799	2799	1.0
2799	2800	0.5
2799	3398	0.125
2799	3399	0.125
2799	3400	0.125
2800	2800	1.0
2800	3398	0.125
2800	3399	0.125
2800	3400	0.125
2801	2801	1.0
2801	2802	0.5
2801	2803	0.5
2802	2802	1.0
2802	2803	0.5
2803	2803	1.0
2804	2804	1.0
2804	2805	0.5
2804	2806	0.5
2805	2805	1.0
2805	2806	0.5
2806	2806	1.0
2807	2807	1.0
2807	2808	0.5
2807	2809	0.5
2808	2808	1.0
2808	2809	0.5
2809	2809	1.0
2810	2810	1.0
2810	2811	0.5
2810	2812	0.5
2811	2811	1.0
2811	2812	0.5
2812	2812	1.0
2813	2813	1.0
2813	2814	0.5
2813	2815	0.5
2814	2814	1.0
2814	2815	0.5
2815	2815	1.0
2816	2816	1.0
2816	2817	0.5
2816	2818	0.5
2817	2817	1.0
2817	2818	0.5
2818	2818	1.0
2819	2819	1.0
2819	2820	0.5
2819	2821	0.5
2820	2820	1.0
2820	2821	0.5
2821	2821	1.0
2822	2822	1.0
2822	2823	0.5
2822	2824	0.5
2823	2823	1.0
2823	2824	0.5
2824	2824	1.0
2825	2825	1.0
2825	2826	0.5
2825	2827	0.5
2826	2826	1.0
2826	2827	0.5
2827	2827	1.0
2828	2828	1.0
2828	2829	0.5
2828	2830	0.5
2829	2829	1.0
2829	2830	0.5
2830	2830	1.0
2831	2831	1.0
2831	2832	0.5
2831	2833	0.5
2832	2832	1.0
2832	2833	0.5
2833	2833	1.0
2834	2834	1.0
2834	2835	0.5
2834	2836	0.5
2835	2835	1.0
2835	2836	0.5
2836	2836	1.0
2837	2837	1.0
2837	2838	0.5
2837	2839	0.5
2838	2838	1.0
2838	2839	0.5
2839	2839	1.0
2840	2840	1.0
2840	2841	0.5
2840	2842	0.5
2841	2841	1.0
2841	2842	0.5
2842	2842	1.0
2843	2843	1.0
2843	2844	0.5
2843	2845	0.5
2844	2844	1.0
2844	2845	0.5
2845	2845	1.0
2846	2846	1.0
2846	2847	0.5
2846	2848	0.5
2847	2847	1.0
2847	2848	0.5
2848	2848	1.0
2849	2849	1.0
2849	2850	0.5
2849	2851	0.5
2850	2850	1.0
2850	2851	0.5
2851	2851	1.0
2852	2852	1.0
2852	2853	0.5
2852	2854	0.5
2853	2853	1.0
2853	2854	0.5
2854	2854	1.0
2855	2855	1.0
2855	2856	0.5
2855	2857	0.5
2856	2856	1.0
2856	2857	0.5
2857	2857	1.0
2858	2858	1.0
2858	2859	0.5
2858	2860	0.5
2859	2859	1.0
2859	2860	0.5
2860	2860	1.0
2861	2861	1.0
2861	2862	0.5
2861	2863	0.5
2862	2862	1.0
2862	2863	0.5
2863	2863	1.0
2864	2864	1.0
2864	2865	0.5
2864	2866	0.5
2865	2865	1.0
2865	2866	0.5
2866	2866	1.0
2867	2867	1.0
2867	2868	0.5
2867	2869	0.5
2868	2868	1.0
2868	2869	0.5
2869	2869	1.0
2870	2870	1.0
2870	2871	0.5
2870	2872	0.5
2871	2871	1.0
2871	2872	0.5
2872	2872	1.0
2873	2873	1.0
2873	2874	0.5
2873	2875	0.5
2874	2874	1.0
2874	2875	0.5
2875	2875	1.0
2876	2876	1.0
2876	2877	0.5
2876	2878	0.5
2877	2877	1.0
2877	2878	0.5
2878	2878	1.0
2879	2879	1.0
2879	2880	0.5
2879	2881	0.5
2880	2880	1.0
2880	2881	0.5
2881	2881	1.0
2882	2882	1.0
2882	2883	0.5
2882	2884	0.5
2883	2883	1.0
2883	2884	0.5
2884	2884	1.0
2885	2885	1.0
2885	2886	0.5
2885	2887	0.5
2886	2886	1.0
2886	2887	0.5
2887	2887	1.0
2888	2888	1.0
2888	2889	0.5
2888	2890	0.5
2889	2889	1.0
2889	2890	0.5
2890	2890	1.0
2891	2891	1.0
2891	2892	0.5
2891	2893	0.5
2892	2892	1.0
2892	2893	0.5
2893	2893	1.0
2894	2894	1.0
2894	2895	0.5
2894	2896	0.5
2895	2895	1.0
2895	2896	0.5
2896	2896	1.0
2897	2897	1.0
2897	2898	0.5
2897	2899	0.5
2898	2898	1.0
2898	2899	0.5
2899	2899	1.0
2900	2900	1.0
2900	2901	0.5
2900	2902	0.5
2901	2901	1.0
2901	2902	0.5
2902	2902	1.0
2903	2903	1.0
2903	2904	0.5
2903	2905	0.5
2904	2904	1.0
2904	2905	0.5
2905	2905	1.0
2906	2906	1.0
2906	2907	0.5
2906	2908	0.5
2907	2907	1.0
2907	2908	0.5
2908	2908	1.0
2909	2909	1.0
2909	2910	0.5
2909	2911	0.5
2910	2910	1.0
2910	2911	0.5
2911	2911	1.0
2912	2912	1.0
2912	2913	0.5
2912	2914	0.5
2913	2913	1.0
2913	2914	0.5
2914	2914	1.0
2915	2915	1.0
2915	2916	0.5
2915	2917	0.5
2916	2916	1.0
2916	2917	0.5
2917	2917	1.0
2918	2918	1.0
2918	2919	0.5
2918	2920	0.5
2919	2919	1.0
2919	2920	0.5
2920	2920	1.0
2921	2921	1.0
2921	2922	0.5
2921	2923	0.5
2922	2922	1.0
2922	2923	0.5
2923	2923	1.0
2924	2924	1.0
2924	2925	0.5
2924	2926	0.5
2925	2925	1.0
2925	2926	0.5
2926	2926	1.0
2927	2927	1.0
2927	2928	0.5
2927	2929	0.5
2928	2928	1.0
2928	2929	0.5
2929	2929	1.0
2930	2930	1.0
2930	2931	0.5
2930	2932	0.5
2931	2931	1.0
2931	2932	0.5
2932	2932	1.0
2933	2933	1.0
2933	2934	0.5
2933	2935	0.5
2934	2934	1.0
2934	2935	0.5
2935	2935	1.0
2936	2936	1.0
2936	2937	0.5
2936	2938	0.5
2937	2937	1.0
2937	2938	0.5
2938	2938	1.0
2939	2939	1.0
2939	2940	0.5
2939	2941	0.5
2940	2940	1.0
2940	2941	0.5
2941	2941	1.0
2942	2942	1.0
2942	2943	0.5
2942	2944	0.5
2943	2943	1.0
2943	2944	0.5
2944	2944	1.0
2945	2945	1.0
2945	2946	0.5
2945	2947	0.5
2946	2946	1.0
2946	2947	0.5
2947	2947	1.0
2948	2948	1.0
2948	2949	0.5
2948	2950	0.5
2949	2949	1.0
2949	2950	0.5
2950	2950	1.0
2951	2951	1.0
2951	2952	0.5
2951	2953	0.5
2952	2952	1.0
2952	2953	0.5
2953	2953	1.0
2954	2954	1.0
2954	2955	0.5
2954	2956	0.5
2955	2955	1.0
2955	2956	0.5
2956	2956	1.0
2957	2957	1.0
2957	2958	0.5
2957	2959	0.5
2958	2958	1.0
2958	2959	0.5
2959	2959	1.0
2960	2960	1.0
2960	2961	0.5
2960	2962	0.5
2961	2961	1.0
2961	2962	0.5
2962	2962	1.0
2963	2963	1.0
2963	2964	0.5
2963	2965	0.5
2964	2964	1.0
2964	2965	0.5
2965	2965	1.0
2966	2966	1.0
2966	2967	0.5
2966	2968	0.5
2967	2967	1.0
2967	2968	0.5
2968	2968	1.0
2969	2969	1.0
2969	2970	0.5
2969	2971	0.5
2970	2970	1.0
2970	2971	0.5
2971	2971	1.0
2972	2972	1.0
2972	2973	0.5
2972	2974	0.5
2973	2973	1.0
2973	2974	0.5
2974	2974	1.0
2975	2975	1.0
2975	2976	0.5
2975	2977	0.5
2976	2976	1.0
2976	2977	0.5
2977	2977	1.0
2978	2978	1.0
2978	2979	0.5
2978	2980	0.5
2979	2979	1.0
2979	2980	0.5
2980	2980	1.0
2981	2981	1.0
2981	2982	0.5
2981	2983	0.5
2982	2982	1.0
2982	2983	0.5
2983	2983	1.0
2984	2984	1.0
2984	2985	0.5
2984	2986	0.5
2985	2985	1.0
2985	2986	0.5
2986	2986	1.0
2987	2987	1.0
2987	2988	0.5
2987	2989	0.5
2988	2988	1.0
2988	2989	0.5
2989	2989	1.0
2990	2990	1.0
2990	2991	0.5
2990	2992	0.5
2991	2991	1.0
2991	2992	0.5
2992	2992	1.0
2993	2993	1.0
2993	2994	0.5
2993	2995	0.5
2994	2994	1.0
2994	2995	0.5
2995	2995	1.0
2996	2996	1.0
2996	2997	0.5
2996	2998	0.5
2997	2997	1.0
2997	2998	0.5
2998	2998	1.0
2999	2999	1.0
2999	3000	0.5
2999	3001	0.5
3000	3000	1.0
3000	3001	0.5
3001	3001	1.0
3002	3002	1.0
3002	3003	0.5
3002	3004	0.5
3003	3003	1.0
3003	3004	0.5
3004	3004	1.0
3005	3005	1.0
3005	3006	0.5
3005	3007	0.5
3006	3006	1.0
3006	3007	0.5
3007	3007	1.0
3008	3008	1.0
3008	3009	0.5
3008	3010	0.5
3009	3009	1.0
3009	3010	0.5
3010	3010	1.0
3011	3011	1.0
3011	3012	0.5
3011	3013	0.5
3012	3012	1.0
3012	3013	0.5
3013	3013	1.0
3014	3014	1.0
3014	3015	0.5
3014	3016	0.5
3015	3015	1.0
3015	3016	0.5
3016	3016	1.0
3017	3017	1.0
3017	3018	0.5
3017	3019	0.5
3018	3018	1.0
3018	3019	0.5
3019	3019	1.0
3020	3020	1.0
3020	3021	0.5
3020	3022	0.5
3021	3021	1.0
3021	3022	0.5
3022	3022	1.0
3023	3023	1.0
3023	3024	0.5
3023	3025	0.5
3024	3024	1.0
3024	3025	0.5
3025	3025	1.0
3026	3026	1.0
3026	3027	0.5
3026	3028	0.5
3027	3027	1.0
3027	3028	0.5
3028	3028	1.0
3029	3029	1.0
3029	3030	0.5
3029	3031	0.5
3030	3030	1.0
3030	3031	0.5
3031	3031	1.0
3032	3032	1.0
3032	3033	0.5
3032	3034	0.5
3033	3033	1.0
3033	3034	0.5
3034	3034	1.0
3035	3035	1.0
3035	3036	0.5
3035	3037	0.5
3036	3036	1.0
3036	3037	0.5
3037	3037	1.0
3038	3038	1.0
3038	3039	0.5
3038	3040	0.5
3039	3039	1.0
3039	3040	0.5
3040	3040	1.0
3041	3041	1.0
3041	3042	0.5
3041	3043	0.5
3042	3042	1.0
3042	3043	0.5
3043	3043	1.0
3044	3044	1.0
3044	3045	0.5
3044	3046	0.5
3045	3045	1.0
3045	3046	0.5
3046	3046	1.0
3047	3047	1.0
3047	3048	0.5
3047	3049	0.5
3048	3048	1.0
3048	3049	0.5
3049	3049	1.0
3050	3050	1.0
3050	3051	0.5
3050	3052	0.5
3051	3051	1.0
3051	3052	0.5
3052	3052	1.0
3053	3053	1.0
3053	3054	0.5
3053	3055	0.5
3054	3054	1.0
3054	3055	0.5
3055	3055	1.0
3056	3056	1.0
3056	3057	0.5
3056	3058	0.5
3057	3057	1.0
3057	3058	0.5
3058	3058	1.0
3059	3059	1.0
3059	3060	0.5
3059	3061	0.5
3060	3060	1.0
3060	3061	0.5
3061	3061	1.0
3062	3062	1.0
3062	3063	0.5
3062	3064	0.5
3063	3063	1.0
3063	3064	0.5
3064	3064	1.0
3065	3065	1.0
3065	3066	0.5
3065	3067	0.5
3066	3066	1.0
3066	3067	0.5
3067	3067	1.0
3068	3068	1.0
3068	3069	0.5
3068	3070	0.5
3069	3069	1.0
3069	3070	0.5
3070	3070	1.0
3071	3071	1.0
3071	3072	0.5
3071	3073	0.5
3072	3072	1.0
3072	3073	0.5
3073	3073	1.0
3074	3074	1.0
3074	3075	0.5
3074	3076	0.5
3075	3075	1.0
3075	3076	0.5
3076	3076	1.0
3077	3077	1.0
3077	3078	0.5
3077	3079	0.5
3078	3078	1.0
3078	3079	0.5
3079	3079	1.0
3080	3080	1.0
3080	3081	0.5
3080	3082	0.5
3081	3081	1.0
3081	3082	0.5
3082	3082	1.0
3083	3083	1.0
3083	3084	0.5
3083	3085	0.5
3084	3084	1.0
3084	3085	0.5
3085	3085	1.0
3086	3086	1.0
3086	3087	0.5
3086	3088	0.5
3087	3087	1.0
3087	3088	0.5
3088	3088	1.0
3089	3089	1.0
3089	3090	0.5
3089	3091	0.5
3090	3090	1.0
3090	3091	0.5
3091	3091	1.0
3092	3092	1.0
3092	3093	0.5
3092	3094	0.5
3093	3093	1.0
3093	3094	0.5
3094	3094	1.0
3095	3095	1.0
3095	3096	0.5
3095	3097	0.5
3096	3096	1.0
3096	3097	0.5
3097	3097	1.0
3098	3098	1.0
3098	3099	0.5
3098	3100	0.5
3099	3099	1.0
3099	3100	0.5
3100	3100	1.0
3101	3101	1.0
3101	3102	0.5
3101	3103	0.5
3102	3102	1.0
3102	3103	0.5
3103	3103	1.0
3104	3104	1.0
3104	3105	0.5
3104	3106	0.5
3105	3105	1.0
3105	3106	0.5
3106	3106	1.0
3107	3107	1.0
3107	3108	0.5
3107	3109	0.5
3108	3108	1.0
3108	3109	0.5
3109	3109	1.0
3110	3110	1.0
3110	3111	0.5
3110	3112	0.5
3111	3111	1.0
3111	3112	0.5
3112	3112	1.0
3113	3113	1.0
3113	3114	0.5
3113	3115	0.5
3114	3114	1.0
3114	3115	0.5
3115	3115	1.0
3116	3116	1.0
3116	3117	0.5
3116	3118	0.5
3117	3117	1.0
3117	3118	0.5
3118	3118	1.0
3119	3119	1.0
3119	3120	0.5
3119	3121	0.5
3120	3120	1.0
3120	3121	0.5
3121	3121	1.0
3122	3122	1.0
3122	3123	0.5
3122	3124	0.5
3123	3123	1.0
3123	3124	0.5
3124	3124	1.0
3125	3125	1.0
3125	3126	0.5
3125	3127	0.5
3126	3126	1.0
3126	3127	0.5
3127	3127	1.0
3128	3128	1.0
3128	3129	0.5
3128	3130	0.5
3129	3129	1.0
3129	3130	0.5
3130	3130	1.0
3131	3131	1.0
3131	3132	0.5
3131	3133	0.5
3132	3132	1.0
3132	3133	0.5
3133	3133	1.0
3134	3134	1.0
3134	3135	0.5
3134	3136	0.5
3135	3135	1.0
3135	3136	0.5
3136	3136	1.0
3137	3137	1.0
3137	3138	0.5
3137	3139	0.5
3138	3138	1.0
3138	3139	0.5
3139	3139	1.0
3140	3140	1.0
3140	3141	0.5
3140	3142	0.5
3141	3141	1.0
3141	3142	0.5
3142	3142	1.0
3143	3143	1.0
3143	3144	0.5
3143	3145	0.5
3144	3144	1.0
3144	3145	0.5
3145	3145	1.0
3146	3146	1.0
3146	3147	0.5
3146	3148	0.5
3147	3147	1.0
3147	3148	0.5
3148	3148	1.0
3149	3149	1.0
3149	3150	0.5
3149	3151	0.5
3150	3150	1.0
3150	3151	0.5
3151	3151	1.0
3152	3152	1.0
3152	3153	0.5
3152	3154	0.5
3153	3153	1.0
3153	3154	0.5
3154	3154	1.0
3155	3155	1.0
3155	3156	0.5
3155	3157	0.5
3156	3156	1.0
3156	3157	0.5
3157	3157	1.0
3158	3158	1.0
3158	3159	0.5
3158	3160	0.5
3159	3159	1.0
3159	3160	0.5
3160	3160	1.0
3161	3161	1.0
3161	3162	0.5
3161	3163	0.5
3162	3162	1.0
3162	3163	0.5
3163	3163	1.0
3164	3164	1.0
3164	3165	0.5
3164	3166	0.5
3165	3165	1.0
3165	3166	0.5
3166	3166	1.0
3167	3167	1.0
3167	3168	0.5
3167	3169	0.5
3168	3168	1.0
3168	3169	0.5
3169	3169	1.0
3170	3170	1.0
3170	3171	0.5
3170	3172	0.5
3171	3171	1.0
3171	3172	0.5
3172	3172	1.0
3173	3173	1.0
3173	3174	0.5
3173	3175	0.5
3174	3174	1.0
3174	3175	0.5
3175	3175	1.0
3176	3176	1.0
3176	3177	0.5
3176	3178	0.5
3177	3177	1.0
3177	3178	0.5
3178	3178	1.0
3179	3179	1.0
3179	3180	0.5
3179	3181	0.5
3180	3180	1.0
3180	3181	0.5
3181	3181	1.0
3182	3182	1.0
3182	3183	0.5
3182	3184	0.5
3183	3183	1.0
3183	3184	0.5
3184	3184	1.0
3185	3185	1.0
3185	3186	0.5
3185	3187	0.5
3186	3186	1.0
3186	3187	0.5
3187	3187	1.0
3188	3188	1.0
3188	3189	0.5
3188	3190	0.5
3189	3189	1.0
3189	3190	0.5
3190	3190	1.0
3191	3191	1.0
3191	3192	0.5
3191	3193	0.5
3192	3192	1.0
3192	3193	0.5
3193	3193	1.0
3194	3194	1.0
3194	3195	0.5
3194	3196	0.5
3195	3195	1.0
3195	3196	0.5
3196	3196	1.0
3197	3197	1.0
3197	3198	0.5
3197	3199	0.5
3198	3198	1.0
3198	3199	0.5
3199	3199	1.0
3200	3200	1.0
3200	3201	0.5
3200	3202	0.5
3201	3201	1.0
3201	3202	0.5
3202	3202	1.0
3203	3203	1.0
3203	3204	0.5
3203	3205	0.5
3204	3204	1.0
3204	3205	0.5
3205	3205	1.0
3206	3206	1.0
3206	3207	0.5
3206	3208	0.5
3207	3207	1.0
3207	3208	0.5
3208	3208	1.0
3209	3209	1.0
3209	3210	0.5
3209	3211	0.5
3210	3210	1.0
3210	3211	0.5
3211	3211	1.0
3212	3212	1.0
3212	3213	0.5
3212	3214	0.5
3213	3213	1.0
3213	3214	0.5
3214	3214	1.0
3215	3215	1.0
3215	3216	0.5
3215	3217	0.5
3216	3216	1.0
3216	3217	0.5
3217	3217	1.0
3218	3218	1.0
3218	3219	0.5
3218	3220	0.5
3219	3219	1.0
3219	3220	0.5
3220	3220	1.0
3221	3221	1.0
3221	3222	0.5
3221	3223	0.5
3222	3222	1.0
3222	3223	0.5
3223	3223	1.0
3224	3224	1.0
3224	3225	0.5
3224	3226	0.5
3225	3225	1.0
3225	3226	0.5
3226	3226	1.0
3227	3227	1.0
3227	3228	0.5
3227	3229	0.5
3228	3228	1.0
3228	3229	0.5
3229	3229	1.0
3230	3230	1.0
3230	3231	0.5
3230	3232	0.5
3231	3231	1.0
3231	3232	0.5
3232	3232	1.0
3233	3233	1.0
3233	3234	0.5
3233	3235	0.5
3234	3234	1.0
3234	3235	0.5
3235	3235	1.0
3236	3236	1.0
3236	3237	0.5
3236	3238	0.5
3237	3237	1.0
3237	3238	0.5
3238	3238	1.0
3239	3239	1.0
3239	3240	0.5
3239	3241	0.5
3240	3240	1.0
3240	3241	0.5
3241	3241	1.0
3242	3242	1.0
3242	3243	0.5
3242	3244	0.5
3243	3243	1.0
3243	3244	0.5
3244	3244	1.0
3245	3245	1.0
3245	3246	0.5
3245	3247	0.5
3246	3246	1.0
3246	3247	0.5
3247	3247	1.0
3248	3248	1.0
3248	3249	0.5
3248	3250	0.5
3249	3249	1.0
3249	3250	0.5
3250	3250	1.0
3251	3251	1.0
3251	3252	0.5
3251	3253	0.5
3252	3252	1.0
3252	3253	0.5
3253	3253	1.0
3254	3254	1.0
3254	3255	0.5
3254	3256	0.5
3255	3255	1.0
3255	3256	0.5
3256	3256	1.0
3257	3257	1.0
3257	3258	0.5
3257	3259	0.5
3258	3258	1.0
3258	3259	0.5
3259	3259	1.0
3260	3260	1.0
3260	3261	0.5
3260	3262	0.5
3261	3261	1.0
3261	3262	0.5
3262	3262	1.0
3263	3263	1.0
3263	3264	0.5
3263	3265	0.5
3264	3264	1.0
3264	3265	0.5
3265	3265	1.0
3266	3266	1.0
3266	3267	0.5
3266	3268	0.5
3267	3267	1.0
3267	3268	0.5
3268	3268	1.0
3269	3269	1.0
3269	3270	0.5
3269	3271	0.5
3270	3270	1.0
3270	3271	0.5
3271	3271	1.0
3272	3272	1.0
3272	3273	0.5
3272	3274	0.5
3273	3273	1.0
3273	3274	0.5
3274	3274	1.0
3275	3275	1.0
3275	3276	0.5
3275	3277	0.5
3276	3276	1.0
3276	3277	0.5
3277	3277	1.0
3278	3278	1.0
3278	3279	0.5
3278	3280	0.5
3279	3279	1.0
3279	3280	0.5
3280	3280	1.0
3281	3281	1.0
3281	3282	0.5
3281	3283	0.5
3282	3282	1.0
3282	3283	0.5
3283	3283	1.0
3284	3284	1.0
3284	3285	0.5
3284	3286	0.5
3285	3285	1.0
3285	3286	0.5
3286	3286	1.0
3287	3287	1.0
3287	3288	0.5
3287	3289	0.5
3288	3288	1.0
3288	3289	0.5
3289	3289	1.0
3290	3290	1.0
3290	3291	0.5
3290	3292	0.5
3291	3291	1.0
3291	3292	0.5
3292	3292	1.0
3293	3293	1.0
3293	3294	0.5
3293	3295	0.5
3294	3294	1.0
3294	3295	0.5
3295	3295	1.0
3296	3296	1.0
3296	3297	0.5
3296	3298	0.5
3297	3297	1.0
3297	3298	0.5
3298	3298	1.0
3299	3299	1.0
3299	3300	0.5
3299	3301	0.5
3300	3300	1.0
3300	3301	0.5
3301	3301	1.0
3302	3302	1.0
3302	3303	0.5
3302	3304	0.5
3303	3303	1.0
3303	3304	0.5
3304	3304	1.0
3305	3305	1.0
3305	3306	0.5
3305	3307	0.5
3306	3306	1.0
3306	3307	0.5
3307	3307	1.0
3308	3308	1.0
3308	3309	0.5
3308	3310	0.5
3309	3309	1.0
3309	3310	0.5
3310	3310	1.0
3311	3311	1.0
3311	3312	0.5
3311	3313	0.5
3312	3312	1.0
3312	3313	0.5
3313	3313	1.0
3314	3314	1.0
3314	3315	0.5
3314	3316	0.5
3315	3315	1.0
3315	3316	0.5
3316	3316	1.0
3317	3317	1.0
3317	3318	0.5
3317	3319	0.5
3318	3318	1.0
3318	3319	0.5
3319	3319	1.0
3320	3320	1.0
3320	3321	0.5
3320	3322	0.5
3321	3321	1.0
3321	3322	0.5
3322	3322	1.0
3323	3323	1.0
3323	3324	0.5
3323	3325	0.5
3324	3324	1.0
3324	3325	0.5
3325	3325	1.0
3326	3326	1.0
3326	3327	0.5
3326	3328	0.5
3327	3327	1.0
3327	3328	0.5
3328	3328	1.0
3329	3329	1.0
3329	3330	0.5
3329	3331	0.5
3330	3330	1.0
3330	3331	0.5
3331	3331	1.0
3332	3332	1.0
3332	3333	0.5
3332	3334	0.5
3333	3333	1.0
3333	3334	0.5
3334	3334	1.0
3335	3335	1.0
3335	3336	0.5
3335	3337	0.5
3336	3336	1.0
3336	3337	0.5
3337	3337	1.0
3338	3338	1.0
3338	3339	0.5
3338	3340	0.5
3339	3339	1.0
3339	3340	0.5
3340	3340	1.0
3341	3341	1.0
3341	3342	0.5
3341	3343	0.5
3342	3342	1.0
3342	3343	0.5
3343	3343	1.0
3344	3344	1.0
3344	3345	0.5
3344	3346	0.5
3345	3345	1.0
3345	3346	0.5
3346	3346	1.0
3347	3347	1.0
3347	3348	0.5
3347	3349	0.5
3348	3348	1.0
3348	3349	0.5
3349	3349	1.0
3350	3350	1.0
3350	3351	0.5
3350	3352	0.5
3351	3351	1.0
3351	3352	0.5
3352	3352	1.0
3353	3353	1.0
3353	3354	0.5
3353	3355	0.5
3354	3354	1.0
3354	3355	0.5
3355	3355	1.0
3356	3356	1.0
3356	3357	0.5
3356	3358	0.5
3357	3357	1.0
3357	3358	0.5
3358	3358	1.0
3359	3359	1.0
3359	3360	0.5
3359	3361	0.5
3360	3360	1.0
3360	3361	0.5
3361	3361	1.0
3362	3362	1.0
3362	3363	0.5
3362	3364	0.5
3363	3363	1.0
3363	3364	0.5
3364	3364	1.0
3365	3365	1.0
3365	3366	0.5
3365	3367	0.5
3366	3366	1.0
3366	3367	0.5
3367	3367	1.0
3368	3368	1.0
3368	3369	0.5
3368	3370	0.5
3369	3369	1.0
3369	3370	0.5
3370	3370	1.0
3371	3371	1.0
3371	3372	0.5
3371	3373	0.5
3372	3372	1.0
3372	3373	0.5
3373	3373	1.0
3374	3374	1.0
3374	3375	0.5
3374	3376	0.5
3375	3375	1.0
3375	3376	0.5
3376	3376	1.0
3377	3377	1.0
3377	3378	0.5
3377	3379	0.5
3378	3378	1.0
3378	3379	0.5
3379	3379	1.0
3380	3380	1.0
3380	3381	0.5
3380	3382	0.5
3381	3381	1.0
3381	3382	0.5
3382	3382	1.0
3383	3383	1.0
3383	3384	0.5
3383	3385	0.5
3384	3384	1.0
3384	3385	0.5
3385	3385	1.0
3386	3386	1.0
3386	3387	0.5
3386	3388	0.5
3387	3387	1.0
3387	3388	0.5
3388	3388	1.0
3389	3389	1.0
3389	3390	0.5
3389	3391	0.5
3390	3390	1.0
3390	3391	0.5
3391	3391	1.0
3392	3392	1.0
3392	3393	0.5
3392	3394	0.5
3393	3393	1.0
3393	3394	0.5
3394	3394	1.0
3395	3395	1.0
3395	3396	0.5
3395	3397	0.5
3396	3396	1.0
3396	3397	0.5
3397	3397	1.0
3398	3398	1.0
3398	3399	0.5
3398	3400	0.5
3399	3399	1.0
3399	3400	0.5
3400	3400	1.0
3401	3401	1.0
3401	5951	0.5
3401	5952	0.5
3402	3402	1.0
3402	5951	0.5
3402	5952	0.5
3403	3403	1.0
3403	5953	0.5
3403	5954	0.5
3404	3404	1.0
3404	5953	0.5
3404	5954	0.5
3405	3405	1.0
3405	5955	0.5
3405	5956	0.5
3406	3406	1.0
3406	5955	0.5
3406	5956	0.5
3407	3407	1.0
3407	5957	0.5
3407	5958	0.5
3408	3408	1.0
3408	5957	0.5
3408	5958	0.5
3409	3409	1.0
3409	5959	0.5
3409	5960	0.5
3410	3410	1.0
3410	5959	0.5
3410	5960	0.5
3411	3411	1.0
3411	5961	0.5
3411	5962	0.5
3412	3412	1.0
3412	5961	0.5
3412	5962	0.5
3413	3413	1.0
3413	5963	0.5
3413	5964	0.5
3414	3414	1.0
3414	5963	0.5
3414	5964	0.5
3415	3415	1.0
3415	5965	0.5
3415	5966	0.5
3416	3416	1.0
3416	5965	0.5
3416	5966	0.5
3417	3417	1.0
3417	5967	0.5
3417	5968	0.5
3418	3418	1.0
3418	5967	0.5
3418	5968	0.5
3419	3419	1.0
3419	5969	0.5
3419	5970	0.5
3420	3420	1.0
3420	5969	0.5
3420	5970	0.5
3421	3421	1.0
3421	5971	0.5
3421	5972	0.5
3422	3422	1.0
3422	5971	0.5
3422	5972	0.5
3423	3423	1.0
3423	5973	0.5
3423	5974	0.5
3424	3424	1.0
3424	5973	0.5
3424	5974	0.5
3425	3425	1.0
3425	5975	0.5
3425	5976	0.5
3426	3426	1.0
3426	5975	0.5
3426	5976	0.5
3427	3427	1.0
3427	5977	0.5
3427	5978	0.5
3428	3428	1.0
3428	5977	0.5
3428	5978	0.5
3429	3429	1.0
3429	5979	0.5
3429	5980	0.5
3430	3430	1.0
3430	5979	0.5
3430	5980	0.5
3431	3431	1.0
3431	5981	0.5
3431	5982	0.5
3432	3432	1.0
3432	5981	0.5
3432	5982	0.5
3433	3433	1.0
3433	5983	0.5
3433	5984	0.5
3434	3434	1.0
3434	5983	0.5
3434	5984	0.5
3435	3435	1.0
3435	5985	0.5
3435	5986	0.5
3436	3436	1.0
3436	5985	0.5
3436	5986	0.5
3437	3437	1.0
3437	5987	0.5
3437	5988	0.5
3438	3438	1.0
3438	5987	0.5
3438	5988	0.5
3439	3439	1.0
3439	5989	0.5
3439	5990	0.5
3440	3440	1.0
3440	5989	0.5
3440	5990	0.5
3441	3441	1.0
3441	5991	0.5
3441	5992	0.5
3442	3442	1.0
3442	5991	0.5
3442	5992	0.5
3443	3443	1.0
3443	5993	0.5
3443	5994	0.5
3444	3444	1.0
3444	5993	0.5
3444	5994	0.5
3445	3445	1.0
3445	5995	0.5
3445	5996	0.5
3446	3446	1.0
3446	5995	0.5
3446	5996	0.5
3447	3447	1.0
3447	5997	0.5
3447	5998	0.5
3448	3448	1.0
3448	5997	0.5
3448	5998	0.5
3449	3449	1.0
3449	5999	0.5
3449	6000	0.5
3450	3450	1.0
3450	5999	0.5
3450	6000	0.5
3451	3451	1.0
3451	6001	0.5
3451	6002	0.5
3452	3452	1.0
3452	6001	0.5
3452	6002	0.5
3453	3453	1.0
3453	6003	0.5
3453	6004	0.5
3454	3454	1.0
3454	6003	0.5
3454	6004	0.5
3455	3455	1.0
3455	6005	0.5
3455	6006	0.5
3456	3456	1.0
3456	6005	0.5
3456	6006	0.5
3457	3457	1.0
3457	6007	0.5
3457	6008	0.5
3458	3458	1.0
3458	6007	0.5
3458	6008	0.5
3459	3459	1.0
3459	6009	0.5
3459	6010	0.5
3460	3460	1.0
3460	6009	0.5
3460	6010	0.5
3461	3461	1.0
3461	6011	0.5
3461	6012	0.5
3462	3462	1.0
3462	6011	0.5
3462	6012	0.5
3463	3463	1.0
3463	6013	0.5
3463	6014	0.5
3464	3464	1.0
3464	6013	0.5
3464	6014	0.5
3465	3465	1.0
3465	6015	0.5
3465	6016	0.5
3466	3466	1.0
3466	6015	0.5
3466	6016	0.5
3467	3467	1.0
3467	6017	0.5
3467	6018	0.5
3468	3468	1.0
3468	6017	0.5
3468	6018	0.5
3469	3469	1.0
3469	6019	0.5
3469	6020	0.5
3470	3470	1.0
3470	6019	0.5
3470	6020	0.5
3471	3471	1.0
3471	6021	0.5
3471	6022	0.5
3472	3472	1.0
3472	6021	0.5
3472	6022	0.5
3473	3473	1.0
3473	6023	0.5
3473	6024	0.5
3474	3474	1.0
3474	6023	0.5
3474	6024	0.5
3475	3475	1.0
3475	6025	0.5
3475	6026	0.5
3476	3476	1.0
3476	6025	0.5
3476	6026	0.5
3477	3477	1.0
3477	6027	0.5
3477	6028	0.5
3478	3478	1.0
3478	6027	0.5
3478	6028	0.5
3479	3479	1.0
3479	6029	0.5
3479	6030	0.5
3480	3480	1.0
3480	6029	0.5
3480	6030	0.5
3481	3481	1.0
3481	6031	0.5
3481	6032	0.5
3482	3482	1.0
3482	6031	0.5
3482	6032	0.5
3483	3483	1.0
3483	6033	0.5
3483	6034	0.5
3484	3484	1.0
3484	6033	0.5
3484	6034	0.5
3485	3485	1.0
3485	6035	0.5
3485	6036	0.5
3486	3486	1.0
3486	6035	0.5
3486	6036	0.5
3487	3487	1.0
3487	6037	0.5
3487	6038	0.5
3488	3488	1.0
3488	6037	0.5
3488	6038	0.5
3489	3489	1.0
3489	6039	0.5
3489	6040	0.5
3490	3490	1.0
3490	6039	0.5
3490	6040	0.5
3491	3491	1.0
3491	6041	0.5
3491	6042	0.5
3492	3492	1.0
3492	6041	0.5
3492	6042	0.5
3493	3493	1.0
3493	6043	0.5
3493	6044	0.5
3494	3494	1.0
3494	6043	0.5
3494	6044	0.5
3495	3495	1.0
3495	6045	0.5
3495	6046	0.5
3496	3496	1.0
3496	6045	0.5
3496	6046	0.5
3497	3497	1.0
3497	6047	0.5
3497	6048	0.5
3498	3498	1.0
3498	6047	0.5
3498	6048	0.5
3499	3499	1.0
3499	6049	0.5
3499	6050	0.5
3500	3500	1.0
3500	6049	0.5
3500	6050	0.5
3501	3501	1.0
3501	6051	0.5
3501	6052	0.5
3502	3502	1.0
3502	6051	0.5
3502	6052	0.5
3503	3503	1.0
3503	6053	0.5
3503	6054	0.5
3504	3504	1.0
3504	6053	0.5
3504	6054	0.5
3505	3505	1.0
3505	6055	0.5
3505	6056	0.5
3506	3506	1.0
3506	6055	0.5
3506	6056	0.5
3507	3507	1.0
3507	6057	0.5
3507	6058	0.5
3508	3508	1.0
3508	6057	0.5
3508	6058	0.5
3509	3509	1.0
3509	6059	0.5
3509	6060	0.5
3510	3510	1.0
3510	6059	0.5
3510	6060	0.5
3511	3511	1.0
3511	6061	0.5
3511	6062	0.5
3512	3512	1.0
3512	6061	0.5
3512	6062	0.5
3513	3513	1.0
3513	6063	0.5
3513	6064	0.5
3514	3514	1.0
3514	6063	0.5
3514	6064	0.5
3515	3515	1.0
3515	6065	0.5
3515	6066	0.5
3516	3516	1.0
3516	6065	0.5
3516	6066	0.5
3517	3517	1.0
3517	6067	0.5
3517	6068	0.5
3518	3518	1.0
3518	6067	0.5
3518	6068	0.5
3519	3519	1.0
3519	6069	0.5
3519	6070	0.5
3520	3520	1.0
3520	6069	0.5
3520	6070	0.5
3521	3521	1.0
3521	6071	0.5
3521	6072	0.5
3522	3522	1.0
3522	6071	0.5
3522	6072	0.5
3523	3523	1.0
3523	6073	0.5
3523	6074	0.5
3524	3524	1.0
3524	6073	0.5
3524	6074	0.5
3525	3525	1.0
3525	6075	0.5
3525	6076	0.5
3526	3526	1.0
3526	6075	0.5
3526	6076	0.5
3527	3527	1.0
3527	6077	0.5
3527	6078	0.5
3528	3528	1.0
3528	6077	0.5
3528	6078	0.5
3529	3529	1.0
3529	6079	0.5
3529	6080	0.5
3530	3530	1.0
3530	6079	0.5
3530	6080	0.5
3531	3531	1.0
3531	6081	0.5
3531	6082	0.5
3532	3532	1.0
3532	6081	0.5
3532	6082	0.5
3533	3533	1.0
3533	6083	0.5
3533	6084	0.5
3534	3534	1.0
3534	6083	0.5
3534	6084	0.5
3535	3535	1.0
3535	6085	0.5
3535	6086	0.5
3536	3536	1.0
3536	6085	0.5
3536	6086	0.5
3537	3537	1.0
3537	6087	0.5
3537	6088	0.5
3538	3538	1.0
3538	6087	0.5
3538	6088	0.5
3539	3539	1.0
3539	6089	0.5
3539	6090	0.5
3540	3540	1.0
3540	6089	0.5
3540	6090	0.5
3541	3541	1.0
3541	6091	0.5
3541	6092	0.5
3542	3542	1.0
3542	6091	0.5
3542	6092	0.5
3543	3543	1.0
3543	6093	0.5
3543	6094	0.5
3544	3544	1.0
3544	6093	0.5
3544	6094	0.5
3545	3545	1.0
3545	6095	0.5
3545	6096	0.5
3546	3546	1.0
3546	6095	0.5
3546	6096	0.5
3547	3547	1.0
3547	6097	0.5
3547	6098	0.5
3548	3548	1.0
3548	6097	0.5
3548	6098	0.5
3549	3549	1.0
3549	6099	0.5
3549	6100	0.5
3550	3550	1.0
3550	6099	0.5
3550	6100	0.5
3551	3551	1.0
3551	6101	0.5
3551	6102	0.5
3552	3552	1.0
3552	6101	0.5
3552	6102	0.5
3553	3553	1.0
3553	6103	0.5
3553	6104	0.5
3554	3554	1.0
3554	6103	0.5
3554	6104	0.5
3555	3555	1.0
3555	6105	0.5
3555	6106	0.5
3556	3556	1.0
3556	6105	0.5
3556	6106	0.5
3557	3557	1.0
3557	6107	0.5
3557	6108	0.5
3558	3558	1.0
3558	6107	0.5
3558	6108	0.5
3559	3559	1.0
3559	6109	0.5
3559	6110	0.5
3560	3560	1.0
3560	6109	0.5
3560	6110	0.5
3561	3561	1.0
3561	6111	0.5
3561	6112	0.5
3562	3562	1.0
3562	6111	0.5
3562	6112	0.5
3563	3563	1.0
3563	6113	0.5
3563	6114	0.5
3564	3564	1.0
3564	6113	0.5
3564	6114	0.5
3565	3565	1.0
3565	6115	0.5
3565	6116	0.5
3566	3566	1.0
3566	6115	0.5
3566	6116	0.5
3567	3567	1.0
3567	6117	0.5
3567	6118	0.5
3568	3568	1.0
3568	6117	0.5
3568	6118	0.5
3569	3569	1.0
3569	6119	0.5
3569	6120	0.5
3570	3570	1.0
3570	6119	0.5
3570	6120	0.5
3571	3571	1.0
3571	6121	0.5
3571	6122	0.5
3572	3572	1.0
3572	6121	0.5
3572	6122	0.5
3573	3573	1.0
3573	6123	0.5
3573	6124	0.5
3574	3574	1.0
3574	6123	0.5
3574	6124	0.5
3575	3575	1.0
3575	6125	0.5
3575	6126	0.5
3576	3576	1.0
3576	6125	0.5
3576	6126	0.5
3577	3577	1.0
3577	6127	0.5
3577	6128	0.5
3578	3578	1.0
3578	6127	0.5
3578	6128	0.5
3579	3579	1.0
3579	6129	0.5
3579	6130	0.5
3580	3580	1.0
3580	6129	0.5
3580	6130	0.5
3581	3581	1.0
3581	6131	0.5
3581	6132	0.5
3582	3582	1.0
3582	6131	0.5
3582	6132	0.5
3583	3583	1.0
3583	6133	0.5
3583	6134	0.5
3584	3584	1.0
3584	6133	0.5
3584	6134	0.5
3585	3585	1.0
3585	6135	0.5
3585	6136	0.5
3586	3586	1.0
3586	6135	0.5
3586	6136	0.5
3587	3587	1.0
3587	6137	0.5
3587	6138	0.5
3588	3588	1.0
3588	6137	0.5
3588	6138	0.5
3589	3589	1.0
3589	6139	0.5
3589	6140	0.5
3590	3590	1.0
3590	6139	0.5
3590	6140	0.5
3591	3591	1.0
3591	6141	0.5
3591	6142	0.5
3592	3592	1.0
3592	6141	0.5
3592	6142	0.5
3593	3593	1.0
3593	6143	0.5
3593	6144	0.5
3594	3594	1.0
3594	6143	0.5
3594	6144	0.5
3595	3595	1.0
3595	6145	0.5
3595	6146	0.5
3596	3596	1.0
3596	6145	0.5
3596	6146	0.5
3597	3597	1.0
3597	6147	0.5
3597	6148	0.5
3598	3598	1.0
3598	6147	0.5
3598	6148	0.5
3599	3599	1.0
3599	6149	0.5
3599	6150	0.5
3600	3600	1.0
3600	6149	0.5
3600	6150	0.5
3601	3601	1.0
3601	6151	0.5
3601	6152	0.5
3602	3602	1.0
3602	6151	0.5
3602	6152	0.5
3603	3603	1.0
3603	6153	0.5
3603	6154	0.5
3604	3604	1.0
3604	6153	0.5
3604	6154	0.5
3605	3605	1.0
3605	6155	0.5
3605	6156	0.5
3606	3606	1.0
3606	6155	0.5
3606	6156	0.5
3607	3607	1.0
3607	6157	0.5
3607	6158	0.5
3608	3608	1.0
3608	6157	0.5
3608	6158	0.5
3609	3609	1.0
3609	6159	0.5
3609	6160	0.5
3610	3610	1.0
3610	6159	0.5
3610	6160	0.5
3611	3611	1.0
3611	6161	0.5
3611	6162	0.5
3612	3612	1.0
3612	6161	0.5
3612	6162	0.5
3613	3613	1.0
3613	6163	0.5
3613	6164	0.5
3614	3614	1.0
3614	6163	0.5
3614	6164	0.5
3615	3615	1.0
3615	6165	0.5
3615	6166	0.5
3616	3616	1.0
3616	6165	0.5
3616	6166	0.5
3617	3617	1.0
3617	6167	0.5
3617	6168	0.5
3618	3618	1.0
3618	6167	0.5
3618	6168	0.5
3619	3619	1.0
3619	6169	0.5
3619	6170	0.5
3620	3620	1.0
3620	6169	0.5
3620	6170	0.5
3621	3621	1.0
3621	6171	0.5
3621	6172	0.5
3622	3622	1.0
3622	6171	0.5
3622	6172	0.5
3623	3623	1.0
3623	6173	0.5
3623	6174	0.5
3624	3624	1.0
3624	6173	0.5
3624	6174	0.5
3625	3625	1.0
3625	6175	0.5
3625	6176	0.5
3626	3626	1.0
3626	6175	0.5
3626	6176	0.5
3627	3627	1.0
3627	6177	0.5
3627	6178	0.5
3628	3628	1.0
3628	6177	0.5
3628	6178	0.5
3629	3629	1.0
3629	6179	0.5
3629	6180	0.5
3630	3630	1.0
3630	6179	0.5
3630	6180	0.5
3631	3631	1.0
3631	6181	0.5
3631	6182	0.5
3632	3632	1.0
3632	6181	0.5
3632	6182	0.5
3633	3633	1.0
3633	6183	0.5
3633	6184	0.5
3634	3634	1.0
3634	6183	0.5
3634	6184	0.5
3635	3635	1.0
3635	6185	0.5
3635	6186	0.5
3636	3636	1.0
3636	6185	0.5
3636	6186	0.5
3637	3637	1.0
3637	6187	0.5
3637	6188	0.5
3638	3638	1.0
3638	6187	0.5
3638	6188	0.5
3639	3639	1.0
3639	6189	0.5
3639	6190	0.5
3640	3640	1.0
3640	6189	0.5
3640	6190	0.5
3641	3641	1.0
3641	6191	0.5
3641	6192	0.5
3642	3642	1.0
3642	6191	0.5
3642	6192	0.5
3643	3643	1.0
3643	6193	0.5
3643	6194	0.5
3644	3644	1.0
3644	6193	0.5
3644	6194	0.5
3645	3645	1.0
3645	6195	0.5
3645	6196	0.5
3646	3646	1.0
3646	6195	0.5
3646	6196	0.5
3647	3647	1.0
3647	6197	0.5
3647	6198	0.5
3648	3648	1.0
3648	6197	0.5
3648	6198	0.5
3649	3649	1.0
3649	6199	0.5
3649	6200	0.5
3650	3650	1.0
3650	6199	0.5
3650	6200	0.5
3651	3651	1.0
3651	6201	0.5
3651	6202	0.5
3652	3652	1.0
3652	6201	0.5
3652	6202	0.5
3653	3653	1.0
3653	6203	0.5
3653	6204	0.5
3654	3654	1.0
3654	6203	0.5
3654	6204	0.5
3655	3655	1.0
3655	6205	0.5
3655	6206	0.5
3656	3656	1.0
3656	6205	0.5
3656	6206	0.5
3657	3657	1.0
3657	6207	0.5
3657	6208	0.5
3658	3658	1.0
3658	6207	0.5
3658	6208	0.5
3659	3659	1.0
3659	6209	0.5
3659	6210	0.5
3660	3660	1.0
3660	6209	0.5
3660	6210	0.5
3661	3661	1.0
3661	6211	0.5
3661	6212	0.5
3662	3662	1.0
3662	6211	0.5
3662	6212	0.5
3663	3663	1.0
3663	6213	0.5
3663	6214	0.5
3664	3664	1.0
3664	6213	0.5
3664	6214	0.5
3665	3665	1.0
3665	6215	0.5
3665	6216	0.5
3666	3666	1.0
3666	6215	0.5
3666	6216	0.5
3667	3667	1.0
3667	6217	0.5
3667	6218	0.5
3668	3668	1.0
3668	6217	0.5
3668	6218	0.5
3669	3669	1.0
3669	6219	0.5
3669	6220	0.5
3670	3670	1.0
3670	6219	0.5
3670	6220	0.5
3671	3671	1.0
3671	6221	0.5
3671	6222	0.5
3672	3672	1.0
3672	6221	0.5
3672	6222	0.5
3673	3673	1.0
3673	6223	0.5
3673	6224	0.5
3674	3674	1.0
3674	6223	0.5
3674	6224	0.5
3675	3675	1.0
3675	6225	0.5
3675	6226	0.5
3676	3676	1.0
3676	6225	0.5
3676	6226	0.5
3677	3677	1.0
3677	6227	0.5
3677	6228	0.5
3678	3678	1.0
3678	6227	0.5
3678	6228	0.5
3679	3679	1.0
3679	6229	0.5
3679	6230	0.5
3680	3680	1.0
3680	6229	0.5
3680	6230	0.5
3681	3681	1.0
3681	6231	0.5
3681	6232	0.5
3682	3682	1.0
3682	6231	0.5
3682	6232	0.5
3683	3683	1.0
3683	6233	0.5
3683	6234	0.5
3684	3684	1.0
3684	6233	0.5
3684	6234	0.5
3685	3685	1.0
3685	6235	0.5
3685	6236	0.5
3686	3686	1.0
3686	6235	0.5
3686	6236	0.5
3687	3687	1.0
3687	6237	0.5
3687	6238	0.5
3688	3688	1.0
3688	6237	0.5
3688	6238	0.5
3689	3689	1.0
3689	6239	0.5
3689	6240	0.5
3690	3690	1.0
3690	6239	0.5
3690	6240	0.5
3691	3691	1.0
3691	6241	0.5
3691	6242	0.5
3692	3692	1.0
3692	6241	0.5
3692	6242	0.5
3693	3693	1.0
3693	6243	0.5
3693	6244	0.5
3694	3694	1.0
3694	6243	0.5
3694	6244	0.5
3695	3695	1.0
3695	6245	0.5
3695	6246	0.5
3696	3696	1.0
3696	6245	0.5
3696	6246	0.5
3697	3697	1.0
3697	6247	0.5
3697	6248	0.5
3698	3698	1.0
3698	6247	0.5
3698	6248	0.5
3699	3699	1.0
3699	6249	0.5
3699	6250	0.5
3700	3700	1.0
3700	6249	0.5
3700	6250	0.5
3701	3701	1.0
3701	6251	0.5
3701	6252	0.5
3702	3702	1.0
3702	6251	0.5
3702	6252	0.5
3703	3703	1.0
3703	6253	0.5
3703	6254	0.5
3704	3704	1.0
3704	6253	0.5
3704	6254	0.5
3705	3705	1.0
3705	6255	0.5
3705	6256	0.5
3706	3706	1.0
3706	6255	0.5
3706	6256	0.5
3707	3707	1.0
3707	6257	0.5
3707	6258	0.5
3708	3708	1.0
3708	6257	0.5
3708	6258	0.5
3709	3709	1.0
3709	6259	0.5
3709	6260	0.5
3710	3710	1.0
3710	6259	0.5
3710	6260	0.5
3711	3711	1.0
3711	6261	0.5
3711	6262	0.5
3712	3712	1.0
3712	6261	0.5
3712	6262	0.5
3713	3713	1.0
3713	6263	0.5
3713	6264	0.5
3714	3714	1.0
3714	6263	0.5
3714	6264	0.5
3715	3715	1.0
3715	6265	0.5
3715	6266	0.5
3716	3716	1.0
3716	6265	0.5
3716	6266	0.5
3717	3717	1.0
3717	6267	0.5
3717	6268	0.5
3718	3718	1.0
3718	6267	0.5
3718	6268	0.5
3719	3719	1.0
3719	6269	0.5
3719	6270	0.5
3720	3720	1.0
3720	6269	0.5
3720	6270	0.5
3721	3721	1.0
3721	6271	0.5
3721	6272	0.5
3722	3722	1.0
3722	6271	0.5
3722	6272	0.5
3723	3723	1.0
3723	6273	0.5
3723	6274	0.5
3724	3724	1.0
3724	6273	0.5
3724	6274	0.5
3725	3725	1.0
3725	6275	0.5
3725	6276	0.5
3726	3726	1.0
3726	6275	0.5
3726	6276	0.5
3727	3727	1.0
3727	6277	0.5
3727	6278	0.5
3728	3728	1.0
3728	6277	0.5
3728	6278	0.5
3729	3729	1.0
3729	6279	0.5
3729	6280	0.5
3730	3730	1.0
3730	6279	0.5
3730	6280	0.5
3731	3731	1.0
3731	6281	0.5
3731	6282	0.5
3732	3732	1.0
3732	6281	0.5
3732	6282	0.5
3733	3733	1.0
3733	6283	0.5
3733	6284	0.5
3734	3734	1.0
3734	6283	0.5
3734	6284	0.5
3735	3735	1.0
3735	6285	0.5
3735	6286	0.5
3736	3736	1.0
3736	6285	0.5
3736	6286	0.5
3737	3737	1.0
3737	6287	0.5
3737	6288	0.5
3738	3738	1.0
3738	6287	0.5
3738	6288	0.5
3739	3739	1.0
3739	6289	0.5
3739	6290	0.5
3740	3740	1.0
3740	6289	0.5
3740	6290	0.5
3741	3741	1.0
3741	6291	0.5
3741	6292	0.5
3742	3742	1.0
3742	6291	0.5
3742	6292	0.5
3743	3743	1.0
3743	6293	0.5
3743	6294	0.5
3744	3744	1.0
3744	6293	0.5
3744	6294	0.5
3745	3745	1.0
3745	6295	0.5
3745	6296	0.5
3746	3746	1.0
3746	6295	0.5
3746	6296	0.5
3747	3747	1.0
3747	6297	0.5
3747	6298	0.5
3748	3748	1.0
3748	6297	0.5
3748	6298	0.5
3749	3749	1.0
3749	6299	0.5
3749	6300	0.5
3750	3750	1.0
3750	6299	0.5
3750	6300	0.5
3751	3751	1.0
3751	6301	0.5
3751	6302	0.5
3752	3752	1.0
3752	6301	0.5
3752	6302	0.5
3753	3753	1.0
3753	6303	0.5
3753	6304	0.5
3754	3754	1.0
3754	6303	0.5
3754	6304	0.5
3755	3755	1.0
3755	6305	0.5
3755	6306	0.5
3756	3756	1.0
3756	6305	0.5
3756	6306	0.5
3757	3757	1.0
3757	6307	0.5
3757	6308	0.5
3758	3758	1.0
3758	6307	0.5
3758	6308	0.5
3759	3759	1.0
3759	6309	0.5
3759	6310	0.5
3760	3760	1.0
3760	6309	0.5
3760	6310	0.5
3761	3761	1.0
3761	6311	0.5
3761	6312	0.5
3762	3762	1.0
3762	6311	0.5
3762	6312	0.5
3763	3763	1.0
3763	6313	0.5
3763	6314	0.5
3764	3764	1.0
3764	6313	0.5
3764	6314	0.5
3765	3765	1.0
3765	6315	0.5
3765	6316	0.5
3766	3766	1.0
3766	6315	0.5
3766	6316	0.5
3767	3767	1.0
3767	6317	0.5
3767	6318	0.5
3768	3768	1.0
3768	6317	0.5
3768	6318	0.5
3769	3769	1.0
3769	6319	0.5
3769	6320	0.5
3770	3770	1.0
3770	6319	0.5
3770	6320	0.5
3771	3771	1.0
3771	6321	0.5
3771	6322	0.5
3772	3772	1.0
3772	6321	0.5
3772	6322	0.5
3773	3773	1.0
3773	6323	0.5
3773	6324	0.5
3774	3774	1.0
3774	6323	0.5
3774	6324	0.5
3775	3775	1.0
3775	6325	0.5
3775	6326	0.5
3776	3776	1.0
3776	6325	0.5
3776	6326	0.5
3777	3777	1.0
3777	6327	0.5
3777	6328	0.5
3778	3778	1.0
3778	6327	0.5
3778	6328	0.5
3779	3779	1.0
3779	6329	0.5
3779	6330	0.5
3780	3780	1.0
3780	6329	0.5
3780	6330	0.5
3781	3781	1.0
3781	6331	0.5
3781	6332	0.5
3782	3782	1.0
3782	6331	0.5
3782	6332	0.5
3783	3783	1.0
3783	6333	0.5
3783	6334	0.5
3784	3784	1.0
3784	6333	0.5
3784	6334	0.5
3785	3785	1.0
3785	6335	0.5
3785	6336	0.5
3786	3786	1.0
3786	6335	0.5
3786	6336	0.5
3787	3787	1.0
3787	6337	0.5
3787	6338	0.5
3788	3788	1.0
3788	6337	0.5
3788	6338	0.5
3789	3789	1.0
3789	6339	0.5
3789	6340	0.5
3790	3790	1.0
3790	6339	0.5
3790	6340	0.5
3791	3791	1.0
3791	6341	0.5
3791	6342	0.5
3792	3792	1.0
3792	6341	0.5
3792	6342	0.5
3793	3793	1.0
3793	6343	0.5
3793	6344	0.5
3794	3794	1.0
3794	6343	0.5
3794	6344	0.5
3795	3795	1.0
3795	6345	0.5
3795	6346	0.5
3796	3796	1.0
3796	6345	0.5
3796	6346	0.5
3797	3797	1.0
3797	6347	0.5
3797	6348	0.5
3798	3798	1.0
3798	6347	0.5
3798	6348	0.5
3799	3799	1.0
3799	6349	0.5
3799	6350	0.5
3800	3800	1.0
3800	6349	0.5
3800	6350	0.5
3801	3801	1.0
3801	6351	0.5
3801	6352	0.5
3802	3802	1.0
3802	6351	0.5
3802	6352	0.5
3803	3803	1.0
3803	6353	0.5
3803	6354	0.5
3804	3804	1.0
3804	6353	0.5
3804	6354	0.5
3805	3805	1.0
3805	6355	0.5
3805	6356	0.5
3806	3806	1.0
3806	6355	0.5
3806	6356	0.5
3807	3807	1.0
3807	6357	0.5
3807	6358	0.5
3808	3808	1.0
3808	6357	0.5
3808	6358	0.5
3809	3809	1.0
3809	6359	0.5
3809	6360	0.5
3810	3810	1.0
3810	6359	0.5
3810	6360	0.5
3811	3811	1.0
3811	6361	0.5
3811	6362	0.5
3812	3812	1.0
3812	6361	0.5
3812	6362	0.5
3813	3813	1.0
3813	6363	0.5
3813	6364	0.5
3814	3814	1.0
3814	6363	0.5
3814	6364	0.5
3815	3815	1.0
3815	6365	0.5
3815	6366	0.5
3816	3816	1.0
3816	6365	0.5
3816	6366	0.5
3817	3817	1.0
3817	6367	0.5
3817	6368	0.5
3818	3818	1.0
3818	6367	0.5
3818	6368	0.5
3819	3819	1.0
3819	6369	0.5
3819	6370	0.5
3820	3820	1.0
3820	6369	0.5
3820	6370	0.5
3821	3821	1.0
3821	6371	0.5
3821	6372	0.5
3822	3822	1.0
3822	6371	0.5
3822	6372	0.5
3823	3823	1.0
3823	6373	0.5
3823	6374	0.5
3824	3824	1.0
3824	6373	0.5
3824	6374	0.5
3825	3825	1.0
3825	6375	0.5
3825	6376	0.5
3826	3826	1.0
3826	6375	0.5
3826	6376	0.5
3827	3827	1.0
3827	6377	0.5
3827	6378	0.5
3828	3828	1.0
3828	6377	0.5
3828	6378	0.5
3829	3829	1.0
3829	6379	0.5
3829	6380	0.5
3830	3830	1.0
3830	6379	0.5
3830	6380	0.5
3831	3831	1.0
3831	6381	0.5
3831	6382	0.5
3832	3832	1.0
3832	6381	0.5
3832	6382	0.5
3833	3833	1.0
3833	6383	0.5
3833	6384	0.5
3834	3834	1.0
3834	6383	0.5
3834	6384	0.5
3835	3835	1.0
3835	6385	0.5
3835	6386	0.5
3836	3836	1.0
3836	6385	0.5
3836	6386	0.5
3837	3837	1.0
3837	6387	0.5
3837	6388	0.5
3838	3838	1.0
3838	6387	0.5
3838	6388	0.5
3839	3839	1.0
3839	6389	0.5
3839	6390	0.5
3840	3840	1.0
3840	6389	0.5
3840	6390	0.5
3841	3841	1.0
3841	6391	0.5
3841	6392	0.5
3842	3842	1.0
3842	6391	0.5
3842	6392	0.5
3843	3843	1.0
3843	6393	0.5
3843	6394	0.5
3844	3844	1.0
3844	6393	0.5
3844	6394	0.5
3845	3845	1.0
3845	6395	0.5
3845	6396	0.5
3846	3846	1.0
3846	6395	0.5
3846	6396	0.5
3847	3847	1.0
3847	6397	0.5
3847	6398	0.5
3848	3848	1.0
3848	6397	0.5
3848	6398	0.5
3849	3849	1.0
3849	6399	0.5
3849	6400	0.5
3850	3850	1.0
3850	6399	0.5
3850	6400	0.5
3851	3851	1.0
3851	6401	0.5
3851	6402	0.5
3852	3852	1.0
3852	6401	0.5
3852	6402	0.5
3853	3853	1.0
3853	6403	0.5
3853	6404	0.5
3854	3854	1.0
3854	6403	0.5
3854	6404	0.5
3855	3855	1.0
3855	6405	0.5
3855	6406	0.5
3856	3856	1.0
3856	6405	0.5
3856	6406	0.5
3857	3857	1.0
3857	6407	0.5
3857	6408	0.5
3858	3858	1.0
3858	6407	0.5
3858	6408	0.5
3859	3859	1.0
3859	6409	0.5
3859	6410	0.5
3860	3860	1.0
3860	6409	0.5
3860	6410	0.5
3861	3861	1.0
3861	6411	0.5
3861	6412	0.5
3862	3862	1.0
3862	6411	0.5
3862	6412	0.5
3863	3863	1.0
3863	6413	0.5
3863	6414	0.5
3864	3864	1.0
3864	6413	0.5
3864	6414	0.5
3865	3865	1.0
3865	6415	0.5
3865	6416	0.5
3866	3866	1.0
3866	6415	0.5
3866	6416	0.5
3867	3867	1.0
3867	6417	0.5
3867	6418	0.5
3868	3868	1.0
3868	6417	0.5
3868	6418	0.5
3869	3869	1.0
3869	6419	0.5
3869	6420	0.5
3870	3870	1.0
3870	6419	0.5
3870	6420	0.5
3871	3871	1.0
3871	6421	0.5
3871	6422	0.5
3872	3872	1.0
3872	6421	0.5
3872	6422	0.5
3873	3873	1.0
3873	6423	0.5
3873	6424	0.5
3874	3874	1.0
3874	6423	0.5
3874	6424	0.5
3875	3875	1.0
3875	6425	0.5
3875	6426	0.5
3876	3876	1.0
3876	6425	0.5
3876	6426	0.5
3877	3877	1.0
3877	6427	0.5
3877	6428	0.5
3878	3878	1.0
3878	6427	0.5
3878	6428	0.5
3879	3879	1.0
3879	6429	0.5
3879	6430	0.5
3880	3880	1.0
3880	6429	0.5
3880	6430	0.5
3881	3881	1.0
3881	6431	0.5
3881	6432	0.5
3882	3882	1.0
3882	6431	0.5
3882	6432	0.5
3883	3883	1.0
3883	6433	0.5
3883	6434	0.5
3884	3884	1.0
3884	6433	0.5
3884	6434	0.5
3885	3885	1.0
3885	6435	0.5
3885	6436	0.5
3886	3886	1.0
3886	6435	0.5
3886	6436	0.5
3887	3887	1.0
3887	6437	0.5
3887	6438	0.5
3888	3888	1.0
3888	6437	0.5
3888	6438	0.5
3889	3889	1.0
3889	6439	0.5
3889	6440	0.5
3890	3890	1.0
3890	6439	0.5
3890	6440	0.5
3891	3891	1.0
3891	6441	0.5
3891	6442	0.5
3892	3892	1.0
3892	6441	0.5
3892	6442	0.5
3893	3893	1.0
3893	6443	0.5
3893	6444	0.5
3894	3894	1.0
3894	6443	0.5
3894	6444	0.5
3895	3895	1.0
3895	6445	0.5
3895	6446	0.5
3896	3896	1.0
3896	6445	0.5
3896	6446	0.5
3897	3897	1.0
3897	6447	0.5
3897	6448	0.5
3898	3898	1.0
3898	6447	0.5
3898	6448	0.5
3899	3899	1.0
3899	6449	0.5
3899	6450	0.5
3900	3900	1.0
3900	6449	0.5
3900	6450	0.5
3901	3901	1.0
3901	6451	0.5
3901	6452	0.5
3902	3902	1.0
3902	6451	0.5
3902	6452	0.5
3903	3903	1.0
3903	6453	0.5
3903	6454	0.5
3904	3904	1.0
3904	6453	0.5
3904	6454	0.5
3905	3905	1.0
3905	6455	0.5
3905	6456	0.5
3906	3906	1.0
3906	6455	0.5
3906	6456	0.5
3907	3907	1.0
3907	6457	0.5
3907	6458	0.5
3908	3908	1.0
3908	6457	0.5
3908	6458	0.5
3909	3909	1.0
3909	6459	0.5
3909	6460	0.5
3910	3910	1.0
3910	6459	0.5
3910	6460	0.5
3911	3911	1.0
3911	6461	0.5
3911	6462	0.5
3912	3912	1.0
3912	6461	0.5
3912	6462	0.5
3913	3913	1.0
3913	6463	0.5
3913	6464	0.5
3914	3914	1.0
3914	6463	0.5
3914	6464	0.5
3915	3915	1.0
3915	6465	0.5
3915	6466	0.5
3916	3916	1.0
3916	6465	0.5
3916	6466	0.5
3917	3917	1.0
3917	6467	0.5
3917	6468	0.5
3918	3918	1.0
3918	6467	0.5
3918	6468	0.5
3919	3919	1.0
3919	6469	0.5
3919	6470	0.5
3920	3920	1.0
3920	6469	0.5
3920	6470	0.5
3921	3921	1.0
3921	6471	0.5
3921	6472	0.5
3922	3922	1.0
3922	6471	0.5
3922	6472	0.5
3923	3923	1.0
3923	6473	0.5
3923	6474	0.5
3924	3924	1.0
3924	6473	0.5
3924	6474	0.5
3925	3925	1.0
3925	6475	0.5
3925	6476	0.5
3926	3926	1.0
3926	6475	0.5
3926	6476	0.5
3927	3927	1.0
3927	6477	0.5
3927	6478	0.5
3928	3928	1.0
3928	6477	0.5
3928	6478	0.5
3929	3929	1.0
3929	6479	0.5
3929	6480	0.5
3930	3930	1.0
3930	6479	0.5
3930	6480	0.5
3931	3931	1.0
3931	6481	0.5
3931	6482	0.5
3932	3932	1.0
3932	6481	0.5
3932	6482	0.5
3933	3933	1.0
3933	6483	0.5
3933	6484	0.5
3934	3934	1.0
3934	6483	0.5
3934	6484	0.5
3935	3935	1.0
3935	6485	0.5
3935	6486	0.5
3936	3936	1.0
3936	6485	0.5
3936	6486	0.5
3937	3937	1.0
3937	6487	0.5
3937	6488	0.5
3938	3938	1.0
3938	6487	0.5
3938	6488	0.5
3939	3939	1.0
3939	6489	0.5
3939	6490	0.5
3940	3940	1.0
3940	6489	0.5
3940	6490	0.5
3941	3941	1.0
3941	6491	0.5
3941	6492	0.5
3942	3942	1.0
3942	6491	0.5
3942	6492	0.5
3943	3943	1.0
3943	6493	0.5
3943	6494	0.5
3944	3944	1.0
3944	6493	0.5
3944	6494	0.5
3945	3945	1.0
3945	6495	0.5
3945	6496	0.5
3946	3946	1.0
3946	6495	0.5
3946	6496	0.5
3947	3947	1.0
3947	6497	0.5
3947	6498	0.5
3948	3948	1.0
3948	6497	0.5
3948	6498	0.5
3949	3949	1.0
3949	6499	0.5
3949	6500	0.5
3950	3950	1.0
3950	6499	0.5
3950	6500	0.5
3951	3951	1.0
3951	6501	0.5
3951	6502	0.5
3952	3952	1.0
3952	6501	0.5
3952	6502	0.5
3953	3953	1.0
3953	6503	0.5
3953	6504	0.5
3954	3954	1.0
3954	6503	0.5
3954	6504	0.5
3955	3955	1.0
3955	6505	0.5
3955	6506	0.5
3956	3956	1.0
3956	6505	0.5
3956	6506	0.5
3957	3957	1.0
3957	6507	0.5
3957	6508	0.5
3958	3958	1.0
3958	6507	0.5
3958	6508	0.5
3959	3959	1.0
3959	6509	0.5
3959	6510	0.5
3960	3960	1.0
3960	6509	0.5
3960	6510	0.5
3961	3961	1.0
3961	6511	0.5
3961	6512	0.5
3962	3962	1.0
3962	6511	0.5
3962	6512	0.5
3963	3963	1.0
3963	6513	0.5
3963	6514	0.5
3964	3964	1.0
3964	6513	0.5
3964	6514	0.5
3965	3965	1.0
3965	6515	0.5
3965	6516	0.5
3966	3966	1.0
3966	6515	0.5
3966	6516	0.5
3967	3967	1.0
3967	6517	0.5
3967	6518	0.5
3968	3968	1.0
3968	6517	0.5
3968	6518	0.5
3969	3969	1.0
3969	6519	0.5
3969	6520	0.5
3970	3970	1.0
3970	6519	0.5
3970	6520	0.5
3971	3971	1.0
3971	6521	0.5
3971	6522	0.5
3972	3972	1.0
3972	6521	0.5
3972	6522	0.5
3973	3973	1.0
3973	6523	0.5
3973	6524	0.5
3974	3974	1.0
3974	6523	0.5
3974	6524	0.5
3975	3975	1.0
3975	6525	0.5
3975	6526	0.5
3976	3976	1.0
3976	6525	0.5
3976	6526	0.5
3977	3977	1.0
3977	6527	0.5
3977	6528	0.5
3978	3978	1.0
3978	6527	0.5
3978	6528	0.5
3979	3979	1.0
3979	6529	0.5
3979	6530	0.5
3980	3980	1.0
3980	6529	0.5
3980	6530	0.5
3981	3981	1.0
3981	6531	0.5
3981	6532	0.5
3982	3982	1.0
3982	6531	0.5
3982	6532	0.5
3983	3983	1.0
3983	6533	0.5
3983	6534	0.5
3984	3984	1.0
3984	6533	0.5
3984	6534	0.5
3985	3985	1.0
3985	6535	0.5
3985	6536	0.5
3986	3986	1.0
3986	6535	0.5
3986	6536	0.5
3987	3987	1.0
3987	6537	0.5
3987	6538	0.5
3988	3988	1.0
3988	6537	0.5
3988	6538	0.5
3989	3989	1.0
3989	6539	0.5
3989	6540	0.5
3990	3990	1.0
3990	6539	0.5
3990	6540	0.5
3991	3991	1.0
3991	6541	0.5
3991	6542	0.5
3992	3992	1.0
3992	6541	0.5
3992	6542	0.5
3993	3993	1.0
3993	6543	0.5
3993	6544	0.5
3994	3994	1.0
3994	6543	0.5
3994	6544	0.5
3995	3995	1.0
3995	6545	0.5
3995	6546	0.5
3996	3996	1.0
3996	6545	0.5
3996	6546	0.5
3997	3997	1.0
3997	6547	0.5
3997	6548	0.5
3998	3998	1.0
3998	6547	0.5
3998	6548	0.5
3999	3999	1.0
3999	6549	0.5
3999	6550	0.5
4000	4000	1.0
4000	6549	0.5
4000	6550	0.5
4001	4001	1.0
4001	6551	0.5
4001	6552	0.5
4002	4002	1.0
4002	6551	0.5
4002	6552	0.5
4003	4003	1.0
4003	6553	0.5
4003	6554	0.5
4004	4004	1.0
4004	6553	0.5
4004	6554	0.5
4005	4005	1.0
4005	6555	0.5
4005	6556	0.5
4006	4006	1.0
4006	6555	0.5
4006	6556	0.5
4007	4007	1.0
4007	6557	0.5
4007	6558	0.5
4008	4008	1.0
4008	6557	0.5
4008	6558	0.5
4009	4009	1.0
4009	6559	0.5
4009	6560	0.5
4010	4010	1.0
4010	6559	0.5
4010	6560	0.5
4011	4011	1.0
4011	6561	0.5
4011	6562	0.5
4012	4012	1.0
4012	6561	0.5
4012	6562	0.5
4013	4013	1.0
4013	6563	0.5
4013	6564	0.5
4014	4014	1.0
4014	6563	0.5
4014	6564	0.5
4015	4015	1.0
4015	6565	0.5
4015	6566	0.5
4016	4016	1.0
4016	6565	0.5
4016	6566	0.5
4017	4017	1.0
4017	6567	0.5
4017	6568	0.5
4018	4018	1.0
4018	6567	0.5
4018	6568	0.5
4019	4019	1.0
4019	6569	0.5
4019	6570	0.5
4020	4020	1.0
4020	6569	0.5
4020	6570	0.5
4021	4021	1.0
4021	6571	0.5
4021	6572	0.5
4022	4022	1.0
4022	6571	0.5
4022	6572	0.5
4023	4023	1.0
4023	6573	0.5
4023	6574	0.5
4024	4024	1.0
4024	6573	0.5
4024	6574	0.5
4025	4025	1.0
4025	6575	0.5
4025	6576	0.5
4026	4026	1.0
4026	6575	0.5
4026	6576	0.5
4027	4027	1.0
4027	6577	0.5
4027	6578	0.5
4028	4028	1.0
4028	6577	0.5
4028	6578	0.5
4029	4029	1.0
4029	6579	0.5
4029	6580	0.5
4030	4030	1.0
4030	6579	0.5
4030	6580	0.5
4031	4031	1.0
4031	6581	0.5
4031	6582	0.5
4032	4032	1.0
4032	6581	0.5
4032	6582	0.5
4033	4033	1.0
4033	6583	0.5
4033	6584	0.5
4034	4034	1.0
4034	6583	0.5
4034	6584	0.5
4035	4035	1.0
4035	6585	0.5
4035	6586	0.5
4036	4036	1.0
4036	6585	0.5
4036	6586	0.5
4037	4037	1.0
4037	6587	0.5
4037	6588	0.5
4038	4038	1.0
4038	6587	0.5
4038	6588	0.5
4039	4039	1.0
4039	6589	0.5
4039	6590	0.5
4040	4040	1.0
4040	6589	0.5
4040	6590	0.5
4041	4041	1.0
4041	6591	0.5
4041	6592	0.5
4042	4042	1.0
4042	6591	0.5
4042	6592	0.5
4043	4043	1.0
4043	6593	0.5
4043	6594	0.5
4044	4044	1.0
4044	6593	0.5
4044	6594	0.5
4045	4045	1.0
4045	6595	0.5
4045	6596	0.5
4046	4046	1.0
4046	6595	0.5
4046	6596	0.5
4047	4047	1.0
4047	6597	0.5
4047	6598	0.5
4048	4048	1.0
4048	6597	0.5
4048	6598	0.5
4049	4049	1.0
4049	6599	0.5
4049	6600	0.5
4050	4050	1.0
4050	6599	0.5
4050	6600	0.5
4051	4051	1.0
4051	6601	0.5
4051	6602	0.5
4052	4052	1.0
4052	6601	0.5
4052	6602	0.5
4053	4053	1.0
4053	6603	0.5
4053	6604	0.5
4054	4054	1.0
4054	6603	0.5
4054	6604	0.5
4055	4055	1.0
4055	6605	0.5
4055	6606	0.5
4056	4056	1.0
4056	6605	0.5
4056	6606	0.5
4057	4057	1.0
4057	6607	0.5
4057	6608	0.5
4058	4058	1.0
4058	6607	0.5
4058	6608	0.5
4059	4059	1.0
4059	6609	0.5
4059	6610	0.5
4060	4060	1.0
4060	6609	0.5
4060	6610	0.5
4061	4061	1.0
4061	6611	0.5
4061	6612	0.5
4062	4062	1.0
4062	6611	0.5
4062	6612	0.5
4063	4063	1.0
4063	6613	0.5
4063	6614	0.5
4064	4064	1.0
4064	6613	0.5
4064	6614	0.5
4065	4065	1.0
4065	6615	0.5
4065	6616	0.5
4066	4066	1.0
4066	6615	0.5
4066	6616	0.5
4067	4067	1.0
4067	6617	0.5
4067	6618	0.5
4068	4068	1.0
4068	6617	0.5
4068	6618	0.5
4069	4069	1.0
4069	6619	0.5
4069	6620	0.5
4070	4070	1.0
4070	6619	0.5
4070	6620	0.5
4071	4071	1.0
4071	6621	0.5
4071	6622	0.5
4072	4072	1.0
4072	6621	0.5
4072	6622	0.5
4073	4073	1.0
4073	6623	0.5
4073	6624	0.5
4074	4074	1.0
4074	6623	0.5
4074	6624	0.5
4075	4075	1.0
4075	6625	0.5
4075	6626	0.5
4076	4076	1.0
4076	6625	0.5
4076	6626	0.5
4077	4077	1.0
4077	6627	0.5
4077	6628	0.5
4078	4078	1.0
4078	6627	0.5
4078	6628	0.5
4079	4079	1.0
4079	6629	0.5
4079	6630	0.5
4080	4080	1.0
4080	6629	0.5
4080	6630	0.5
4081	4081	1.0
4081	6631	0.5
4081	6632	0.5
4082	4082	1.0
4082	6631	0.5
4082	6632	0.5
4083	4083	1.0
4083	6633	0.5
4083	6634	0.5
4084	4084	1.0
4084	6633	0.5
4084	6634	0.5
4085	4085	1.0
4085	6635	0.5
4085	6636	0.5
4086	4086	1.0
4086	6635	0.5
4086	6636	0.5
4087	4087	1.0
4087	6637	0.5
4087	6638	0.5
4088	4088	1.0
4088	6637	0.5
4088	6638	0.5
4089	4089	1.0
4089	6639	0.5
4089	6640	0.5
4090	4090	1.0
4090	6639	0.5
4090	6640	0.5
4091	4091	1.0
4091	6641	0.5
4091	6642	0.5
4092	4092	1.0
4092	6641	0.5
4092	6642	0.5
4093	4093	1.0
4093	6643	0.5
4093	6644	0.5
4094	4094	1.0
4094	6643	0.5
4094	6644	0.5
4095	4095	1.0
4095	6645	0.5
4095	6646	0.5
4096	4096	1.0
4096	6645	0.5
4096	6646	0.5
4097	4097	1.0
4097	6647	0.5
4097	6648	0.5
4098	4098	1.0
4098	6647	0.5
4098	6648	0.5
4099	4099	1.0
4099	6649	0.5
4099	6650	0.5
4100	4100	1.0
4100	6649	0.5
4100	6650	0.5
4101	4101	1.0
4101	6651	0.5
4101	6652	0.5
4102	4102	1.0
4102	6651	0.5
4102	6652	0.5
4103	4103	1.0
4103	6653	0.5
4103	6654	0.5
4104	4104	1.0
4104	6653	0.5
4104	6654	0.5
4105	4105	1.0
4105	6655	0.5
4105	6656	0.5
4106	4106	1.0
4106	6655	0.5
4106	6656	0.5
4107	4107	1.0
4107	6657	0.5
4107	6658	0.5
4108	4108	1.0
4108	6657	0.5
4108	6658	0.5
4109	4109	1.0
4109	6659	0.5
4109	6660	0.5
4110	4110	1.0
4110	6659	0.5
4110	6660	0.5
4111	4111	1.0
4111	6661	0.5
4111	6662	0.5
4112	4112	1.0
4112	6661	0.5
4112	6662	0.5
4113	4113	1.0
4113	6663	0.5
4113	6664	0.5
4114	4114	1.0
4114	6663	0.5
4114	6664	0.5
4115	4115	1.0
4115	6665	0.5
4115	6666	0.5
4116	4116	1.0
4116	6665	0.5
4116	6666	0.5
4117	4117	1.0
4117	6667	0.5
4117	6668	0.5
4118	4118	1.0
4118	6667	0.5
4118	6668	0.5
4119	4119	1.0
4119	6669	0.5
4119	6670	0.5
4120	4120	1.0
4120	6669	0.5
4120	6670	0.5
4121	4121	1.0
4121	6671	0.5
4121	6672	0.5
4122	4122	1.0
4122	6671	0.5
4122	6672	0.5
4123	4123	1.0
4123	6673	0.5
4123	6674	0.5
4124	4124	1.0
4124	6673	0.5
4124	6674	0.5
4125	4125	1.0
4125	6675	0.5
4125	6676	0.5
4126	4126	1.0
4126	6675	0.5
4126	6676	0.5
4127	4127	1.0
4127	6677	0.5
4127	6678	0.5
4128	4128	1.0
4128	6677	0.5
4128	6678	0.5
4129	4129	1.0
4129	6679	0.5
4129	6680	0.5
4130	4130	1.0
4130	6679	0.5
4130	6680	0.5
4131	4131	1.0
4131	6681	0.5
4131	6682	0.5
4132	4132	1.0
4132	6681	0.5
4132	6682	0.5
4133	4133	1.0
4133	6683	0.5
4133	6684	0.5
4134	4134	1.0
4134	6683	0.5
4134	6684	0.5
4135	4135	1.0
4135	6685	0.5
4135	6686	0.5
4136	4136	1.0
4136	6685	0.5
4136	6686	0.5
4137	4137	1.0
4137	6687	0.5
4137	6688	0.5
4138	4138	1.0
4138	6687	0.5
4138	6688	0.5
4139	4139	1.0
4139	6689	0.5
4139	6690	0.5
4140	4140	1.0
4140	6689	0.5
4140	6690	0.5
4141	4141	1.0
4141	6691	0.5
4141	6692	0.5
4142	4142	1.0
4142	6691	0.5
4142	6692	0.5
4143	4143	1.0
4143	6693	0.5
4143	6694	0.5
4144	4144	1.0
4144	6693	0.5
4144	6694	0.5
4145	4145	1.0
4145	6695	0.5
4145	6696	0.5
4146	4146	1.0
4146	6695	0.5
4146	6696	0.5
4147	4147	1.0
4147	6697	0.5
4147	6698	0.5
4148	4148	1.0
4148	6697	0.5
4148	6698	0.5
4149	4149	1.0
4149	6699	0.5
4149	6700	0.5
4150	4150	1.0
4150	6699	0.5
4150	6700	0.5
4151	4151	1.0
4151	6701	0.5
4151	6702	0.5
4152	4152	1.0
4152	6701	0.5
4152	6702	0.5
4153	4153	1.0
4153	6703	0.5
4153	6704	0.5
4154	4154	1.0
4154	6703	0.5
4154	6704	0.5
4155	4155	1.0
4155	6705	0.5
4155	6706	0.5
4156	4156	1.0
4156	6705	0.5
4156	6706	0.5
4157	4157	1.0
4157	6707	0.5
4157	6708	0.5
4158	4158	1.0
4158	6707	0.5
4158	6708	0.5
4159	4159	1.0
4159	6709	0.5
4159	6710	0.5
4160	4160	1.0
4160	6709	0.5
4160	6710	0.5
4161	4161	1.0
4161	6711	0.5
4161	6712	0.5
4162	4162	1.0
4162	6711	0.5
4162	6712	0.5
4163	4163	1.0
4163	6713	0.5
4163	6714	0.5
4164	4164	1.0
4164	6713	0.5
4164	6714	0.5
4165	4165	1.0
4165	6715	0.5
4165	6716	0.5
4166	4166	1.0
4166	6715	0.5
4166	6716	0.5
4167	4167	1.0
4167	6717	0.5
4167	6718	0.5
4168	4168	1.0
4168	6717	0.5
4168	6718	0.5
4169	4169	1.0
4169	6719	0.5
4169	6720	0.5
4170	4170	1.0
4170	6719	0.5
4170	6720	0.5
4171	4171	1.0
4171	6721	0.5
4171	6722	0.5
4172	4172	1.0
4172	6721	0.5
4172	6722	0.5
4173	4173	1.0
4173	6723	0.5
4173	6724	0.5
4174	4174	1.0
4174	6723	0.5
4174	6724	0.5
4175	4175	1.0
4175	6725	0.5
4175	6726	0.5
4176	4176	1.0
4176	6725	0.5
4176	6726	0.5
4177	4177	1.0
4177	6727	0.5
4177	6728	0.5
4178	4178	1.0
4178	6727	0.5
4178	6728	0.5
4179	4179	1.0
4179	6729	0.5
4179	6730	0.5
4180	4180	1.0
4180	6729	0.5
4180	6730	0.5
4181	4181	1.0
4181	6731	0.5
4181	6732	0.5
4182	4182	1.0
4182	6731	0.5
4182	6732	0.5
4183	4183	1.0
4183	6733	0.5
4183	6734	0.5
4184	4184	1.0
4184	6733	0.5
4184	6734	0.5
4185	4185	1.0
4185	6735	0.5
4185	6736	0.5
4186	4186	1.0
4186	6735	0.5
4186	6736	0.5
4187	4187	1.0
4187	6737	0.5
4187	6738	0.5
4188	4188	1.0
4188	6737	0.5
4188	6738	0.5
4189	4189	1.0
4189	6739	0.5
4189	6740	0.5
4190	4190	1.0
4190	6739	0.5
4190	6740	0.5
4191	4191	1.0
4191	6741	0.5
4191	6742	0.5
4192	4192	1.0
4192	6741	0.5
4192	6742	0.5
4193	4193	1.0
4193	6743	0.5
4193	6744	0.5
4194	4194	1.0
4194	6743	0.5
4194	6744	0.5
4195	4195	1.0
4195	6745	0.5
4195	6746	0.5
4196	4196	1.0
4196	6745	0.5
4196	6746	0.5
4197	4197	1.0
4197	6747	0.5
4197	6748	0.5
4198	4198	1.0
4198	6747	0.5
4198	6748	0.5
4199	4199	1.0
4199	6749	0.5
4199	6750	0.5
4200	4200	1.0
4200	6749	0.5
4200	6750	0.5
4201	4201	1.0
4201	6751	0.5
4201	6752	0.5
4202	4202	1.0
4202	6751	0.5
4202	6752	0.5
4203	4203	1.0
4203	6753	0.5
4203	6754	0.5
4204	4204	1.0
4204	6753	0.5
4204	6754	0.5
4205	4205	1.0
4205	6755	0.5
4205	6756	0.5
4206	4206	1.0
4206	6755	0.5
4206	6756	0.5
4207	4207	1.0
4207	6757	0.5
4207	6758	0.5
4208	4208	1.0
4208	6757	0.5
4208	6758	0.5
4209	4209	1.0
4209	6759	0.5
4209	6760	0.5
4210	4210	1.0
4210	6759	0.5
4210	6760	0.5
4211	4211	1.0
4211	6761	0.5
4211	6762	0.5
4212	4212	1.0
4212	6761	0.5
4212	6762	0.5
4213	4213	1.0
4213	6763	0.5
4213	6764	0.5
4214	4214	1.0
4214	6763	0.5
4214	6764	0.5
4215	4215	1.0
4215	6765	0.5
4215	6766	0.5
4216	4216	1.0
4216	6765	0.5
4216	6766	0.5
4217	4217	1.0
4217	6767	0.5
4217	6768	0.5
4218	4218	1.0
4218	6767	0.5
4218	6768	0.5
4219	4219	1.0
4219	6769	0.5
4219	6770	0.5
4220	4220	1.0
4220	6769	0.5
4220	6770	0.5
4221	4221	1.0
4221	6771	0.5
4221	6772	0.5
4222	4222	1.0
4222	6771	0.5
4222	6772	0.5
4223	4223	1.0
4223	6773	0.5
4223	6774	0.5
4224	4224	1.0
4224	6773	0.5
4224	6774	0.5
4225	4225	1.0
4225	6775	0.5
4225	6776	0.5
4226	4226	1.0
4226	6775	0.5
4226	6776	0.5
4227	4227	1.0
4227	6777	0.5
4227	6778	0.5
4228	4228	1.0
4228	6777	0.5
4228	6778	0.5
4229	4229	1.0
4229	6779	0.5
4229	6780	0.5
4230	4230	1.0
4230	6779	0.5
4230	6780	0.5
4231	4231	1.0
4231	6781	0.5
4231	6782	0.5
4232	4232	1.0
4232	6781	0.5
4232	6782	0.5
4233	4233	1.0
4233	6783	0.5
4233	6784	0.5
4234	4234	1.0
4234	6783	0.5
4234	6784	0.5
4235	4235	1.0
4235	6785	0.5
4235	6786	0.5
4236	4236	1.0
4236	6785	0.5
4236	6786	0.5
4237	4237	1.0
4237	6787	0.5
4237	6788	0.5
4238	4238	1.0
4238	6787	0.5
4238	6788	0.5
4239	4239	1.0
4239	6789	0.5
4239	6790	0.5
4240	4240	1.0
4240	6789	0.5
4240	6790	0.5
4241	4241	1.0
4241	6791	0.5
4241	6792	0.5
4242	4242	1.0
4242	6791	0.5
4242	6792	0.5
4243	4243	1.0
4243	6793	0.5
4243	6794	0.5
4244	4244	1.0
4244	6793	0.5
4244	6794	0.5
4245	4245	1.0
4245	6795	0.5
4245	6796	0.5
4246	4246	1.0
4246	6795	0.5
4246	6796	0.5
4247	4247	1.0
4247	6797	0.5
4247	6798	0.5
4248	4248	1.0
4248	6797	0.5
4248	6798	0.5
4249	4249	1.0
4249	6799	0.5
4249	6800	0.5
4250	4250	1.0
4250	6799	0.5
4250	6800	0.5
4251	4251	1.0
4251	6801	0.5
4251	6802	0.5
4252	4252	1.0
4252	6801	0.5
4252	6802	0.5
4253	4253	1.0
4253	6803	0.5
4253	6804	0.5
4254	4254	1.0
4254	6803	0.5
4254	6804	0.5
4255	4255	1.0
4255	6805	0.5
4255	6806	0.5
4256	4256	1.0
4256	6805	0.5
4256	6806	0.5
4257	4257	1.0
4257	6807	0.5
4257	6808	0.5
4258	4258	1.0
4258	6807	0.5
4258	6808	0.5
4259	4259	1.0
4259	6809	0.5
4259	6810	0.5
4260	4260	1.0
4260	6809	0.5
4260	6810	0.5
4261	4261	1.0
4261	6811	0.5
4261	6812	0.5
4262	4262	1.0
4262	6811	0.5
4262	6812	0.5
4263	4263	1.0
4263	6813	0.5
4263	6814	0.5
4264	4264	1.0
4264	6813	0.5
4264	6814	0.5
4265	4265	1.0
4265	6815	0.5
4265	6816	0.5
4266	4266	1.0
4266	6815	0.5
4266	6816	0.5
4267	4267	1.0
4267	6817	0.5
4267	6818	0.5
4268	4268	1.0
4268	6817	0.5
4268	6818	0.5
4269	4269	1.0
4269	6819	0.5
4269	6820	0.5
4270	4270	1.0
4270	6819	0.5
4270	6820	0.5
4271	4271	1.0
4271	6821	0.5
4271	6822	0.5
4272	4272	1.0
4272	6821	0.5
4272	6822	0.5
4273	4273	1.0
4273	6823	0.5
4273	6824	0.5
4274	4274	1.0
4274	6823	0.5
4274	6824	0.5
4275	4275	1.0
4275	6825	0.5
4275	6826	0.5
4276	4276	1.0
4276	6825	0.5
4276	6826	0.5
4277	4277	1.0
4277	6827	0.5
4277	6828	0.5
4278	4278	1.0
4278	6827	0.5
4278	6828	0.5
4279	4279	1.0
4279	6829	0.5
4279	6830	0.5
4280	4280	1.0
4280	6829	0.5
4280	6830	0.5
4281	4281	1.0
4281	6831	0.5
4281	6832	0.5
4282	4282	1.0
4282	6831	0.5
4282	6832	0.5
4283	4283	1.0
4283	6833	0.5
4283	6834	0.5
4284	4284	1.0
4284	6833	0.5
4284	6834	0.5
4285	4285	1.0
4285	6835	0.5
4285	6836	0.5
4286	4286	1.0
4286	6835	0.5
4286	6836	0.5
4287	4287	1.0
4287	6837	0.5
4287	6838	0.5
4288	4288	1.0
4288	6837	0.5
4288	6838	0.5
4289	4289	1.0
4289	6839	0.5
4289	6840	0.5
4290	4290	1.0
4290	6839	0.5
4290	6840	0.5
4291	4291	1.0
4291	6841	0.5
4291	6842	0.5
4292	4292	1.0
4292	6841	0.5
4292	6842	0.5
4293	4293	1.0
4293	6843	0.5
4293	6844	0.5
4294	4294	1.0
4294	6843	0.5
4294	6844	0.5
4295	4295	1.0
4295	6845	0.5
4295	6846	0.5
4296	4296	1.0
4296	6845	0.5
4296	6846	0.5
4297	4297	1.0
4297	6847	0.5
4297	6848	0.5
4298	4298	1.0
4298	6847	0.5
4298	6848	0.5
4299	4299	1.0
4299	6849	0.5
4299	6850	0.5
4300	4300	1.0
4300	6849	0.5
4300	6850	0.5
4301	4301	1.0
4301	6851	0.5
4301	6852	0.5
4302	4302	1.0
4302	6851	0.5
4302	6852	0.5
4303	4303	1.0
4303	6853	0.5
4303	6854	0.5
4304	4304	1.0
4304	6853	0.5
4304	6854	0.5
4305	4305	1.0
4305	6855	0.5
4305	6856	0.5
4306	4306	1.0
4306	6855	0.5
4306	6856	0.5
4307	4307	1.0
4307	6857	0.5
4307	6858	0.5
4308	4308	1.0
4308	6857	0.5
4308	6858	0.5
4309	4309	1.0
4309	6859	0.5
4309	6860	0.5
4310	4310	1.0
4310	6859	0.5
4310	6860	0.5
4311	4311	1.0
4311	6861	0.5
4311	6862	0.5
4312	4312	1.0
4312	6861	0.5
4312	6862	0.5
4313	4313	1.0
4313	6863	0.5
4313	6864	0.5
4314	4314	1.0
4314	6863	0.5
4314	6864	0.5
4315	4315	1.0
4315	6865	0.5
4315	6866	0.5
4316	4316	1.0
4316	6865	0.5
4316	6866	0.5
4317	4317	1.0
4317	6867	0.5
4317	6868	0.5
4318	4318	1.0
4318	6867	0.5
4318	6868	0.5
4319	4319	1.0
4319	6869	0.5
4319	6870	0.5
4320	4320	1.0
4320	6869	0.5
4320	6870	0.5
4321	4321	1.0
4321	6871	0.5
4321	6872	0.5
4322	4322	1.0
4322	6871	0.5
4322	6872	0.5
4323	4323	1.0
4323	6873	0.5
4323	6874	0.5
4324	4324	1.0
4324	6873	0.5
4324	6874	0.5
4325	4325	1.0
4325	6875	0.5
4325	6876	0.5
4326	4326	1.0
4326	6875	0.5
4326	6876	0.5
4327	4327	1.0
4327	6877	0.5
4327	6878	0.5
4328	4328	1.0
4328	6877	0.5
4328	6878	0.5
4329	4329	1.0
4329	6879	0.5
4329	6880	0.5
4330	4330	1.0
4330	6879	0.5
4330	6880	0.5
4331	4331	1.0
4331	6881	0.5
4331	6882	0.5
4332	4332	1.0
4332	6881	0.5
4332	6882	0.5
4333	4333	1.0
4333	6883	0.5
4333	6884	0.5
4334	4334	1.0
4334	6883	0.5
4334	6884	0.5
4335	4335	1.0
4335	6885	0.5
4335	6886	0.5
4336	4336	1.0
4336	6885	0.5
4336	6886	0.5
4337	4337	1.0
4337	6887	0.5
4337	6888	0.5
4338	4338	1.0
4338	6887	0.5
4338	6888	0.5
4339	4339	1.0
4339	6889	0.5
4339	6890	0.5
4340	4340	1.0
4340	6889	0.5
4340	6890	0.5
4341	4341	1.0
4341	6891	0.5
4341	6892	0.5
4342	4342	1.0
4342	6891	0.5
4342	6892	0.5
4343	4343	1.0
4343	6893	0.5
4343	6894	0.5
4344	4344	1.0
4344	6893	0.5
4344	6894	0.5
4345	4345	1.0
4345	6895	0.5
4345	6896	0.5
4346	4346	1.0
4346	6895	0.5
4346	6896	0.5
4347	4347	1.0
4347	6897	0.5
4347	6898	0.5
4348	4348	1.0
4348	6897	0.5
4348	6898	0.5
4349	4349	1.0
4349	6899	0.5
4349	6900	0.5
4350	4350	1.0
4350	6899	0.5
4350	6900	0.5
4351	4351	1.0
4351	6901	0.5
4351	6902	0.5
4352	4352	1.0
4352	6901	0.5
4352	6902	0.5
4353	4353	1.0
4353	6903	0.5
4353	6904	0.5
4354	4354	1.0
4354	6903	0.5
4354	6904	0.5
4355	4355	1.0
4355	6905	0.5
4355	6906	0.5
4356	4356	1.0
4356	6905	0.5
4356	6906	0.5
4357	4357	1.0
4357	6907	0.5
4357	6908	0.5
4358	4358	1.0
4358	6907	0.5
4358	6908	0.5
4359	4359	1.0
4359	6909	0.5
4359	6910	0.5
4360	4360	1.0
4360	6909	0.5
4360	6910	0.5
4361	4361	1.0
4361	6911	0.5
4361	6912	0.5
4362	4362	1.0
4362	6911	0.5
4362	6912	0.5
4363	4363	1.0
4363	6913	0.5
4363	6914	0.5
4364	4364	1.0
4364	6913	0.5
4364	6914	0.5
4365	4365	1.0
4365	6915	0.5
4365	6916	0.5
4366	4366	1.0
4366	6915	0.5
4366	6916	0.5
4367	4367	1.0
4367	6917	0.5
4367	6918	0.5
4368	4368	1.0
4368	6917	0.5
4368	6918	0.5
4369	4369	1.0
4369	6919	0.5
4369	6920	0.5
4370	4370	1.0
4370	6919	0.5
4370	6920	0.5
4371	4371	1.0
4371	6921	0.5
4371	6922	0.5
4372	4372	1.0
4372	6921	0.5
4372	6922	0.5
4373	4373	1.0
4373	6923	0.5
4373	6924	0.5
4374	4374	1.0
4374	6923	0.5
4374	6924	0.5
4375	4375	1.0
4375	6925	0.5
4375	6926	0.5
4376	4376	1.0
4376	6925	0.5
4376	6926	0.5
4377	4377	1.0
4377	6927	0.5
4377	6928	0.5
4378	4378	1.0
4378	6927	0.5
4378	6928	0.5
4379	4379	1.0
4379	6929	0.5
4379	6930	0.5
4380	4380	1.0
4380	6929	0.5
4380	6930	0.5
4381	4381	1.0
4381	6931	0.5
4381	6932	0.5
4382	4382	1.0
4382	6931	0.5
4382	6932	0.5
4383	4383	1.0
4383	6933	0.5
4383	6934	0.5
4384	4384	1.0
4384	6933	0.5
4384	6934	0.5
4385	4385	1.0
4385	6935	0.5
4385	6936	0.5
4386	4386	1.0
4386	6935	0.5
4386	6936	0.5
4387	4387	1.0
4387	6937	0.5
4387	6938	0.5
4388	4388	1.0
4388	6937	0.5
4388	6938	0.5
4389	4389	1.0
4389	6939	0.5
4389	6940	0.5
4390	4390	1.0
4390	6939	0.5
4390	6940	0.5
4391	4391	1.0
4391	6941	0.5
4391	6942	0.5
4392	4392	1.0
4392	6941	0.5
4392	6942	0.5
4393	4393	1.0
4393	6943	0.5
4393	6944	0.5
4394	4394	1.0
4394	6943	0.5
4394	6944	0.5
4395	4395	1.0
4395	6945	0.5
4395	6946	0.5
4396	4396	1.0
4396	6945	0.5
4396	6946	0.5
4397	4397	1.0
4397	6947	0.5
4397	6948	0.5
4398	4398	1.0
4398	6947	0.5
4398	6948	0.5
4399	4399	1.0
4399	6949	0.5
4399	6950	0.5
4400	4400	1.0
4400	6949	0.5
4400	6950	0.5
4401	4401	1.0
4401	6951	0.5
4401	6952	0.5
4402	4402	1.0
4402	6951	0.5
4402	6952	0.5
4403	4403	1.0
4403	6953	0.5
4403	6954	0.5
4404	4404	1.0
4404	6953	0.5
4404	6954	0.5
4405	4405	1.0
4405	6955	0.5
4405	6956	0.5
4406	4406	1.0
4406	6955	0.5
4406	6956	0.5
4407	4407	1.0
4407	6957	0.5
4407	6958	0.5
4408	4408	1.0
4408	6957	0.5
4408	6958	0.5
4409	4409	1.0
4409	6959	0.5
4409	6960	0.5
4410	4410	1.0
4410	6959	0.5
4410	6960	0.5
4411	4411	1.0
4411	6961	0.5
4411	6962	0.5
4412	4412	1.0
4412	6961	0.5
4412	6962	0.5
4413	4413	1.0
4413	6963	0.5
4413	6964	0.5
4414	4414	1.0
4414	6963	0.5
4414	6964	0.5
4415	4415	1.0
4415	6965	0.5
4415	6966	0.5
4416	4416	1.0
4416	6965	0.5
4416	6966	0.5
4417	4417	1.0
4417	6967	0.5
4417	6968	0.5
4418	4418	1.0
4418	6967	0.5
4418	6968	0.5
4419	4419	1.0
4419	6969	0.5
4419	6970	0.5
4420	4420	1.0
4420	6969	0.5
4420	6970	0.5
4421	4421	1.0
4421	6971	0.5
4421	6972	0.5
4422	4422	1.0
4422	6971	0.5
4422	6972	0.5
4423	4423	1.0
4423	6973	0.5
4423	6974	0.5
4424	4424	1.0
4424	6973	0.5
4424	6974	0.5
4425	4425	1.0
4425	6975	0.5
4425	6976	0.5
4426	4426	1.0
4426	6975	0.5
4426	6976	0.5
4427	4427	1.0
4427	6977	0.5
4427	6978	0.5
4428	4428	1.0
4428	6977	0.5
4428	6978	0.5
4429	4429	1.0
4429	6979	0.5
4429	6980	0.5
4430	4430	1.0
4430	6979	0.5
4430	6980	0.5
4431	4431	1.0
4431	6981	0.5
4431	6982	0.5
4432	4432	1.0
4432	6981	0.5
4432	6982	0.5
4433	4433	1.0
4433	6983	0.5
4433	6984	0.5
4434	4434	1.0
4434	6983	0.5
4434	6984	0.5
4435	4435	1.0
4435	6985	0.5
4435	6986	0.5
4436	4436	1.0
4436	6985	0.5
4436	6986	0.5
4437	4437	1.0
4437	6987	0.5
4437	6988	0.5
4438	4438	1.0
4438	6987	0.5
4438	6988	0.5
4439	4439	1.0
4439	6989	0.5
4439	6990	0.5
4440	4440	1.0
4440	6989	0.5
4440	6990	0.5
4441	4441	1.0
4441	6991	0.5
4441	6992	0.5
4442	4442	1.0
4442	6991	0.5
4442	6992	0.5
4443	4443	1.0
4443	6993	0.5
4443	6994	0.5
4444	4444	1.0
4444	6993	0.5
4444	6994	0.5
4445	4445	1.0
4445	6995	0.5
4445	6996	0.5
4446	4446	1.0
4446	6995	0.5
4446	6996	0.5
4447	4447	1.0
4447	6997	0.5
4447	6998	0.5
4448	4448	1.0
4448	6997	0.5
4448	6998	0.5
4449	4449	1.0
4449	6999	0.5
4449	7000	0.5
4450	4450	1.0
4450	6999	0.5
4450	7000	0.5
4451	4451	1.0
4451	7001	0.5
4451	7002	0.5
4452	4452	1.0
4452	7001	0.5
4452	7002	0.5
4453	4453	1.0
4453	7003	0.5
4453	7004	0.5
4454	4454	1.0
4454	7003	0.5
4454	7004	0.5
4455	4455	1.0
4455	7005	0.5
4455	7006	0.5
4456	4456	1.0
4456	7005	0.5
4456	7006	0.5
4457	4457	1.0
4457	7007	0.5
4457	7008	0.5
4458	4458	1.0
4458	7007	0.5
4458	7008	0.5
4459	4459	1.0
4459	7009	0.5
4459	7010	0.5
4460	4460	1.0
4460	7009	0.5
4460	7010	0.5
4461	4461	1.0
4461	7011	0.5
4461	7012	0.5
4462	4462	1.0
4462	7011	0.5
4462	7012	0.5
4463	4463	1.0
4463	7013	0.5
4463	7014	0.5
4464	4464	1.0
4464	7013	0.5
4464	7014	0.5
4465	4465	1.0
4465	7015	0.5
4465	7016	0.5
4466	4466	1.0
4466	7015	0.5
4466	7016	0.5
4467	4467	1.0
4467	7017	0.5
4467	7018	0.5
4468	4468	1.0
4468	7017	0.5
4468	7018	0.5
4469	4469	1.0
4469	7019	0.5
4469	7020	0.5
4470	4470	1.0
4470	7019	0.5
4470	7020	0.5
4471	4471	1.0
4471	7021	0.5
4471	7022	0.5
4472	4472	1.0
4472	7021	0.5
4472	7022	0.5
4473	4473	1.0
4473	7023	0.5
4473	7024	0.5
4474	4474	1.0
4474	7023	0.5
4474	7024	0.5
4475	4475	1.0
4475	7025	0.5
4475	7026	0.5
4476	4476	1.0
4476	7025	0.5
4476	7026	0.5
4477	4477	1.0
4477	7027	0.5
4477	7028	0.5
4478	4478	1.0
4478	7027	0.5
4478	7028	0.5
4479	4479	1.0
4479	7029	0.5
4479	7030	0.5
4480	4480	1.0
4480	7029	0.5
4480	7030	0.5
4481	4481	1.0
4481	7031	0.5
4481	7032	0.5
4482	4482	1.0
4482	7031	0.5
4482	7032	0.5
4483	4483	1.0
4483	7033	0.5
4483	7034	0.5
4484	4484	1.0
4484	7033	0.5
4484	7034	0.5
4485	4485	1.0
4485	7035	0.5
4485	7036	0.5
4486	4486	1.0
4486	7035	0.5
4486	7036	0.5
4487	4487	1.0
4487	7037	0.5
4487	7038	0.5
4488	4488	1.0
4488	7037	0.5
4488	7038	0.5
4489	4489	1.0
4489	7039	0.5
4489	7040	0.5
4490	4490	1.0
4490	7039	0.5
4490	7040	0.5
4491	4491	1.0
4491	7041	0.5
4491	7042	0.5
4492	4492	1.0
4492	7041	0.5
4492	7042	0.5
4493	4493	1.0
4493	7043	0.5
4493	7044	0.5
4494	4494	1.0
4494	7043	0.5
4494	7044	0.5
4495	4495	1.0
4495	7045	0.5
4495	7046	0.5
4496	4496	1.0
4496	7045	0.5
4496	7046	0.5
4497	4497	1.0
4497	7047	0.5
4497	7048	0.5
4498	4498	1.0
4498	7047	0.5
4498	7048	0.5
4499	4499	1.0
4499	7049	0.5
4499	7050	0.5
4500	4500	1.0
4500	7049	0.5
4500	7050	0.5
4501	4501	1.0
4501	7051	0.5
4501	7052	0.5
4502	4502	1.0
4502	7051	0.5
4502	7052	0.5
4503	4503	1.0
4503	7053	0.5
4503	7054	0.5
4504	4504	1.0
4504	7053	0.5
4504	7054	0.5
4505	4505	1.0
4505	7055	0.5
4505	7056	0.5
4506	4506	1.0
4506	7055	0.5
4506	7056	0.5
4507	4507	1.0
4507	7057	0.5
4507	7058	0.5
4508	4508	1.0
4508	7057	0.5
4508	7058	0.5
4509	4509	1.0
4509	7059	0.5
4509	7060	0.5
4510	4510	1.0
4510	7059	0.5
4510	7060	0.5
4511	4511	1.0
4511	7061	0.5
4511	7062	0.5
4512	4512	1.0
4512	7061	0.5
4512	7062	0.5
4513	4513	1.0
4513	7063	0.5
4513	7064	0.5
4514	4514	1.0
4514	7063	0.5
4514	7064	0.5
4515	4515	1.0
4515	7065	0.5
4515	7066	0.5
4516	4516	1.0
4516	7065	0.5
4516	7066	0.5
4517	4517	1.0
4517	7067	0.5
4517	7068	0.5
4518	4518	1.0
4518	7067	0.5
4518	7068	0.5
4519	4519	1.0
4519	7069	0.5
4519	7070	0.5
4520	4520	1.0
4520	7069	0.5
4520	7070	0.5
4521	4521	1.0
4521	7071	0.5
4521	7072	0.5
4522	4522	1.0
4522	7071	0.5
4522	7072	0.5
4523	4523	1.0
4523	7073	0.5
4523	7074	0.5
4524	4524	1.0
4524	7073	0.5
4524	7074	0.5
4525	4525	1.0
4525	7075	0.5
4525	7076	0.5
4526	4526	1.0
4526	7075	0.5
4526	7076	0.5
4527	4527	1.0
4527	7077	0.5
4527	7078	0.5
4528	4528	1.0
4528	7077	0.5
4528	7078	0.5
4529	4529	1.0
4529	7079	0.5
4529	7080	0.5
4530	4530	1.0
4530	7079	0.5
4530	7080	0.5
4531	4531	1.0
4531	7081	0.5
4531	7082	0.5
4532	4532	1.0
4532	7081	0.5
4532	7082	0.5
4533	4533	1.0
4533	7083	0.5
4533	7084	0.5
4534	4534	1.0
4534	7083	0.5
4534	7084	0.5
4535	4535	1.0
4535	7085	0.5
4535	7086	0.5
4536	4536	1.0
4536	7085	0.5
4536	7086	0.5
4537	4537	1.0
4537	7087	0.5
4537	7088	0.5
4538	4538	1.0
4538	7087	0.5
4538	7088	0.5
4539	4539	1.0
4539	7089	0.5
4539	7090	0.5
4540	4540	1.0
4540	7089	0.5
4540	7090	0.5
4541	4541	1.0
4541	7091	0.5
4541	7092	0.5
4542	4542	1.0
4542	7091	0.5
4542	7092	0.5
4543	4543	1.0
4543	7093	0.5
4543	7094	0.5
4544	4544	1.0
4544	7093	0.5
4544	7094	0.5
4545	4545	1.0
4545	7095	0.5
4545	7096	0.5
4546	4546	1.0
4546	7095	0.5
4546	7096	0.5
4547	4547	1.0
4547	7097	0.5
4547	7098	0.5
4548	4548	1.0
4548	7097	0.5
4548	7098	0.5
4549	4549	1.0
4549	7099	0.5
4549	7100	0.5
4550	4550	1.0
4550	7099	0.5
4550	7100	0.5
4551	4551	1.0
4551	7101	0.5
4551	7102	0.5
4552	4552	1.0
4552	7101	0.5
4552	7102	0.5
4553	4553	1.0
4553	7103	0.5
4553	7104	0.5
4554	4554	1.0
4554	7103	0.5
4554	7104	0.5
4555	4555	1.0
4555	7105	0.5
4555	7106	0.5
4556	4556	1.0
4556	7105	0.5
4556	7106	0.5
4557	4557	1.0
4557	7107	0.5
4557	7108	0.5
4558	4558	1.0
4558	7107	0.5
4558	7108	0.5
4559	4559	1.0
4559	7109	0.5
4559	7110	0.5
4560	4560	1.0
4560	7109	0.5
4560	7110	0.5
4561	4561	1.0
4561	7111	0.5
4561	7112	0.5
4562	4562	1.0
4562	7111	0.5
4562	7112	0.5
4563	4563	1.0
4563	7113	0.5
4563	7114	0.5
4564	4564	1.0
4564	7113	0.5
4564	7114	0.5
4565	4565	1.0
4565	7115	0.5
4565	7116	0.5
4566	4566	1.0
4566	7115	0.5
4566	7116	0.5
4567	4567	1.0
4567	7117	0.5
4567	7118	0.5
4568	4568	1.0
4568	7117	0.5
4568	7118	0.5
4569	4569	1.0
4569	7119	0.5
4569	7120	0.5
4570	4570	1.0
4570	7119	0.5
4570	7120	0.5
4571	4571	1.0
4571	7121	0.5
4571	7122	0.5
4572	4572	1.0
4572	7121	0.5
4572	7122	0.5
4573	4573	1.0
4573	7123	0.5
4573	7124	0.5
4574	4574	1.0
4574	7123	0.5
4574	7124	0.5
4575	4575	1.0
4575	7125	0.5
4575	7126	0.5
4576	4576	1.0
4576	7125	0.5
4576	7126	0.5
4577	4577	1.0
4577	7127	0.5
4577	7128	0.5
4578	4578	1.0
4578	7127	0.5
4578	7128	0.5
4579	4579	1.0
4579	7129	0.5
4579	7130	0.5
4580	4580	1.0
4580	7129	0.5
4580	7130	0.5
4581	4581	1.0
4581	7131	0.5
4581	7132	0.5
4582	4582	1.0
4582	7131	0.5
4582	7132	0.5
4583	4583	1.0
4583	7133	0.5
4583	7134	0.5
4584	4584	1.0
4584	7133	0.5
4584	7134	0.5
4585	4585	1.0
4585	7135	0.5
4585	7136	0.5
4586	4586	1.0
4586	7135	0.5
4586	7136	0.5
4587	4587	1.0
4587	7137	0.5
4587	7138	0.5
4588	4588	1.0
4588	7137	0.5
4588	7138	0.5
4589	4589	1.0
4589	7139	0.5
4589	7140	0.5
4590	4590	1.0
4590	7139	0.5
4590	7140	0.5
4591	4591	1.0
4591	7141	0.5
4591	7142	0.5
4592	4592	1.0
4592	7141	0.5
4592	7142	0.5
4593	4593	1.0
4593	7143	0.5
4593	7144	0.5
4594	4594	1.0
4594	7143	0.5
4594	7144	0.5
4595	4595	1.0
4595	7145	0.5
4595	7146	0.5
4596	4596	1.0
4596	7145	0.5
4596	7146	0.5
4597	4597	1.0
4597	7147	0.5
4597	7148	0.5
4598	4598	1.0
4598	7147	0.5
4598	7148	0.5
4599	4599	1.0
4599	7149	0.5
4599	7150	0.5
4600	4600	1.0
4600	7149	0.5
4600	7150	0.5
4601	4601	1.0
4601	7151	0.5
4601	7152	0.5
4602	4602	1.0
4602	7151	0.5
4602	7152	0.5
4603	4603	1.0
4603	7153	0.5
4603	7154	0.5
4604	4604	1.0
4604	7153	0.5
4604	7154	0.5
4605	4605	1.0
4605	7155	0.5
4605	7156	0.5
4606	4606	1.0
4606	7155	0.5
4606	7156	0.5
4607	4607	1.0
4607	7157	0.5
4607	7158	0.5
4608	4608	1.0
4608	7157	0.5
4608	7158	0.5
4609	4609	1.0
4609	7159	0.5
4609	7160	0.5
4610	4610	1.0
4610	7159	0.5
4610	7160	0.5
4611	4611	1.0
4611	7161	0.5
4611	7162	0.5
4612	4612	1.0
4612	7161	0.5
4612	7162	0.5
4613	4613	1.0
4613	7163	0.5
4613	7164	0.5
4614	4614	1.0
4614	7163	0.5
4614	7164	0.5
4615	4615	1.0
4615	7165	0.5
4615	7166	0.5
4616	4616	1.0
4616	7165	0.5
4616	7166	0.5
4617	4617	1.0
4617	7167	0.5
4617	7168	0.5
4618	4618	1.0
4618	7167	0.5
4618	7168	0.5
4619	4619	1.0
4619	7169	0.5
4619	7170	0.5
4620	4620	1.0
4620	7169	0.5
4620	7170	0.5
4621	4621	1.0
4621	7171	0.5
4621	7172	0.5
4622	4622	1.0
4622	7171	0.5
4622	7172	0.5
4623	4623	1.0
4623	7173	0.5
4623	7174	0.5
4624	4624	1.0
4624	7173	0.5
4624	7174	0.5
4625	4625	1.0
4625	7175	0.5
4625	7176	0.5
4626	4626	1.0
4626	7175	0.5
4626	7176	0.5
4627	4627	1.0
4627	7177	0.5
4627	7178	0.5
4628	4628	1.0
4628	7177	0.5
4628	7178	0.5
4629	4629	1.0
4629	7179	0.5
4629	7180	0.5
4630	4630	1.0
4630	7179	0.5
4630	7180	0.5
4631	4631	1.0
4631	7181	0.5
4631	7182	0.5
4632	4632	1.0
4632	7181	0.5
4632	7182	0.5
4633	4633	1.0
4633	7183	0.5
4633	7184	0.5
4634	4634	1.0
4634	7183	0.5
4634	7184	0.5
4635	4635	1.0
4635	7185	0.5
4635	7186	0.5
4636	4636	1.0
4636	7185	0.5
4636	7186	0.5
4637	4637	1.0
4637	7187	0.5
4637	7188	0.5
4638	4638	1.0
4638	7187	0.5
4638	7188	0.5
4639	4639	1.0
4639	7189	0.5
4639	7190	0.5
4640	4640	1.0
4640	7189	0.5
4640	7190	0.5
4641	4641	1.0
4641	7191	0.5
4641	7192	0.5
4642	4642	1.0
4642	7191	0.5
4642	7192	0.5
4643	4643	1.0
4643	7193	0.5
4643	7194	0.5
4644	4644	1.0
4644	7193	0.5
4644	7194	0.5
4645	4645	1.0
4645	7195	0.5
4645	7196	0.5
4646	4646	1.0
4646	7195	0.5
4646	7196	0.5
4647	4647	1.0
4647	7197	0.5
4647	7198	0.5
4648	4648	1.0
4648	7197	0.5
4648	7198	0.5
4649	4649	1.0
4649	7199	0.5
4649	7200	0.5
4650	4650	1.0
4650	7199	0.5
4650	7200	0.5
4651	4651	1.0
4651	7201	0.5
4651	7202	0.5
4652	4652	1.0
4652	7201	0.5
4652	7202	0.5
4653	4653	1.0
4653	7203	0.5
4653	7204	0.5
4654	4654	1.0
4654	7203	0.5
4654	7204	0.5
4655	4655	1.0
4655	7205	0.5
4655	7206	0.5
4656	4656	1.0
4656	7205	0.5
4656	7206	0.5
4657	4657	1.0
4657	7207	0.5
4657	7208	0.5
4658	4658	1.0
4658	7207	0.5
4658	7208	0.5
4659	4659	1.0
4659	7209	0.5
4659	7210	0.5
4660	4660	1.0
4660	7209	0.5
4660	7210	0.5
4661	4661	1.0
4661	7211	0.5
4661	7212	0.5
4662	4662	1.0
4662	7211	0.5
4662	7212	0.5
4663	4663	1.0
4663	7213	0.5
4663	7214	0.5
4664	4664	1.0
4664	7213	0.5
4664	7214	0.5
4665	4665	1.0
4665	7215	0.5
4665	7216	0.5
4666	4666	1.0
4666	7215	0.5
4666	7216	0.5
4667	4667	1.0
4667	7217	0.5
4667	7218	0.5
4668	4668	1.0
4668	7217	0.5
4668	7218	0.5
4669	4669	1.0
4669	7219	0.5
4669	7220	0.5
4670	4670	1.0
4670	7219	0.5
4670	7220	0.5
4671	4671	1.0
4671	7221	0.5
4671	7222	0.5
4672	4672	1.0
4672	7221	0.5
4672	7222	0.5
4673	4673	1.0
4673	7223	0.5
4673	7224	0.5
4674	4674	1.0
4674	7223	0.5
4674	7224	0.5
4675	4675	1.0
4675	7225	0.5
4675	7226	0.5
4676	4676	1.0
4676	7225	0.5
4676	7226	0.5
4677	4677	1.0
4677	7227	0.5
4677	7228	0.5
4678	4678	1.0
4678	7227	0.5
4678	7228	0.5
4679	4679	1.0
4679	7229	0.5
4679	7230	0.5
4680	4680	1.0
4680	7229	0.5
4680	7230	0.5
4681	4681	1.0
4681	7231	0.5
4681	7232	0.5
4682	4682	1.0
4682	7231	0.5
4682	7232	0.5
4683	4683	1.0
4683	7233	0.5
4683	7234	0.5
4684	4684	1.0
4684	7233	0.5
4684	7234	0.5
4685	4685	1.0
4685	7235	0.5
4685	7236	0.5
4686	4686	1.0
4686	7235	0.5
4686	7236	0.5
4687	4687	1.0
4687	7237	0.5
4687	7238	0.5
4688	4688	1.0
4688	7237	0.5
4688	7238	0.5
4689	4689	1.0
4689	7239	0.5
4689	7240	0.5
4690	4690	1.0
4690	7239	0.5
4690	7240	0.5
4691	4691	1.0
4691	7241	0.5
4691	7242	0.5
4692	4692	1.0
4692	7241	0.5
4692	7242	0.5
4693	4693	1.0
4693	7243	0.5
4693	7244	0.5
4694	4694	1.0
4694	7243	0.5
4694	7244	0.5
4695	4695	1.0
4695	7245	0.5
4695	7246	0.5
4696	4696	1.0
4696	7245	0.5
4696	7246	0.5
4697	4697	1.0
4697	7247	0.5
4697	7248	0.5
4698	4698	1.0
4698	7247	0.5
4698	7248	0.5
4699	4699	1.0
4699	7249	0.5
4699	7250	0.5
4700	4700	1.0
4700	7249	0.5
4700	7250	0.5
4701	4701	1.0
4701	7251	0.5
4701	7252	0.5
4702	4702	1.0
4702	7251	0.5
4702	7252	0.5
4703	4703	1.0
4703	7253	0.5
4703	7254	0.5
4704	4704	1.0
4704	7253	0.5
4704	7254	0.5
4705	4705	1.0
4705	7255	0.5
4705	7256	0.5
4706	4706	1.0
4706	7255	0.5
4706	7256	0.5
4707	4707	1.0
4707	7257	0.5
4707	7258	0.5
4708	4708	1.0
4708	7257	0.5
4708	7258	0.5
4709	4709	1.0
4709	7259	0.5
4709	7260	0.5
4710	4710	1.0
4710	7259	0.5
4710	7260	0.5
4711	4711	1.0
4711	7261	0.5
4711	7262	0.5
4712	4712	1.0
4712	7261	0.5
4712	7262	0.5
4713	4713	1.0
4713	7263	0.5
4713	7264	0.5
4714	4714	1.0
4714	7263	0.5
4714	7264	0.5
4715	4715	1.0
4715	7265	0.5
4715	7266	0.5
4716	4716	1.0
4716	7265	0.5
4716	7266	0.5
4717	4717	1.0
4717	7267	0.5
4717	7268	0.5
4718	4718	1.0
4718	7267	0.5
4718	7268	0.5
4719	4719	1.0
4719	7269	0.5
4719	7270	0.5
4720	4720	1.0
4720	7269	0.5
4720	7270	0.5
4721	4721	1.0
4721	7271	0.5
4721	7272	0.5
4722	4722	1.0
4722	7271	0.5
4722	7272	0.5
4723	4723	1.0
4723	7273	0.5
4723	7274	0.5
4724	4724	1.0
4724	7273	0.5
4724	7274	0.5
4725	4725	1.0
4725	7275	0.5
4725	7276	0.5
4726	4726	1.0
4726	7275	0.5
4726	7276	0.5
4727	4727	1.0
4727	7277	0.5
4727	7278	0.5
4728	4728	1.0
4728	7277	0.5
4728	7278	0.5
4729	4729	1.0
4729	7279	0.5
4729	7280	0.5
4730	4730	1.0
4730	7279	0.5
4730	7280	0.5
4731	4731	1.0
4731	7281	0.5
4731	7282	0.5
4732	4732	1.0
4732	7281	0.5
4732	7282	0.5
4733	4733	1.0
4733	7283	0.5
4733	7284	0.5
4734	4734	1.0
4734	7283	0.5
4734	7284	0.5
4735	4735	1.0
4735	7285	0.5
4735	7286	0.5
4736	4736	1.0
4736	7285	0.5
4736	7286	0.5
4737	4737	1.0
4737	7287	0.5
4737	7288	0.5
4738	4738	1.0
4738	7287	0.5
4738	7288	0.5
4739	4739	1.0
4739	7289	0.5
4739	7290	0.5
4740	4740	1.0
4740	7289	0.5
4740	7290	0.5
4741	4741	1.0
4741	7291	0.5
4741	7292	0.5
4742	4742	1.0
4742	7291	0.5
4742	7292	0.5
4743	4743	1.0
4743	7293	0.5
4743	7294	0.5
4744	4744	1.0
4744	7293	0.5
4744	7294	0.5
4745	4745	1.0
4745	7295	0.5
4745	7296	0.5
4746	4746	1.0
4746	7295	0.5
4746	7296	0.5
4747	4747	1.0
4747	7297	0.5
4747	7298	0.5
4748	4748	1.0
4748	7297	0.5
4748	7298	0.5
4749	4749	1.0
4749	7299	0.5
4749	7300	0.5
4750	4750	1.0
4750	7299	0.5
4750	7300	0.5
4751	4751	1.0
4751	7301	0.5
4751	7302	0.5
4752	4752	1.0
4752	7301	0.5
4752	7302	0.5
4753	4753	1.0
4753	7303	0.5
4753	7304	0.5
4754	4754	1.0
4754	7303	0.5
4754	7304	0.5
4755	4755	1.0
4755	7305	0.5
4755	7306	0.5
4756	4756	1.0
4756	7305	0.5
4756	7306	0.5
4757	4757	1.0
4757	7307	0.5
4757	7308	0.5
4758	4758	1.0
4758	7307	0.5
4758	7308	0.5
4759	4759	1.0
4759	7309	0.5
4759	7310	0.5
4760	4760	1.0
4760	7309	0.5
4760	7310	0.5
4761	4761	1.0
4761	7311	0.5
4761	7312	0.5
4762	4762	1.0
4762	7311	0.5
4762	7312	0.5
4763	4763	1.0
4763	7313	0.5
4763	7314	0.5
4764	4764	1.0
4764	7313	0.5
4764	7314	0.5
4765	4765	1.0
4765	7315	0.5
4765	7316	0.5
4766	4766	1.0
4766	7315	0.5
4766	7316	0.5
4767	4767	1.0
4767	7317	0.5
4767	7318	0.5
4768	4768	1.0
4768	7317	0.5
4768	7318	0.5
4769	4769	1.0
4769	7319	0.5
4769	7320	0.5
4770	4770	1.0
4770	7319	0.5
4770	7320	0.5
4771	4771	1.0
4771	7321	0.5
4771	7322	0.5
4772	4772	1.0
4772	7321	0.5
4772	7322	0.5
4773	4773	1.0
4773	7323	0.5
4773	7324	0.5
4774	4774	1.0
4774	7323	0.5
4774	7324	0.5
4775	4775	1.0
4775	7325	0.5
4775	7326	0.5
4776	4776	1.0
4776	7325	0.5
4776	7326	0.5
4777	4777	1.0
4777	7327	0.5
4777	7328	0.5
4778	4778	1.0
4778	7327	0.5
4778	7328	0.5
4779	4779	1.0
4779	7329	0.5
4779	7330	0.5
4780	4780	1.0
4780	7329	0.5
4780	7330	0.5
4781	4781	1.0
4781	7331	0.5
4781	7332	0.5
4782	4782	1.0
4782	7331	0.5
4782	7332	0.5
4783	4783	1.0
4783	7333	0.5
4783	7334	0.5
4784	4784	1.0
4784	7333	0.5
4784	7334	0.5
4785	4785	1.0
4785	7335	0.5
4785	7336	0.5
4786	4786	1.0
4786	7335	0.5
4786	7336	0.5
4787	4787	1.0
4787	7337	0.5
4787	7338	0.5
4788	4788	1.0
4788	7337	0.5
4788	7338	0.5
4789	4789	1.0
4789	7339	0.5
4789	7340	0.5
4790	4790	1.0
4790	7339	0.5
4790	7340	0.5
4791	4791	1.0
4791	7341	0.5
4791	7342	0.5
4792	4792	1.0
4792	7341	0.5
4792	7342	0.5
4793	4793	1.0
4793	7343	0.5
4793	7344	0.5
4794	4794	1.0
4794	7343	0.5
4794	7344	0.5
4795	4795	1.0
4795	7345	0.5
4795	7346	0.5
4796	4796	1.0
4796	7345	0.5
4796	7346	0.5
4797	4797	1.0
4797	7347	0.5
4797	7348	0.5
4798	4798	1.0
4798	7347	0.5
4798	7348	0.5
4799	4799	1.0
4799	7349	0.5
4799	7350	0.5
4800	4800	1.0
4800	7349	0.5
4800	7350	0.5
4801	4801	1.0
4801	7351	0.5
4801	7352	0.5
4802	4802	1.0
4802	7351	0.5
4802	7352	0.5
4803	4803	1.0
4803	7353	0.5
4803	7354	0.5
4804	4804	1.0
4804	7353	0.5
4804	7354	0.5
4805	4805	1.0
4805	7355	0.5
4805	7356	0.5
4806	4806	1.0
4806	7355	0.5
4806	7356	0.5
4807	4807	1.0
4807	7357	0.5
4807	7358	0.5
4808	4808	1.0
4808	7357	0.5
4808	7358	0.5
4809	4809	1.0
4809	7359	0.5
4809	7360	0.5
4810	4810	1.0
4810	7359	0.5
4810	7360	0.5
4811	4811	1.0
4811	7361	0.5
4811	7362	0.5
4812	4812	1.0
4812	7361	0.5
4812	7362	0.5
4813	4813	1.0
4813	7363	0.5
4813	7364	0.5
4814	4814	1.0
4814	7363	0.5
4814	7364	0.5
4815	4815	1.0
4815	7365	0.5
4815	7366	0.5
4816	4816	1.0
4816	7365	0.5
4816	7366	0.5
4817	4817	1.0
4817	7367	0.5
4817	7368	0.5
4818	4818	1.0
4818	7367	0.5
4818	7368	0.5
4819	4819	1.0
4819	7369	0.5
4819	7370	0.5
4820	4820	1.0
4820	7369	0.5
4820	7370	0.5
4821	4821	1.0
4821	7371	0.5
4821	7372	0.5
4822	4822	1.0
4822	7371	0.5
4822	7372	0.5
4823	4823	1.0
4823	7373	0.5
4823	7374	0.5
4824	4824	1.0
4824	7373	0.5
4824	7374	0.5
4825	4825	1.0
4825	7375	0.5
4825	7376	0.5
4826	4826	1.0
4826	7375	0.5
4826	7376	0.5
4827	4827	1.0
4827	7377	0.5
4827	7378	0.5
4828	4828	1.0
4828	7377	0.5
4828	7378	0.5
4829	4829	1.0
4829	7379	0.5
4829	7380	0.5
4830	4830	1.0
4830	7379	0.5
4830	7380	0.5
4831	4831	1.0
4831	7381	0.5
4831	7382	0.5
4832	4832	1.0
4832	7381	0.5
4832	7382	0.5
4833	4833	1.0
4833	7383	0.5
4833	7384	0.5
4834	4834	1.0
4834	7383	0.5
4834	7384	0.5
4835	4835	1.0
4835	7385	0.5
4835	7386	0.5
4836	4836	1.0
4836	7385	0.5
4836	7386	0.5
4837	4837	1.0
4837	7387	0.5
4837	7388	0.5
4838	4838	1.0
4838	7387	0.5
4838	7388	0.5
4839	4839	1.0
4839	7389	0.5
4839	7390	0.5
4840	4840	1.0
4840	7389	0.5
4840	7390	0.5
4841	4841	1.0
4841	7391	0.5
4841	7392	0.5
4842	4842	1.0
4842	7391	0.5
4842	7392	0.5
4843	4843	1.0
4843	7393	0.5
4843	7394	0.5
4844	4844	1.0
4844	7393	0.5
4844	7394	0.5
4845	4845	1.0
4845	7395	0.5
4845	7396	0.5
4846	4846	1.0
4846	7395	0.5
4846	7396	0.5
4847	4847	1.0
4847	7397	0.5
4847	7398	0.5
4848	4848	1.0
4848	7397	0.5
4848	7398	0.5
4849	4849	1.0
4849	7399	0.5
4849	7400	0.5
4850	4850	1.0
4850	7399	0.5
4850	7400	0.5
4851	4851	1.0
4851	7401	0.5
4851	7402	0.5
4852	4852	1.0
4852	7401	0.5
4852	7402	0.5
4853	4853	1.0
4853	7403	0.5
4853	7404	0.5
4854	4854	1.0
4854	7403	0.5
4854	7404	0.5
4855	4855	1.0
4855	7405	0.5
4855	7406	0.5
4856	4856	1.0
4856	7405	0.5
4856	7406	0.5
4857	4857	1.0
4857	7407	0.5
4857	7408	0.5
4858	4858	1.0
4858	7407	0.5
4858	7408	0.5
4859	4859	1.0
4859	7409	0.5
4859	7410	0.5
4860	4860	1.0
4860	7409	0.5
4860	7410	0.5
4861	4861	1.0
4861	7411	0.5
4861	7412	0.5
4862	4862	1.0
4862	7411	0.5
4862	7412	0.5
4863	4863	1.0
4863	7413	0.5
4863	7414	0.5
4864	4864	1.0
4864	7413	0.5
4864	7414	0.5
4865	4865	1.0
4865	7415	0.5
4865	7416	0.5
4866	4866	1.0
4866	7415	0.5
4866	7416	0.5
4867	4867	1.0
4867	7417	0.5
4867	7418	0.5
4868	4868	1.0
4868	7417	0.5
4868	7418	0.5
4869	4869	1.0
4869	7419	0.5
4869	7420	0.5
4870	4870	1.0
4870	7419	0.5
4870	7420	0.5
4871	4871	1.0
4871	7421	0.5
4871	7422	0.5
4872	4872	1.0
4872	7421	0.5
4872	7422	0.5
4873	4873	1.0
4873	7423	0.5
4873	7424	0.5
4874	4874	1.0
4874	7423	0.5
4874	7424	0.5
4875	4875	1.0
4875	7425	0.5
4875	7426	0.5
4876	4876	1.0
4876	7425	0.5
4876	7426	0.5
4877	4877	1.0
4877	7427	0.5
4877	7428	0.5
4878	4878	1.0
4878	7427	0.5
4878	7428	0.5
4879	4879	1.0
4879	7429	0.5
4879	7430	0.5
4880	4880	1.0
4880	7429	0.5
4880	7430	0.5
4881	4881	1.0
4881	7431	0.5
4881	7432	0.5
4882	4882	1.0
4882	7431	0.5
4882	7432	0.5
4883	4883	1.0
4883	7433	0.5
4883	7434	0.5
4884	4884	1.0
4884	7433	0.5
4884	7434	0.5
4885	4885	1.0
4885	7435	0.5
4885	7436	0.5
4886	4886	1.0
4886	7435	0.5
4886	7436	0.5
4887	4887	1.0
4887	7437	0.5
4887	7438	0.5
4888	4888	1.0
4888	7437	0.5
4888	7438	0.5
4889	4889	1.0
4889	7439	0.5
4889	7440	0.5
4890	4890	1.0
4890	7439	0.5
4890	7440	0.5
4891	4891	1.0
4891	7441	0.5
4891	7442	0.5
4892	4892	1.0
4892	7441	0.5
4892	7442	0.5
4893	4893	1.0
4893	7443	0.5
4893	7444	0.5
4894	4894	1.0
4894	7443	0.5
4894	7444	0.5
4895	4895	1.0
4895	7445	0.5
4895	7446	0.5
4896	4896	1.0
4896	7445	0.5
4896	7446	0.5
4897	4897	1.0
4897	7447	0.5
4897	7448	0.5
4898	4898	1.0
4898	7447	0.5
4898	7448	0.5
4899	4899	1.0
4899	7449	0.5
4899	7450	0.5
4900	4900	1.0
4900	7449	0.5
4900	7450	0.5
4901	4901	1.0
4901	7451	0.5
4901	7452	0.5
4902	4902	1.0
4902	7451	0.5
4902	7452	0.5
4903	4903	1.0
4903	7453	0.5
4903	7454	0.5
4904	4904	1.0
4904	7453	0.5
4904	7454	0.5
4905	4905	1.0
4905	7455	0.5
4905	7456	0.5
4906	4906	1.0
4906	7455	0.5
4906	7456	0.5
4907	4907	1.0
4907	7457	0.5
4907	7458	0.5
4908	4908	1.0
4908	7457	0.5
4908	7458	0.5
4909	4909	1.0
4909	7459	0.5
4909	7460	0.5
4910	4910	1.0
4910	7459	0.5
4910	7460	0.5
4911	4911	1.0
4911	7461	0.5
4911	7462	0.5
4912	4912	1.0
4912	7461	0.5
4912	7462	0.5
4913	4913	1.0
4913	7463	0.5
4913	7464	0.5
4914	4914	1.0
4914	7463	0.5
4914	7464	0.5
4915	4915	1.0
4915	7465	0.5
4915	7466	0.5
4916	4916	1.0
4916	7465	0.5
4916	7466	0.5
4917	4917	1.0
4917	7467	0.5
4917	7468	0.5
4918	4918	1.0
4918	7467	0.5
4918	7468	0.5
4919	4919	1.0
4919	7469	0.5
4919	7470	0.5
4920	4920	1.0
4920	7469	0.5
4920	7470	0.5
4921	4921	1.0
4921	7471	0.5
4921	7472	0.5
4922	4922	1.0
4922	7471	0.5
4922	7472	0.5
4923	4923	1.0
4923	7473	0.5
4923	7474	0.5
4924	4924	1.0
4924	7473	0.5
4924	7474	0.5
4925	4925	1.0
4925	7475	0.5
4925	7476	0.5
4926	4926	1.0
4926	7475	0.5
4926	7476	0.5
4927	4927	1.0
4927	7477	0.5
4927	7478	0.5
4928	4928	1.0
4928	7477	0.5
4928	7478	0.5
4929	4929	1.0
4929	7479	0.5
4929	7480	0.5
4930	4930	1.0
4930	7479	0.5
4930	7480	0.5
4931	4931	1.0
4931	7481	0.5
4931	7482	0.5
4932	4932	1.0
4932	7481	0.5
4932	7482	0.5
4933	4933	1.0
4933	7483	0.5
4933	7484	0.5
4934	4934	1.0
4934	7483	0.5
4934	7484	0.5
4935	4935	1.0
4935	7485	0.5
4935	7486	0.5
4936	4936	1.0
4936	7485	0.5
4936	7486	0.5
4937	4937	1.0
4937	7487	0.5
4937	7488	0.5
4938	4938	1.0
4938	7487	0.5
4938	7488	0.5
4939	4939	1.0
4939	7489	0.5
4939	7490	0.5
4940	4940	1.0
4940	7489	0.5
4940	7490	0.5
4941	4941	1.0
4941	7491	0.5
4941	7492	0.5
4942	4942	1.0
4942	7491	0.5
4942	7492	0.5
4943	4943	1.0
4943	7493	0.5
4943	7494	0.5
4944	4944	1.0
4944	7493	0.5
4944	7494	0.5
4945	4945	1.0
4945	7495	0.5
4945	7496	0.5
4946	4946	1.0
4946	7495	0.5
4946	7496	0.5
4947	4947	1.0
4947	7497	0.5
4947	7498	0.5
4948	4948	1.0
4948	7497	0.5
4948	7498	0.5
4949	4949	1.0
4949	7499	0.5
4949	7500	0.5
4950	4950	1.0
4950	7499	0.5
4950	7500	0.5
4951	4951	1.0
4951	7501	0.5
4951	7502	0.5
4952	4952	1.0
4952	7501	0.5
4952	7502	0.5
4953	4953	1.0
4953	7503	0.5
4953	7504	0.5
4954	4954	1.0
4954	7503	0.5
4954	7504	0.5
4955	4955	1.0
4955	7505	0.5
4955	7506	0.5
4956	4956	1.0
4956	7505	0.5
4956	7506	0.5
4957	4957	1.0
4957	7507	0.5
4957	7508	0.5
4958	4958	1.0
4958	7507	0.5
4958	7508	0.5
4959	4959	1.0
4959	7509	0.5
4959	7510	0.5
4960	4960	1.0
4960	7509	0.5
4960	7510	0.5
4961	4961	1.0
4961	7511	0.5
4961	7512	0.5
4962	4962	1.0
4962	7511	0.5
4962	7512	0.5
4963	4963	1.0
4963	7513	0.5
4963	7514	0.5
4964	4964	1.0
4964	7513	0.5
4964	7514	0.5
4965	4965	1.0
4965	7515	0.5
4965	7516	0.5
4966	4966	1.0
4966	7515	0.5
4966	7516	0.5
4967	4967	1.0
4967	7517	0.5
4967	7518	0.5
4968	4968	1.0
4968	7517	0.5
4968	7518	0.5
4969	4969	1.0
4969	7519	0.5
4969	7520	0.5
4970	4970	1.0
4970	7519	0.5
4970	7520	0.5
4971	4971	1.0
4971	7521	0.5
4971	7522	0.5
4972	4972	1.0
4972	7521	0.5
4972	7522	0.5
4973	4973	1.0
4973	7523	0.5
4973	7524	0.5
4974	4974	1.0
4974	7523	0.5
4974	7524	0.5
4975	4975	1.0
4975	7525	0.5
4975	7526	0.5
4976	4976	1.0
4976	7525	0.5
4976	7526	0.5
4977	4977	1.0
4977	7527	0.5
4977	7528	0.5
4978	4978	1.0
4978	7527	0.5
4978	7528	0.5
4979	4979	1.0
4979	7529	0.5
4979	7530	0.5
4980	4980	1.0
4980	7529	0.5
4980	7530	0.5
4981	4981	1.0
4981	7531	0.5
4981	7532	0.5
4982	4982	1.0
4982	7531	0.5
4982	7532	0.5
4983	4983	1.0
4983	7533	0.5
4983	7534	0.5
4984	4984	1.0
4984	7533	0.5
4984	7534	0.5
4985	4985	1.0
4985	7535	0.5
4985	7536	0.5
4986	4986	1.0
4986	7535	0.5
4986	7536	0.5
4987	4987	1.0
4987	7537	0.5
4987	7538	0.5
4988	4988	1.0
4988	7537	0.5
4988	7538	0.5
4989	4989	1.0
4989	7539	0.5
4989	7540	0.5
4990	4990	1.0
4990	7539	0.5
4990	7540	0.5
4991	4991	1.0
4991	7541	0.5
4991	7542	0.5
4992	4992	1.0
4992	7541	0.5
4992	7542	0.5
4993	4993	1.0
4993	7543	0.5
4993	7544	0.5
4994	4994	1.0
4994	7543	0.5
4994	7544	0.5
4995	4995	1.0
4995	7545	0.5
4995	7546	0.5
4996	4996	1.0
4996	7545	0.5
4996	7546	0.5
4997	4997	1.0
4997	7547	0.5
4997	7548	0.5
4998	4998	1.0
4998	7547	0.5
4998	7548	0.5
4999	4999	1.0
4999	7549	0.5
4999	7550	0.5
5000	5000	1.0
5000	7549	0.5
5000	7550	0.5
5001	5001	1.0
5001	7551	0.5
5001	7552	0.5
5002	5002	1.0
5002	7551	0.5
5002	7552	0.5
5003	5003	1.0
5003	7553	0.5
5003	7554	0.5
5004	5004	1.0
5004	7553	0.5
5004	7554	0.5
5005	5005	1.0
5005	7555	0.5
5005	7556	0.5
5006	5006	1.0
5006	7555	0.5
5006	7556	0.5
5007	5007	1.0
5007	7557	0.5
5007	7558	0.5
5008	5008	1.0
5008	7557	0.5
5008	7558	0.5
5009	5009	1.0
5009	7559	0.5
5009	7560	0.5
5010	5010	1.0
5010	7559	0.5
5010	7560	0.5
5011	5011	1.0
5011	7561	0.5
5011	7562	0.5
5012	5012	1.0
5012	7561	0.5
5012	7562	0.5
5013	5013	1.0
5013	7563	0.5
5013	7564	0.5
5014	5014	1.0
5014	7563	0.5
5014	7564	0.5
5015	5015	1.0
5015	7565	0.5
5015	7566	0.5
5016	5016	1.0
5016	7565	0.5
5016	7566	0.5
5017	5017	1.0
5017	7567	0.5
5017	7568	0.5
5018	5018	1.0
5018	7567	0.5
5018	7568	0.5
5019	5019	1.0
5019	7569	0.5
5019	7570	0.5
5020	5020	1.0
5020	7569	0.5
5020	7570	0.5
5021	5021	1.0
5021	7571	0.5
5021	7572	0.5
5022	5022	1.0
5022	7571	0.5
5022	7572	0.5
5023	5023	1.0
5023	7573	0.5
5023	7574	0.5
5024	5024	1.0
5024	7573	0.5
5024	7574	0.5
5025	5025	1.0
5025	7575	0.5
5025	7576	0.5
5026	5026	1.0
5026	7575	0.5
5026	7576	0.5
5027	5027	1.0
5027	7577	0.5
5027	7578	0.5
5028	5028	1.0
5028	7577	0.5
5028	7578	0.5
5029	5029	1.0
5029	7579	0.5
5029	7580	0.5
5030	5030	1.0
5030	7579	0.5
5030	7580	0.5
5031	5031	1.0
5031	7581	0.5
5031	7582	0.5
5032	5032	1.0
5032	7581	0.5
5032	7582	0.5
5033	5033	1.0
5033	7583	0.5
5033	7584	0.5
5034	5034	1.0
5034	7583	0.5
5034	7584	0.5
5035	5035	1.0
5035	7585	0.5
5035	7586	0.5
5036	5036	1.0
5036	7585	0.5
5036	7586	0.5
5037	5037	1.0
5037	7587	0.5
5037	7588	0.5
5038	5038	1.0
5038	7587	0.5
5038	7588	0.5
5039	5039	1.0
5039	7589	0.5
5039	7590	0.5
5040	5040	1.0
5040	7589	0.5
5040	7590	0.5
5041	5041	1.0
5041	7591	0.5
5041	7592	0.5
5042	5042	1.0
5042	7591	0.5
5042	7592	0.5
5043	5043	1.0
5043	7593	0.5
5043	7594	0.5
5044	5044	1.0
5044	7593	0.5
5044	7594	0.5
5045	5045	1.0
5045	7595	0.5
5045	7596	0.5
5046	5046	1.0
5046	7595	0.5
5046	7596	0.5
5047	5047	1.0
5047	7597	0.5
5047	7598	0.5
5048	5048	1.0
5048	7597	0.5
5048	7598	0.5
5049	5049	1.0
5049	7599	0.5
5049	7600	0.5
5050	5050	1.0
5050	7599	0.5
5050	7600	0.5
5051	5051	1.0
5051	7601	0.5
5051	7602	0.5
5052	5052	1.0
5052	7601	0.5
5052	7602	0.5
5053	5053	1.0
5053	7603	0.5
5053	7604	0.5
5054	5054	1.0
5054	7603	0.5
5054	7604	0.5
5055	5055	1.0
5055	7605	0.5
5055	7606	0.5
5056	5056	1.0
5056	7605	0.5
5056	7606	0.5
5057	5057	1.0
5057	7607	0.5
5057	7608	0.5
5058	5058	1.0
5058	7607	0.5
5058	7608	0.5
5059	5059	1.0
5059	7609	0.5
5059	7610	0.5
5060	5060	1.0
5060	7609	0.5
5060	7610	0.5
5061	5061	1.0
5061	7611	0.5
5061	7612	0.5
5062	5062	1.0
5062	7611	0.5
5062	7612	0.5
5063	5063	1.0
5063	7613	0.5
5063	7614	0.5
5064	5064	1.0
5064	7613	0.5
5064	7614	0.5
5065	5065	1.0
5065	7615	0.5
5065	7616	0.5
5066	5066	1.0
5066	7615	0.5
5066	7616	0.5
5067	5067	1.0
5067	7617	0.5
5067	7618	0.5
5068	5068	1.0
5068	7617	0.5
5068	7618	0.5
5069	5069	1.0
5069	7619	0.5
5069	7620	0.5
5070	5070	1.0
5070	7619	0.5
5070	7620	0.5
5071	5071	1.0
5071	7621	0.5
5071	7622	0.5
5072	5072	1.0
5072	7621	0.5
5072	7622	0.5
5073	5073	1.0
5073	7623	0.5
5073	7624	0.5
5074	5074	1.0
5074	7623	0.5
5074	7624	0.5
5075	5075	1.0
5075	7625	0.5
5075	7626	0.5
5076	5076	1.0
5076	7625	0.5
5076	7626	0.5
5077	5077	1.0
5077	7627	0.5
5077	7628	0.5
5078	5078	1.0
5078	7627	0.5
5078	7628	0.5
5079	5079	1.0
5079	7629	0.5
5079	7630	0.5
5080	5080	1.0
5080	7629	0.5
5080	7630	0.5
5081	5081	1.0
5081	7631	0.5
5081	7632	0.5
5082	5082	1.0
5082	7631	0.5
5082	7632	0.5
5083	5083	1.0
5083	7633	0.5
5083	7634	0.5
5084	5084	1.0
5084	7633	0.5
5084	7634	0.5
5085	5085	1.0
5085	7635	0.5
5085	7636	0.5
5086	5086	1.0
5086	7635	0.5
5086	7636	0.5
5087	5087	1.0
5087	7637	0.5
5087	7638	0.5
5088	5088	1.0
5088	7637	0.5
5088	7638	0.5
5089	5089	1.0
5089	7639	0.5
5089	7640	0.5
5090	5090	1.0
5090	7639	0.5
5090	7640	0.5
5091	5091	1.0
5091	7641	0.5
5091	7642	0.5
5092	5092	1.0
5092	7641	0.5
5092	7642	0.5
5093	5093	1.0
5093	7643	0.5
5093	7644	0.5
5094	5094	1.0
5094	7643	0.5
5094	7644	0.5
5095	5095	1.0
5095	7645	0.5
5095	7646	0.5
5096	5096	1.0
5096	7645	0.5
5096	7646	0.5
5097	5097	1.0
5097	7647	0.5
5097	7648	0.5
5098	5098	1.0
5098	7647	0.5
5098	7648	0.5
5099	5099	1.0
5099	7649	0.5
5099	7650	0.5
5100	5100	1.0
5100	7649	0.5
5100	7650	0.5
5101	5101	1.0
5101	7651	0.5
5101	7652	0.5
5102	5102	1.0
5102	7651	0.5
5102	7652	0.5
5103	5103	1.0
5103	7653	0.5
5103	7654	0.5
5104	5104	1.0
5104	7653	0.5
5104	7654	0.5
5105	5105	1.0
5105	7655	0.5
5105	7656	0.5
5106	5106	1.0
5106	7655	0.5
5106	7656	0.5
5107	5107	1.0
5107	7657	0.5
5107	7658	0.5
5108	5108	1.0
5108	7657	0.5
5108	7658	0.5
5109	5109	1.0
5109	7659	0.5
5109	7660	0.5
5110	5110	1.0
5110	7659	0.5
5110	7660	0.5
5111	5111	1.0
5111	7661	0.5
5111	7662	0.5
5112	5112	1.0
5112	7661	0.5
5112	7662	0.5
5113	5113	1.0
5113	7663	0.5
5113	7664	0.5
5114	5114	1.0
5114	7663	0.5
5114	7664	0.5
5115	5115	1.0
5115	7665	0.5
5115	7666	0.5
5116	5116	1.0
5116	7665	0.5
5116	7666	0.5
5117	5117	1.0
5117	7667	0.5
5117	7668	0.5
5118	5118	1.0
5118	7667	0.5
5118	7668	0.5
5119	5119	1.0
5119	7669	0.5
5119	7670	0.5
5120	5120	1.0
5120	7669	0.5
5120	7670	0.5
5121	5121	1.0
5121	7671	0.5
5121	7672	0.5
5122	5122	1.0
5122	7671	0.5
5122	7672	0.5
5123	5123	1.0
5123	7673	0.5
5123	7674	0.5
5124	5124	1.0
5124	7673	0.5
5124	7674	0.5
5125	5125	1.0
5125	7675	0.5
5125	7676	0.5
5126	5126	1.0
5126	7675	0.5
5126	7676	0.5
5127	5127	1.0
5127	7677	0.5
5127	7678	0.5
5128	5128	1.0
5128	7677	0.5
5128	7678	0.5
5129	5129	1.0
5129	7679	0.5
5129	7680	0.5
5130	5130	1.0
5130	7679	0.5
5130	7680	0.5
5131	5131	1.0
5131	7681	0.5
5131	7682	0.5
5132	5132	1.0
5132	7681	0.5
5132	7682	0.5
5133	5133	1.0
5133	7683	0.5
5133	7684	0.5
5134	5134	1.0
5134	7683	0.5
5134	7684	0.5
5135	5135	1.0
5135	7685	0.5
5135	7686	0.5
5136	5136	1.0
5136	7685	0.5
5136	7686	0.5
5137	5137	1.0
5137	7687	0.5
5137	7688	0.5
5138	5138	1.0
5138	7687	0.5
5138	7688	0.5
5139	5139	1.0
5139	7689	0.5
5139	7690	0.5
5140	5140	1.0
5140	7689	0.5
5140	7690	0.5
5141	5141	1.0
5141	7691	0.5
5141	7692	0.5
5142	5142	1.0
5142	7691	0.5
5142	7692	0.5
5143	5143	1.0
5143	7693	0.5
5143	7694	0.5
5144	5144	1.0
5144	7693	0.5
5144	7694	0.5
5145	5145	1.0
5145	7695	0.5
5145	7696	0.5
5146	5146	1.0
5146	7695	0.5
5146	7696	0.5
5147	5147	1.0
5147	7697	0.5
5147	7698	0.5
5148	5148	1.0
5148	7697	0.5
5148	7698	0.5
5149	5149	1.0
5149	7699	0.5
5149	7700	0.5
5150	5150	1.0
5150	7699	0.5
5150	7700	0.5
5151	5151	1.0
5151	7701	0.5
5151	7702	0.5
5152	5152	1.0
5152	7701	0.5
5152	7702	0.5
5153	5153	1.0
5153	7703	0.5
5153	7704	0.5
5154	5154	1.0
5154	7703	0.5
5154	7704	0.5
5155	5155	1.0
5155	7705	0.5
5155	7706	0.5
5156	5156	1.0
5156	7705	0.5
5156	7706	0.5
5157	5157	1.0
5157	7707	0.5
5157	7708	0.5
5158	5158	1.0
5158	7707	0.5
5158	7708	0.5
5159	5159	1.0
5159	7709	0.5
5159	7710	0.5
5160	5160	1.0
5160	7709	0.5
5160	7710	0.5
5161	5161	1.0
5161	7711	0.5
5161	7712	0.5
5162	5162	1.0
5162	7711	0.5
5162	7712	0.5
5163	5163	1.0
5163	7713	0.5
5163	7714	0.5
5164	5164	1.0
5164	7713	0.5
5164	7714	0.5
5165	5165	1.0
5165	7715	0.5
5165	7716	0.5
5166	5166	1.0
5166	7715	0.5
5166	7716	0.5
5167	5167	1.0
5167	7717	0.5
5167	7718	0.5
5168	5168	1.0
5168	7717	0.5
5168	7718	0.5
5169	5169	1.0
5169	7719	0.5
5169	7720	0.5
5170	5170	1.0
5170	7719	0.5
5170	7720	0.5
5171	5171	1.0
5171	7721	0.5
5171	7722	0.5
5172	5172	1.0
5172	7721	0.5
5172	7722	0.5
5173	5173	1.0
5173	7723	0.5
5173	7724	0.5
5174	5174	1.0
5174	7723	0.5
5174	7724	0.5
5175	5175	1.0
5175	7725	0.5
5175	7726	0.5
5176	5176	1.0
5176	7725	0.5
5176	7726	0.5
5177	5177	1.0
5177	7727	0.5
5177	7728	0.5
5178	5178	1.0
5178	7727	0.5
5178	7728	0.5
5179	5179	1.0
5179	7729	0.5
5179	7730	0.5
5180	5180	1.0
5180	7729	0.5
5180	7730	0.5
5181	5181	1.0
5181	7731	0.5
5181	7732	0.5
5182	5182	1.0
5182	7731	0.5
5182	7732	0.5
5183	5183	1.0
5183	7733	0.5
5183	7734	0.5
5184	5184	1.0
5184	7733	0.5
5184	7734	0.5
5185	5185	1.0
5185	7735	0.5
5185	7736	0.5
5186	5186	1.0
5186	7735	0.5
5186	7736	0.5
5187	5187	1.0
5187	7737	0.5
5187	7738	0.5
5188	5188	1.0
5188	7737	0.5
5188	7738	0.5
5189	5189	1.0
5189	7739	0.5
5189	7740	0.5
5190	5190	1.0
5190	7739	0.5
5190	7740	0.5
5191	5191	1.0
5191	7741	0.5
5191	7742	0.5
5192	5192	1.0
5192	7741	0.5
5192	7742	0.5
5193	5193	1.0
5193	7743	0.5
5193	7744	0.5
5194	5194	1.0
5194	7743	0.5
5194	7744	0.5
5195	5195	1.0
5195	7745	0.5
5195	7746	0.5
5196	5196	1.0
5196	7745	0.5
5196	7746	0.5
5197	5197	1.0
5197	7747	0.5
5197	7748	0.5
5198	5198	1.0
5198	7747	0.5
5198	7748	0.5
5199	5199	1.0
5199	7749	0.5
5199	7750	0.5
5200	5200	1.0
5200	7749	0.5
5200	7750	0.5
5201	5201	1.0
5201	7751	0.5
5201	7752	0.5
5202	5202	1.0
5202	7751	0.5
5202	7752	0.5
5203	5203	1.0
5203	7753	0.5
5203	7754	0.5
5204	5204	1.0
5204	7753	0.5
5204	7754	0.5
5205	5205	1.0
5205	7755	0.5
5205	7756	0.5
5206	5206	1.0
5206	7755	0.5
5206	7756	0.5
5207	5207	1.0
5207	7757	0.5
5207	7758	0.5
5208	5208	1.0
5208	7757	0.5
5208	7758	0.5
5209	5209	1.0
5209	7759	0.5
5209	7760	0.5
5210	5210	1.0
5210	7759	0.5
5210	7760	0.5
5211	5211	1.0
5211	7761	0.5
5211	7762	0.5
5212	5212	1.0
5212	7761	0.5
5212	7762	0.5
5213	5213	1.0
5213	7763	0.5
5213	7764	0.5
5214	5214	1.0
5214	7763	0.5
5214	7764	0.5
5215	5215	1.0
5215	7765	0.5
5215	7766	0.5
5216	5216	1.0
5216	7765	0.5
5216	7766	0.5
5217	5217	1.0
5217	7767	0.5
5217	7768	0.5
5218	5218	1.0
5218	7767	0.5
5218	7768	0.5
5219	5219	1.0
5219	7769	0.5
5219	7770	0.5
5220	5220	1.0
5220	7769	0.5
5220	7770	0.5
5221	5221	1.0
5221	7771	0.5
5221	7772	0.5
5222	5222	1.0
5222	7771	0.5
5222	7772	0.5
5223	5223	1.0
5223	7773	0.5
5223	7774	0.5
5224	5224	1.0
5224	7773	0.5
5224	7774	0.5
5225	5225	1.0
5225	7775	0.5
5225	7776	0.5
5226	5226	1.0
5226	7775	0.5
5226	7776	0.5
5227	5227	1.0
5227	7777	0.5
5227	7778	0.5
5228	5228	1.0
5228	7777	0.5
5228	7778	0.5
5229	5229	1.0
5229	7779	0.5
5229	7780	0.5
5230	5230	1.0
5230	7779	0.5
5230	7780	0.5
5231	5231	1.0
5231	7781	0.5
5231	7782	0.5
5232	5232	1.0
5232	7781	0.5
5232	7782	0.5
5233	5233	1.0
5233	7783	0.5
5233	7784	0.5
5234	5234	1.0
5234	7783	0.5
5234	7784	0.5
5235	5235	1.0
5235	7785	0.5
5235	7786	0.5
5236	5236	1.0
5236	7785	0.5
5236	7786	0.5
5237	5237	1.0
5237	7787	0.5
5237	7788	0.5
5238	5238	1.0
5238	7787	0.5
5238	7788	0.5
5239	5239	1.0
5239	7789	0.5
5239	7790	0.5
5240	5240	1.0
5240	7789	0.5
5240	7790	0.5
5241	5241	1.0
5241	7791	0.5
5241	7792	0.5
5242	5242	1.0
5242	7791	0.5
5242	7792	0.5
5243	5243	1.0
5243	7793	0.5
5243	7794	0.5
5244	5244	1.0
5244	7793	0.5
5244	7794	0.5
5245	5245	1.0
5245	7795	0.5
5245	7796	0.5
5246	5246	1.0
5246	7795	0.5
5246	7796	0.5
5247	5247	1.0
5247	7797	0.5
5247	7798	0.5
5248	5248	1.0
5248	7797	0.5
5248	7798	0.5
5249	5249	1.0
5249	7799	0.5
5249	7800	0.5
5250	5250	1.0
5250	7799	0.5
5250	7800	0.5
5251	5251	1.0
5251	7801	0.5
5251	7802	0.5
5252	5252	1.0
5252	7801	0.5
5252	7802	0.5
5253	5253	1.0
5253	7803	0.5
5253	7804	0.5
5254	5254	1.0
5254	7803	0.5
5254	7804	0.5
5255	5255	1.0
5255	7805	0.5
5255	7806	0.5
5256	5256	1.0
5256	7805	0.5
5256	7806	0.5
5257	5257	1.0
5257	7807	0.5
5257	7808	0.5
5258	5258	1.0
5258	7807	0.5
5258	7808	0.5
5259	5259	1.0
5259	7809	0.5
5259	7810	0.5
5260	5260	1.0
5260	7809	0.5
5260	7810	0.5
5261	5261	1.0
5261	7811	0.5
5261	7812	0.5
5262	5262	1.0
5262	7811	0.5
5262	7812	0.5
5263	5263	1.0
5263	7813	0.5
5263	7814	0.5
5264	5264	1.0
5264	7813	0.5
5264	7814	0.5
5265	5265	1.0
5265	7815	0.5
5265	7816	0.5
5266	5266	1.0
5266	7815	0.5
5266	7816	0.5
5267	5267	1.0
5267	7817	0.5
5267	7818	0.5
5268	5268	1.0
5268	7817	0.5
5268	7818	0.5
5269	5269	1.0
5269	7819	0.5
5269	7820	0.5
5270	5270	1.0
5270	7819	0.5
5270	7820	0.5
5271	5271	1.0
5271	7821	0.5
5271	7822	0.5
5272	5272	1.0
5272	7821	0.5
5272	7822	0.5
5273	5273	1.0
5273	7823	0.5
5273	7824	0.5
5274	5274	1.0
5274	7823	0.5
5274	7824	0.5
5275	5275	1.0
5275	7825	0.5
5275	7826	0.5
5276	5276	1.0
5276	7825	0.5
5276	7826	0.5
5277	5277	1.0
5277	7827	0.5
5277	7828	0.5
5278	5278	1.0
5278	7827	0.5
5278	7828	0.5
5279	5279	1.0
5279	7829	0.5
5279	7830	0.5
5280	5280	1.0
5280	7829	0.5
5280	7830	0.5
5281	5281	1.0
5281	7831	0.5
5281	7832	0.5
5282	5282	1.0
5282	7831	0.5
5282	7832	0.5
5283	5283	1.0
5283	7833	0.5
5283	7834	0.5
5284	5284	1.0
5284	7833	0.5
5284	7834	0.5
5285	5285	1.0
5285	7835	0.5
5285	7836	0.5
5286	5286	1.0
5286	7835	0.5
5286	7836	0.5
5287	5287	1.0
5287	7837	0.5
5287	7838	0.5
5288	5288	1.0
5288	7837	0.5
5288	7838	0.5
5289	5289	1.0
5289	7839	0.5
5289	7840	0.5
5290	5290	1.0
5290	7839	0.5
5290	7840	0.5
5291	5291	1.0
5291	7841	0.5
5291	7842	0.5
5292	5292	1.0
5292	7841	0.5
5292	7842	0.5
5293	5293	1.0
5293	7843	0.5
5293	7844	0.5
5294	5294	1.0
5294	7843	0.5
5294	7844	0.5
5295	5295	1.0
5295	7845	0.5
5295	7846	0.5
5296	5296	1.0
5296	7845	0.5
5296	7846	0.5
5297	5297	1.0
5297	7847	0.5
5297	7848	0.5
5298	5298	1.0
5298	7847	0.5
5298	7848	0.5
5299	5299	1.0
5299	7849	0.5
5299	7850	0.5
5300	5300	1.0
5300	7849	0.5
5300	7850	0.5
5301	5301	1.0
5301	7851	0.5
5301	7852	0.5
5302	5302	1.0
5302	7851	0.5
5302	7852	0.5
5303	5303	1.0
5303	7853	0.5
5303	7854	0.5
5304	5304	1.0
5304	7853	0.5
5304	7854	0.5
5305	5305	1.0
5305	7855	0.5
5305	7856	0.5
5306	5306	1.0
5306	7855	0.5
5306	7856	0.5
5307	5307	1.0
5307	7857	0.5
5307	7858	0.5
5308	5308	1.0
5308	7857	0.5
5308	7858	0.5
5309	5309	1.0
5309	7859	0.5
5309	7860	0.5
5310	5310	1.0
5310	7859	0.5
5310	7860	0.5
5311	5311	1.0
5311	7861	0.5
5311	7862	0.5
5312	5312	1.0
5312	7861	0.5
5312	7862	0.5
5313	5313	1.0
5313	7863	0.5
5313	7864	0.5
5314	5314	1.0
5314	7863	0.5
5314	7864	0.5
5315	5315	1.0
5315	7865	0.5
5315	7866	0.5
5316	5316	1.0
5316	7865	0.5
5316	7866	0.5
5317	5317	1.0
5317	7867	0.5
5317	7868	0.5
5318	5318	1.0
5318	7867	0.5
5318	7868	0.5
5319	5319	1.0
5319	7869	0.5
5319	7870	0.5
5320	5320	1.0
5320	7869	0.5
5320	7870	0.5
5321	5321	1.0
5321	7871	0.5
5321	7872	0.5
5322	5322	1.0
5322	7871	0.5
5322	7872	0.5
5323	5323	1.0
5323	7873	0.5
5323	7874	0.5
5324	5324	1.0
5324	7873	0.5
5324	7874	0.5
5325	5325	1.0
5325	7875	0.5
5325	7876	0.5
5326	5326	1.0
5326	7875	0.5
5326	7876	0.5
5327	5327	1.0
5327	7877	0.5
5327	7878	0.5
5328	5328	1.0
5328	7877	0.5
5328	7878	0.5
5329	5329	1.0
5329	7879	0.5
5329	7880	0.5
5330	5330	1.0
5330	7879	0.5
5330	7880	0.5
5331	5331	1.0
5331	7881	0.5
5331	7882	0.5
5332	5332	1.0
5332	7881	0.5
5332	7882	0.5
5333	5333	1.0
5333	7883	0.5
5333	7884	0.5
5334	5334	1.0
5334	7883	0.5
5334	7884	0.5
5335	5335	1.0
5335	7885	0.5
5335	7886	0.5
5336	5336	1.0
5336	7885	0.5
5336	7886	0.5
5337	5337	1.0
5337	7887	0.5
5337	7888	0.5
5338	5338	1.0
5338	7887	0.5
5338	7888	0.5
5339	5339	1.0
5339	7889	0.5
5339	7890	0.5
5340	5340	1.0
5340	7889	0.5
5340	7890	0.5
5341	5341	1.0
5341	7891	0.5
5341	7892	0.5
5342	5342	1.0
5342	7891	0.5
5342	7892	0.5
5343	5343	1.0
5343	7893	0.5
5343	7894	0.5
5344	5344	1.0
5344	7893	0.5
5344	7894	0.5
5345	5345	1.0
5345	7895	0.5
5345	7896	0.5
5346	5346	1.0
5346	7895	0.5
5346	7896	0.5
5347	5347	1.0
5347	7897	0.5
5347	7898	0.5
5348	5348	1.0
5348	7897	0.5
5348	7898	0.5
5349	5349	1.0
5349	7899	0.5
5349	7900	0.5
5350	5350	1.0
5350	7899	0.5
5350	7900	0.5
5351	5351	1.0
5351	7901	0.5
5351	7902	0.5
5352	5352	1.0
5352	7901	0.5
5352	7902	0.5
5353	5353	1.0
5353	7903	0.5
5353	7904	0.5
5354	5354	1.0
5354	7903	0.5
5354	7904	0.5
5355	5355	1.0
5355	7905	0.5
5355	7906	0.5
5356	5356	1.0
5356	7905	0.5
5356	7906	0.5
5357	5357	1.0
5357	7907	0.5
5357	7908	0.5
5358	5358	1.0
5358	7907	0.5
5358	7908	0.5
5359	5359	1.0
5359	7909	0.5
5359	7910	0.5
5360	5360	1.0
5360	7909	0.5
5360	7910	0.5
5361	5361	1.0
5361	7911	0.5
5361	7912	0.5
5362	5362	1.0
5362	7911	0.5
5362	7912	0.5
5363	5363	1.0
5363	7913	0.5
5363	7914	0.5
5364	5364	1.0
5364	7913	0.5
5364	7914	0.5
5365	5365	1.0
5365	7915	0.5
5365	7916	0.5
5366	5366	1.0
5366	7915	0.5
5366	7916	0.5
5367	5367	1.0
5367	7917	0.5
5367	7918	0.5
5368	5368	1.0
5368	7917	0.5
5368	7918	0.5
5369	5369	1.0
5369	7919	0.5
5369	7920	0.5
5370	5370	1.0
5370	7919	0.5
5370	7920	0.5
5371	5371	1.0
5371	7921	0.5
5371	7922	0.5
5372	5372	1.0
5372	7921	0.5
5372	7922	0.5
5373	5373	1.0
5373	7923	0.5
5373	7924	0.5
5374	5374	1.0
5374	7923	0.5
5374	7924	0.5
5375	5375	1.0
5375	7925	0.5
5375	7926	0.5
5376	5376	1.0
5376	7925	0.5
5376	7926	0.5
5377	5377	1.0
5377	7927	0.5
5377	7928	0.5
5378	5378	1.0
5378	7927	0.5
5378	7928	0.5
5379	5379	1.0
5379	7929	0.5
5379	7930	0.5
5380	5380	1.0
5380	7929	0.5
5380	7930	0.5
5381	5381	1.0
5381	7931	0.5
5381	7932	0.5
5382	5382	1.0
5382	7931	0.5
5382	7932	0.5
5383	5383	1.0
5383	7933	0.5
5383	7934	0.5
5384	5384	1.0
5384	7933	0.5
5384	7934	0.5
5385	5385	1.0
5385	7935	0.5
5385	7936	0.5
5386	5386	1.0
5386	7935	0.5
5386	7936	0.5
5387	5387	1.0
5387	7937	0.5
5387	7938	0.5
5388	5388	1.0
5388	7937	0.5
5388	7938	0.5
5389	5389	1.0
5389	7939	0.5
5389	7940	0.5
5390	5390	1.0
5390	7939	0.5
5390	7940	0.5
5391	5391	1.0
5391	7941	0.5
5391	7942	0.5
5392	5392	1.0
5392	7941	0.5
5392	7942	0.5
5393	5393	1.0
5393	7943	0.5
5393	7944	0.5
5394	5394	1.0
5394	7943	0.5
5394	7944	0.5
5395	5395	1.0
5395	7945	0.5
5395	7946	0.5
5396	5396	1.0
5396	7945	0.5
5396	7946	0.5
5397	5397	1.0
5397	7947	0.5
5397	7948	0.5
5398	5398	1.0
5398	7947	0.5
5398	7948	0.5
5399	5399	1.0
5399	7949	0.5
5399	7950	0.5
5400	5400	1.0
5400	7949	0.5
5400	7950	0.5
5401	5401	1.0
5401	7951	0.5
5401	7952	0.5
5402	5402	1.0
5402	7951	0.5
5402	7952	0.5
5403	5403	1.0
5403	7953	0.5
5403	7954	0.5
5404	5404	1.0
5404	7953	0.5
5404	7954	0.5
5405	5405	1.0
5405	7955	0.5
5405	7956	0.5
5406	5406	1.0
5406	7955	0.5
5406	7956	0.5
5407	5407	1.0
5407	7957	0.5
5407	7958	0.5
5408	5408	1.0
5408	7957	0.5
5408	7958	0.5
5409	5409	1.0
5409	7959	0.5
5409	7960	0.5
5410	5410	1.0
5410	7959	0.5
5410	7960	0.5
5411	5411	1.0
5411	7961	0.5
5411	7962	0.5
5412	5412	1.0
5412	7961	0.5
5412	7962	0.5
5413	5413	1.0
5413	7963	0.5
5413	7964	0.5
5414	5414	1.0
5414	7963	0.5
5414	7964	0.5
5415	5415	1.0
5415	7965	0.5
5415	7966	0.5
5416	5416	1.0
5416	7965	0.5
5416	7966	0.5
5417	5417	1.0
5417	7967	0.5
5417	7968	0.5
5418	5418	1.0
5418	7967	0.5
5418	7968	0.5
5419	5419	1.0
5419	7969	0.5
5419	7970	0.5
5420	5420	1.0
5420	7969	0.5
5420	7970	0.5
5421	5421	1.0
5421	7971	0.5
5421	7972	0.5
5422	5422	1.0
5422	7971	0.5
5422	7972	0.5
5423	5423	1.0
5423	7973	0.5
5423	7974	0.5
5424	5424	1.0
5424	7973	0.5
5424	7974	0.5
5425	5425	1.0
5425	7975	0.5
5425	7976	0.5
5426	5426	1.0
5426	7975	0.5
5426	7976	0.5
5427	5427	1.0
5427	7977	0.5
5427	7978	0.5
5428	5428	1.0
5428	7977	0.5
5428	7978	0.5
5429	5429	1.0
5429	7979	0.5
5429	7980	0.5
5430	5430	1.0
5430	7979	0.5
5430	7980	0.5
5431	5431	1.0
5431	7981	0.5
5431	7982	0.5
5432	5432	1.0
5432	7981	0.5
5432	7982	0.5
5433	5433	1.0
5433	7983	0.5
5433	7984	0.5
5434	5434	1.0
5434	7983	0.5
5434	7984	0.5
5435	5435	1.0
5435	7985	0.5
5435	7986	0.5
5436	5436	1.0
5436	7985	0.5
5436	7986	0.5
5437	5437	1.0
5437	7987	0.5
5437	7988	0.5
5438	5438	1.0
5438	7987	0.5
5438	7988	0.5
5439	5439	1.0
5439	7989	0.5
5439	7990	0.5
5440	5440	1.0
5440	7989	0.5
5440	7990	0.5
5441	5441	1.0
5441	7991	0.5
5441	7992	0.5
5442	5442	1.0
5442	7991	0.5
5442	7992	0.5
5443	5443	1.0
5443	7993	0.5
5443	7994	0.5
5444	5444	1.0
5444	7993	0.5
5444	7994	0.5
5445	5445	1.0
5445	7995	0.5
5445	7996	0.5
5446	5446	1.0
5446	7995	0.5
5446	7996	0.5
5447	5447	1.0
5447	7997	0.5
5447	7998	0.5
5448	5448	1.0
5448	7997	0.5
5448	7998	0.5
5449	5449	1.0
5449	7999	0.5
5449	8000	0.5
5450	5450	1.0
5450	7999	0.5
5450	8000	0.5
5451	5451	1.0
5451	8001	0.5
5451	8002	0.5
5452	5452	1.0
5452	8001	0.5
5452	8002	0.5
5453	5453	1.0
5453	8003	0.5
5453	8004	0.5
5454	5454	1.0
5454	8003	0.5
5454	8004	0.5
5455	5455	1.0
5455	8005	0.5
5455	8006	0.5
5456	5456	1.0
5456	8005	0.5
5456	8006	0.5
5457	5457	1.0
5457	8007	0.5
5457	8008	0.5
5458	5458	1.0
5458	8007	0.5
5458	8008	0.5
5459	5459	1.0
5459	8009	0.5
5459	8010	0.5
5460	5460	1.0
5460	8009	0.5
5460	8010	0.5
5461	5461	1.0
5461	8011	0.5
5461	8012	0.5
5462	5462	1.0
5462	8011	0.5
5462	8012	0.5
5463	5463	1.0
5463	8013	0.5
5463	8014	0.5
5464	5464	1.0
5464	8013	0.5
5464	8014	0.5
5465	5465	1.0
5465	8015	0.5
5465	8016	0.5
5466	5466	1.0
5466	8015	0.5
5466	8016	0.5
5467	5467	1.0
5467	8017	0.5
5467	8018	0.5
5468	5468	1.0
5468	8017	0.5
5468	8018	0.5
5469	5469	1.0
5469	8019	0.5
5469	8020	0.5
5470	5470	1.0
5470	8019	0.5
5470	8020	0.5
5471	5471	1.0
5471	8021	0.5
5471	8022	0.5
5472	5472	1.0
5472	8021	0.5
5472	8022	0.5
5473	5473	1.0
5473	8023	0.5
5473	8024	0.5
5474	5474	1.0
5474	8023	0.5
5474	8024	0.5
5475	5475	1.0
5475	8025	0.5
5475	8026	0.5
5476	5476	1.0
5476	8025	0.5
5476	8026	0.5
5477	5477	1.0
5477	8027	0.5
5477	8028	0.5
5478	5478	1.0
5478	8027	0.5
5478	8028	0.5
5479	5479	1.0
5479	8029	0.5
5479	8030	0.5
5480	5480	1.0
5480	8029	0.5
5480	8030	0.5
5481	5481	1.0
5481	8031	0.5
5481	8032	0.5
5482	5482	1.0
5482	8031	0.5
5482	8032	0.5
5483	5483	1.0
5483	8033	0.5
5483	8034	0.5
5484	5484	1.0
5484	8033	0.5
5484	8034	0.5
5485	5485	1.0
5485	8035	0.5
5485	8036	0.5
5486	5486	1.0
5486	8035	0.5
5486	8036	0.5
5487	5487	1.0
5487	8037	0.5
5487	8038	0.5
5488	5488	1.0
5488	8037	0.5
5488	8038	0.5
5489	5489	1.0
5489	8039	0.5
5489	8040	0.5
5490	5490	1.0
5490	8039	0.5
5490	8040	0.5
5491	5491	1.0
5491	8041	0.5
5491	8042	0.5
5492	5492	1.0
5492	8041	0.5
5492	8042	0.5
5493	5493	1.0
5493	8043	0.5
5493	8044	0.5
5494	5494	1.0
5494	8043	0.5
5494	8044	0.5
5495	5495	1.0
5495	8045	0.5
5495	8046	0.5
5496	5496	1.0
5496	8045	0.5
5496	8046	0.5
5497	5497	1.0
5497	8047	0.5
5497	8048	0.5
5498	5498	1.0
5498	8047	0.5
5498	8048	0.5
5499	5499	1.0
5499	8049	0.5
5499	8050	0.5
5500	5500	1.0
5500	8049	0.5
5500	8050	0.5
5501	5501	1.0
5501	8051	0.5
5501	8052	0.5
5502	5502	1.0
5502	8051	0.5
5502	8052	0.5
5503	5503	1.0
5503	8053	0.5
5503	8054	0.5
5504	5504	1.0
5504	8053	0.5
5504	8054	0.5
5505	5505	1.0
5505	8055	0.5
5505	8056	0.5
5506	5506	1.0
5506	8055	0.5
5506	8056	0.5
5507	5507	1.0
5507	8057	0.5
5507	8058	0.5
5508	5508	1.0
5508	8057	0.5
5508	8058	0.5
5509	5509	1.0
5509	8059	0.5
5509	8060	0.5
5510	5510	1.0
5510	8059	0.5
5510	8060	0.5
5511	5511	1.0
5511	8061	0.5
5511	8062	0.5
5512	5512	1.0
5512	8061	0.5
5512	8062	0.5
5513	5513	1.0
5513	8063	0.5
5513	8064	0.5
5514	5514	1.0
5514	8063	0.5
5514	8064	0.5
5515	5515	1.0
5515	8065	0.5
5515	8066	0.5
5516	5516	1.0
5516	8065	0.5
5516	8066	0.5
5517	5517	1.0
5517	8067	0.5
5517	8068	0.5
5518	5518	1.0
5518	8067	0.5
5518	8068	0.5
5519	5519	1.0
5519	8069	0.5
5519	8070	0.5
5520	5520	1.0
5520	8069	0.5
5520	8070	0.5
5521	5521	1.0
5521	8071	0.5
5521	8072	0.5
5522	5522	1.0
5522	8071	0.5
5522	8072	0.5
5523	5523	1.0
5523	8073	0.5
5523	8074	0.5
5524	5524	1.0
5524	8073	0.5
5524	8074	0.5
5525	5525	1.0
5525	8075	0.5
5525	8076	0.5
5526	5526	1.0
5526	8075	0.5
5526	8076	0.5
5527	5527	1.0
5527	8077	0.5
5527	8078	0.5
5528	5528	1.0
5528	8077	0.5
5528	8078	0.5
5529	5529	1.0
5529	8079	0.5
5529	8080	0.5
5530	5530	1.0
5530	8079	0.5
5530	8080	0.5
5531	5531	1.0
5531	8081	0.5
5531	8082	0.5
5532	5532	1.0
5532	8081	0.5
5532	8082	0.5
5533	5533	1.0
5533	8083	0.5
5533	8084	0.5
5534	5534	1.0
5534	8083	0.5
5534	8084	0.5
5535	5535	1.0
5535	8085	0.5
5535	8086	0.5
5536	5536	1.0
5536	8085	0.5
5536	8086	0.5
5537	5537	1.0
5537	8087	0.5
5537	8088	0.5
5538	5538	1.0
5538	8087	0.5
5538	8088	0.5
5539	5539	1.0
5539	8089	0.5
5539	8090	0.5
5540	5540	1.0
5540	8089	0.5
5540	8090	0.5
5541	5541	1.0
5541	8091	0.5
5541	8092	0.5
5542	5542	1.0
5542	8091	0.5
5542	8092	0.5
5543	5543	1.0
5543	8093	0.5
5543	8094	0.5
5544	5544	1.0
5544	8093	0.5
5544	8094	0.5
5545	5545	1.0
5545	8095	0.5
5545	8096	0.5
5546	5546	1.0
5546	8095	0.5
5546	8096	0.5
5547	5547	1.0
5547	8097	0.5
5547	8098	0.5
5548	5548	1.0
5548	8097	0.5
5548	8098	0.5
5549	5549	1.0
5549	8099	0.5
5549	8100	0.5
5550	5550	1.0
5550	8099	0.5
5550	8100	0.5
5551	5551	1.0
5551	8101	0.5
5551	8102	0.5
5552	5552	1.0
5552	8101	0.5
5552	8102	0.5
5553	5553	1.0
5553	8103	0.5
5553	8104	0.5
5554	5554	1.0
5554	8103	0.5
5554	8104	0.5
5555	5555	1.0
5555	8105	0.5
5555	8106	0.5
5556	5556	1.0
5556	8105	0.5
5556	8106	0.5
5557	5557	1.0
5557	8107	0.5
5557	8108	0.5
5558	5558	1.0
5558	8107	0.5
5558	8108	0.5
5559	5559	1.0
5559	8109	0.5
5559	8110	0.5
5560	5560	1.0
5560	8109	0.5
5560	8110	0.5
5561	5561	1.0
5561	8111	0.5
5561	8112	0.5
5562	5562	1.0
5562	8111	0.5
5562	8112	0.5
5563	5563	1.0
5563	8113	0.5
5563	8114	0.5
5564	5564	1.0
5564	8113	0.5
5564	8114	0.5
5565	5565	1.0
5565	8115	0.5
5565	8116	0.5
5566	5566	1.0
5566	8115	0.5
5566	8116	0.5
5567	5567	1.0
5567	8117	0.5
5567	8118	0.5
5568	5568	1.0
5568	8117	0.5
5568	8118	0.5
5569	5569	1.0
5569	8119	0.5
5569	8120	0.5
5570	5570	1.0
5570	8119	0.5
5570	8120	0.5
5571	5571	1.0
5571	8121	0.5
5571	8122	0.5
5572	5572	1.0
5572	8121	0.5
5572	8122	0.5
5573	5573	1.0
5573	8123	0.5
5573	8124	0.5
5574	5574	1.0
5574	8123	0.5
5574	8124	0.5
5575	5575	1.0
5575	8125	0.5
5575	8126	0.5
5576	5576	1.0
5576	8125	0.5
5576	8126	0.5
5577	5577	1.0
5577	8127	0.5
5577	8128	0.5
5578	5578	1.0
5578	8127	0.5
5578	8128	0.5
5579	5579	1.0
5579	8129	0.5
5579	8130	0.5
5580	5580	1.0
5580	8129	0.5
5580	8130	0.5
5581	5581	1.0
5581	8131	0.5
5581	8132	0.5
5582	5582	1.0
5582	8131	0.5
5582	8132	0.5
5583	5583	1.0
5583	8133	0.5
5583	8134	0.5
5584	5584	1.0
5584	8133	0.5
5584	8134	0.5
5585	5585	1.0
5585	8135	0.5
5585	8136	0.5
5586	5586	1.0
5586	8135	0.5
5586	8136	0.5
5587	5587	1.0
5587	8137	0.5
5587	8138	0.5
5588	5588	1.0
5588	8137	0.5
5588	8138	0.5
5589	5589	1.0
5589	8139	0.5
5589	8140	0.5
5590	5590	1.0
5590	8139	0.5
5590	8140	0.5
5591	5591	1.0
5591	8141	0.5
5591	8142	0.5
5592	5592	1.0
5592	8141	0.5
5592	8142	0.5
5593	5593	1.0
5593	8143	0.5
5593	8144	0.5
5594	5594	1.0
5594	8143	0.5
5594	8144	0.5
5595	5595	1.0
5595	8145	0.5
5595	8146	0.5
5596	5596	1.0
5596	8145	0.5
5596	8146	0.5
5597	5597	1.0
5597	8147	0.5
5597	8148	0.5
5598	5598	1.0
5598	8147	0.5
5598	8148	0.5
5599	5599	1.0
5599	8149	0.5
5599	8150	0.5
5600	5600	1.0
5600	8149	0.5
5600	8150	0.5
5601	5601	1.0
5601	8151	0.5
5601	8152	0.5
5602	5602	1.0
5602	8151	0.5
5602	8152	0.5
5603	5603	1.0
5603	8153	0.5
5603	8154	0.5
5604	5604	1.0
5604	8153	0.5
5604	8154	0.5
5605	5605	1.0
5605	8155	0.5
5605	8156	0.5
5606	5606	1.0
5606	8155	0.5
5606	8156	0.5
5607	5607	1.0
5607	8157	0.5
5607	8158	0.5
5608	5608	1.0
5608	8157	0.5
5608	8158	0.5
5609	5609	1.0
5609	8159	0.5
5609	8160	0.5
5610	5610	1.0
5610	8159	0.5
5610	8160	0.5
5611	5611	1.0
5611	8161	0.5
5611	8162	0.5
5612	5612	1.0
5612	8161	0.5
5612	8162	0.5
5613	5613	1.0
5613	8163	0.5
5613	8164	0.5
5614	5614	1.0
5614	8163	0.5
5614	8164	0.5
5615	5615	1.0
5615	8165	0.5
5615	8166	0.5
5616	5616	1.0
5616	8165	0.5
5616	8166	0.5
5617	5617	1.0
5617	8167	0.5
5617	8168	0.5
5618	5618	1.0
5618	8167	0.5
5618	8168	0.5
5619	5619	1.0
5619	8169	0.5
5619	8170	0.5
5620	5620	1.0
5620	8169	0.5
5620	8170	0.5
5621	5621	1.0
5621	8171	0.5
5621	8172	0.5
5622	5622	1.0
5622	8171	0.5
5622	8172	0.5
5623	5623	1.0
5623	8173	0.5
5623	8174	0.5
5624	5624	1.0
5624	8173	0.5
5624	8174	0.5
5625	5625	1.0
5625	8175	0.5
5625	8176	0.5
5626	5626	1.0
5626	8175	0.5
5626	8176	0.5
5627	5627	1.0
5627	8177	0.5
5627	8178	0.5
5628	5628	1.0
5628	8177	0.5
5628	8178	0.5
5629	5629	1.0
5629	8179	0.5
5629	8180	0.5
5630	5630	1.0
5630	8179	0.5
5630	8180	0.5
5631	5631	1.0
5631	8181	0.5
5631	8182	0.5
5632	5632	1.0
5632	8181	0.5
5632	8182	0.5
5633	5633	1.0
5633	8183	0.5
5633	8184	0.5
5634	5634	1.0
5634	8183	0.5
5634	8184	0.5
5635	5635	1.0
5635	8185	0.5
5635	8186	0.5
5636	5636	1.0
5636	8185	0.5
5636	8186	0.5
5637	5637	1.0
5637	8187	0.5
5637	8188	0.5
5638	5638	1.0
5638	8187	0.5
5638	8188	0.5
5639	5639	1.0
5639	8189	0.5
5639	8190	0.5
5640	5640	1.0
5640	8189	0.5
5640	8190	0.5
5641	5641	1.0
5641	8191	0.5
5641	8192	0.5
5642	5642	1.0
5642	8191	0.5
5642	8192	0.5
5643	5643	1.0
5643	8193	0.5
5643	8194	0.5
5644	5644	1.0
5644	8193	0.5
5644	8194	0.5
5645	5645	1.0
5645	8195	0.5
5645	8196	0.5
5646	5646	1.0
5646	8195	0.5
5646	8196	0.5
5647	5647	1.0
5647	8197	0.5
5647	8198	0.5
5648	5648	1.0
5648	8197	0.5
5648	8198	0.5
5649	5649	1.0
5649	8199	0.5
5649	8200	0.5
5650	5650	1.0
5650	8199	0.5
5650	8200	0.5
5651	5651	1.0
5651	8201	0.5
5651	8202	0.5
5652	5652	1.0
5652	8201	0.5
5652	8202	0.5
5653	5653	1.0
5653	8203	0.5
5653	8204	0.5
5654	5654	1.0
5654	8203	0.5
5654	8204	0.5
5655	5655	1.0
5655	8205	0.5
5655	8206	0.5
5656	5656	1.0
5656	8205	0.5
5656	8206	0.5
5657	5657	1.0
5657	8207	0.5
5657	8208	0.5
5658	5658	1.0
5658	8207	0.5
5658	8208	0.5
5659	5659	1.0
5659	8209	0.5
5659	8210	0.5
5660	5660	1.0
5660	8209	0.5
5660	8210	0.5
5661	5661	1.0
5661	8211	0.5
5661	8212	0.5
5662	5662	1.0
5662	8211	0.5
5662	8212	0.5
5663	5663	1.0
5663	8213	0.5
5663	8214	0.5
5664	5664	1.0
5664	8213	0.5
5664	8214	0.5
5665	5665	1.0
5665	8215	0.5
5665	8216	0.5
5666	5666	1.0
5666	8215	0.5
5666	8216	0.5
5667	5667	1.0
5667	8217	0.5
5667	8218	0.5
5668	5668	1.0
5668	8217	0.5
5668	8218	0.5
5669	5669	1.0
5669	8219	0.5
5669	8220	0.5
5670	5670	1.0
5670	8219	0.5
5670	8220	0.5
5671	5671	1.0
5671	8221	0.5
5671	8222	0.5
5672	5672	1.0
5672	8221	0.5
5672	8222	0.5
5673	5673	1.0
5673	8223	0.5
5673	8224	0.5
5674	5674	1.0
5674	8223	0.5
5674	8224	0.5
5675	5675	1.0
5675	8225	0.5
5675	8226	0.5
5676	5676	1.0
5676	8225	0.5
5676	8226	0.5
5677	5677	1.0
5677	8227	0.5
5677	8228	0.5
5678	5678	1.0
5678	8227	0.5
5678	8228	0.5
5679	5679	1.0
5679	8229	0.5
5679	8230	0.5
5680	5680	1.0
5680	8229	0.5
5680	8230	0.5
5681	5681	1.0
5681	8231	0.5
5681	8232	0.5
5682	5682	1.0
5682	8231	0.5
5682	8232	0.5
5683	5683	1.0
5683	8233	0.5
5683	8234	0.5
5684	5684	1.0
5684	8233	0.5
5684	8234	0.5
5685	5685	1.0
5685	8235	0.5
5685	8236	0.5
5686	5686	1.0
5686	8235	0.5
5686	8236	0.5
5687	5687	1.0
5687	8237	0.5
5687	8238	0.5
5688	5688	1.0
5688	8237	0.5
5688	8238	0.5
5689	5689	1.0
5689	8239	0.5
5689	8240	0.5
5690	5690	1.0
5690	8239	0.5
5690	8240	0.5
5691	5691	1.0
5691	8241	0.5
5691	8242	0.5
5692	5692	1.0
5692	8241	0.5
5692	8242	0.5
5693	5693	1.0
5693	8243	0.5
5693	8244	0.5
5694	5694	1.0
5694	8243	0.5
5694	8244	0.5
5695	5695	1.0
5695	8245	0.5
5695	8246	0.5
5696	5696	1.0
5696	8245	0.5
5696	8246	0.5
5697	5697	1.0
5697	8247	0.5
5697	8248	0.5
5698	5698	1.0
5698	8247	0.5
5698	8248	0.5
5699	5699	1.0
5699	8249	0.5
5699	8250	0.5
5700	5700	1.0
5700	8249	0.5
5700	8250	0.5
5701	5701	1.0
5701	8251	0.5
5701	8252	0.5
5702	5702	1.0
5702	8251	0.5
5702	8252	0.5
5703	5703	1.0
5703	8253	0.5
5703	8254	0.5
5704	5704	1.0
5704	8253	0.5
5704	8254	0.5
5705	5705	1.0
5705	8255	0.5
5705	8256	0.5
5706	5706	1.0
5706	8255	0.5
5706	8256	0.5
5707	5707	1.0
5707	8257	0.5
5707	8258	0.5
5708	5708	1.0
5708	8257	0.5
5708	8258	0.5
5709	5709	1.0
5709	8259	0.5
5709	8260	0.5
5710	5710	1.0
5710	8259	0.5
5710	8260	0.5
5711	5711	1.0
5711	8261	0.5
5711	8262	0.5
5712	5712	1.0
5712	8261	0.5
5712	8262	0.5
5713	5713	1.0
5713	8263	0.5
5713	8264	0.5
5714	5714	1.0
5714	8263	0.5
5714	8264	0.5
5715	5715	1.0
5715	8265	0.5
5715	8266	0.5
5716	5716	1.0
5716	8265	0.5
5716	8266	0.5
5717	5717	1.0
5717	8267	0.5
5717	8268	0.5
5718	5718	1.0
5718	8267	0.5
5718	8268	0.5
5719	5719	1.0
5719	8269	0.5
5719	8270	0.5
5720	5720	1.0
5720	8269	0.5
5720	8270	0.5
5721	5721	1.0
5721	8271	0.5
5721	8272	0.5
5722	5722	1.0
5722	8271	0.5
5722	8272	0.5
5723	5723	1.0
5723	8273	0.5
5723	8274	0.5
5724	5724	1.0
5724	8273	0.5
5724	8274	0.5
5725	5725	1.0
5725	8275	0.5
5725	8276	0.5
5726	5726	1.0
5726	8275	0.5
5726	8276	0.5
5727	5727	1.0
5727	8277	0.5
5727	8278	0.5
5728	5728	1.0
5728	8277	0.5
5728	8278	0.5
5729	5729	1.0
5729	8279	0.5
5729	8280	0.5
5730	5730	1.0
5730	8279	0.5
5730	8280	0.5
5731	5731	1.0
5731	8281	0.5
5731	8282	0.5
5732	5732	1.0
5732	8281	0.5
5732	8282	0.5
5733	5733	1.0
5733	8283	0.5
5733	8284	0.5
5734	5734	1.0
5734	8283	0.5
5734	8284	0.5
5735	5735	1.0
5735	8285	0.5
5735	8286	0.5
5736	5736	1.0
5736	8285	0.5
5736	8286	0.5
5737	5737	1.0
5737	8287	0.5
5737	8288	0.5
5738	5738	1.0
5738	8287	0.5
5738	8288	0.5
5739	5739	1.0
5739	8289	0.5
5739	8290	0.5
5740	5740	1.0
5740	8289	0.5
5740	8290	0.5
5741	5741	1.0
5741	8291	0.5
5741	8292	0.5
5742	5742	1.0
5742	8291	0.5
5742	8292	0.5
5743	5743	1.0
5743	8293	0.5
5743	8294	0.5
5744	5744	1.0
5744	8293	0.5
5744	8294	0.5
5745	5745	1.0
5745	8295	0.5
5745	8296	0.5
5746	5746	1.0
5746	8295	0.5
5746	8296	0.5
5747	5747	1.0
5747	8297	0.5
5747	8298	0.5
5748	5748	1.0
5748	8297	0.5
5748	8298	0.5
5749	5749	1.0
5749	8299	0.5
5749	8300	0.5
5750	5750	1.0
5750	8299	0.5
5750	8300	0.5
5751	5751	1.0
5751	8301	0.5
5751	8302	0.5
5752	5752	1.0
5752	8301	0.5
5752	8302	0.5
5753	5753	1.0
5753	8303	0.5
5753	8304	0.5
5754	5754	1.0
5754	8303	0.5
5754	8304	0.5
5755	5755	1.0
5755	8305	0.5
5755	8306	0.5
5756	5756	1.0
5756	8305	0.5
5756	8306	0.5
5757	5757	1.0
5757	8307	0.5
5757	8308	0.5
5758	5758	1.0
5758	8307	0.5
5758	8308	0.5
5759	5759	1.0
5759	8309	0.5
5759	8310	0.5
5760	5760	1.0
5760	8309	0.5
5760	8310	0.5
5761	5761	1.0
5761	8311	0.5
5761	8312	0.5
5762	5762	1.0
5762	8311	0.5
5762	8312	0.5
5763	5763	1.0
5763	8313	0.5
5763	8314	0.5
5764	5764	1.0
5764	8313	0.5
5764	8314	0.5
5765	5765	1.0
5765	8315	0.5
5765	8316	0.5
5766	5766	1.0
5766	8315	0.5
5766	8316	0.5
5767	5767	1.0
5767	8317	0.5
5767	8318	0.5
5768	5768	1.0
5768	8317	0.5
5768	8318	0.5
5769	5769	1.0
5769	8319	0.5
5769	8320	0.5
5770	5770	1.0
5770	8319	0.5
5770	8320	0.5
5771	5771	1.0
5771	8321	0.5
5771	8322	0.5
5772	5772	1.0
5772	8321	0.5
5772	8322	0.5
5773	5773	1.0
5773	8323	0.5
5773	8324	0.5
5774	5774	1.0
5774	8323	0.5
5774	8324	0.5
5775	5775	1.0
5775	8325	0.5
5775	8326	0.5
5776	5776	1.0
5776	8325	0.5
5776	8326	0.5
5777	5777	1.0
5777	8327	0.5
5777	8328	0.5
5778	5778	1.0
5778	8327	0.5
5778	8328	0.5
5779	5779	1.0
5779	8329	0.5
5779	8330	0.5
5780	5780	1.0
5780	8329	0.5
5780	8330	0.5
5781	5781	1.0
5781	8331	0.5
5781	8332	0.5
5782	5782	1.0
5782	8331	0.5
5782	8332	0.5
5783	5783	1.0
5783	8333	0.5
5783	8334	0.5
5784	5784	1.0
5784	8333	0.5
5784	8334	0.5
5785	5785	1.0
5785	8335	0.5
5785	8336	0.5
5786	5786	1.0
5786	8335	0.5
5786	8336	0.5
5787	5787	1.0
5787	8337	0.5
5787	8338	0.5
5788	5788	1.0
5788	8337	0.5
5788	8338	0.5
5789	5789	1.0
5789	8339	0.5
5789	8340	0.5
5790	5790	1.0
5790	8339	0.5
5790	8340	0.5
5791	5791	1.0
5791	8341	0.5
5791	8342	0.5
5792	5792	1.0
5792	8341	0.5
5792	8342	0.5
5793	5793	1.0
5793	8343	0.5
5793	8344	0.5
5794	5794	1.0
5794	8343	0.5
5794	8344	0.5
5795	5795	1.0
5795	8345	0.5
5795	8346	0.5
5796	5796	1.0
5796	8345	0.5
5796	8346	0.5
5797	5797	1.0
5797	8347	0.5
5797	8348	0.5
5798	5798	1.0
5798	8347	0.5
5798	8348	0.5
5799	5799	1.0
5799	8349	0.5
5799	8350	0.5
5800	5800	1.0
5800	8349	0.5
5800	8350	0.5
5801	5801	1.0
5801	8351	0.5
5801	8352	0.5
5802	5802	1.0
5802	8351	0.5
5802	8352	0.5
5803	5803	1.0
5803	8353	0.5
5803	8354	0.5
5804	5804	1.0
5804	8353	0.5
5804	8354	0.5
5805	5805	1.0
5805	8355	0.5
5805	8356	0.5
5806	5806	1.0
5806	8355	0.5
5806	8356	0.5
5807	5807	1.0
5807	8357	0.5
5807	8358	0.5
5808	5808	1.0
5808	8357	0.5
5808	8358	0.5
5809	5809	1.0
5809	8359	0.5
5809	8360	0.5
5810	5810	1.0
5810	8359	0.5
5810	8360	0.5
5811	5811	1.0
5811	8361	0.5
5811	8362	0.5
5812	5812	1.0
5812	8361	0.5
5812	8362	0.5
5813	5813	1.0
5813	8363	0.5
5813	8364	0.5
5814	5814	1.0
5814	8363	0.5
5814	8364	0.5
5815	5815	1.0
5815	8365	0.5
5815	8366	0.5
5816	5816	1.0
5816	8365	0.5
5816	8366	0.5
5817	5817	1.0
5817	8367	0.5
5817	8368	0.5
5818	5818	1.0
5818	8367	0.5
5818	8368	0.5
5819	5819	1.0
5819	8369	0.5
5819	8370	0.5
5820	5820	1.0
5820	8369	0.5
5820	8370	0.5
5821	5821	1.0
5821	8371	0.5
5821	8372	0.5
5822	5822	1.0
5822	8371	0.5
5822	8372	0.5
5823	5823	1.0
5823	8373	0.5
5823	8374	0.5
5824	5824	1.0
5824	8373	0.5
5824	8374	0.5
5825	5825	1.0
5825	8375	0.5
5825	8376	0.5
5826	5826	1.0
5826	8375	0.5
5826	8376	0.5
5827	5827	1.0
5827	8377	0.5
5827	8378	0.5
5828	5828	1.0
5828	8377	0.5
5828	8378	0.5
5829	5829	1.0
5829	8379	0.5
5829	8380	0.5
5830	5830	1.0
5830	8379	0.5
5830	8380	0.5
5831	5831	1.0
5831	8381	0.5
5831	8382	0.5
5832	5832	1.0
5832	8381	0.5
5832	8382	0.5
5833	5833	1.0
5833	8383	0.5
5833	8384	0.5
5834	5834	1.0
5834	8383	0.5
5834	8384	0.5
5835	5835	1.0
5835	8385	0.5
5835	8386	0.5
5836	5836	1.0
5836	8385	0.5
5836	8386	0.5
5837	5837	1.0
5837	8387	0.5
5837	8388	0.5
5838	5838	1.0
5838	8387	0.5
5838	8388	0.5
5839	5839	1.0
5839	8389	0.5
5839	8390	0.5
5840	5840	1.0
5840	8389	0.5
5840	8390	0.5
5841	5841	1.0
5841	8391	0.5
5841	8392	0.5
5842	5842	1.0
5842	8391	0.5
5842	8392	0.5
5843	5843	1.0
5843	8393	0.5
5843	8394	0.5
5844	5844	1.0
5844	8393	0.5
5844	8394	0.5
5845	5845	1.0
5845	8395	0.5
5845	8396	0.5
5846	5846	1.0
5846	8395	0.5
5846	8396	0.5
5847	5847	1.0
5847	8397	0.5
5847	8398	0.5
5848	5848	1.0
5848	8397	0.5
5848	8398	0.5
5849	5849	1.0
5849	8399	0.5
5849	8400	0.5
5850	5850	1.0
5850	8399	0.5
5850	8400	0.5
5851	5851	1.0
5851	8401	0.5
5851	8402	0.5
5852	5852	1.0
5852	8401	0.5
5852	8402	0.5
5853	5853	1.0
5853	8403	0.5
5853	8404	0.5
5854	5854	1.0
5854	8403	0.5
5854	8404	0.5
5855	5855	1.0
5855	8405	0.5
5855	8406	0.5
5856	5856	1.0
5856	8405	0.5
5856	8406	0.5
5857	5857	1.0
5857	8407	0.5
5857	8408	0.5
5858	5858	1.0
5858	8407	0.5
5858	8408	0.5
5859	5859	1.0
5859	8409	0.5
5859	8410	0.5
5860	5860	1.0
5860	8409	0.5
5860	8410	0.5
5861	5861	1.0
5861	8411	0.5
5861	8412	0.5
5862	5862	1.0
5862	8411	0.5
5862	8412	0.5
5863	5863	1.0
5863	8413	0.5
5863	8414	0.5
5864	5864	1.0
5864	8413	0.5
5864	8414	0.5
5865	5865	1.0
5865	8415	0.5
5865	8416	0.5
5866	5866	1.0
5866	8415	0.5
5866	8416	0.5
5867	5867	1.0
5867	8417	0.5
5867	8418	0.5
5868	5868	1.0
5868	8417	0.5
5868	8418	0.5
5869	5869	1.0
5869	8419	0.5
5869	8420	0.5
5870	5870	1.0
5870	8419	0.5
5870	8420	0.5
5871	5871	1.0
5871	8421	0.5
5871	8422	0.5
5872	5872	1.0
5872	8421	0.5
5872	8422	0.5
5873	5873	1.0
5873	8423	0.5
5873	8424	0.5
5874	5874	1.0
5874	8423	0.5
5874	8424	0.5
5875	5875	1.0
5875	8425	0.5
5875	8426	0.5
5876	5876	1.0
5876	8425	0.5
5876	8426	0.5
5877	5877	1.0
5877	8427	0.5
5877	8428	0.5
5878	5878	1.0
5878	8427	0.5
5878	8428	0.5
5879	5879	1.0
5879	8429	0.5
5879	8430	0.5
5880	5880	1.0
5880	8429	0.5
5880	8430	0.5
5881	5881	1.0
5881	8431	0.5
5881	8432	0.5
5882	5882	1.0
5882	8431	0.5
5882	8432	0.5
5883	5883	1.0
5883	8433	0.5
5883	8434	0.5
5884	5884	1.0
5884	8433	0.5
5884	8434	0.5
5885	5885	1.0
5885	8435	0.5
5885	8436	0.5
5886	5886	1.0
5886	8435	0.5
5886	8436	0.5
5887	5887	1.0
5887	8437	0.5
5887	8438	0.5
5888	5888	1.0
5888	8437	0.5
5888	8438	0.5
5889	5889	1.0
5889	8439	0.5
5889	8440	0.5
5890	5890	1.0
5890	8439	0.5
5890	8440	0.5
5891	5891	1.0
5891	8441	0.5
5891	8442	0.5
5892	5892	1.0
5892	8441	0.5
5892	8442	0.5
5893	5893	1.0
5893	8443	0.5
5893	8444	0.5
5894	5894	1.0
5894	8443	0.5
5894	8444	0.5
5895	5895	1.0
5895	8445	0.5
5895	8446	0.5
5896	5896	1.0
5896	8445	0.5
5896	8446	0.5
5897	5897	1.0
5897	8447	0.5
5897	8448	0.5
5898	5898	1.0
5898	8447	0.5
5898	8448	0.5
5899	5899	1.0
5899	8449	0.5
5899	8450	0.5
5900	5900	1.0
5900	8449	0.5
5900	8450	0.5
5901	5901	1.0
5901	8451	0.5
5901	8452	0.5
5902	5902	1.0
5902	8451	0.5
5902	8452	0.5
5903	5903	1.0
5903	8453	0.5
5903	8454	0.5
5904	5904	1.0
5904	8453	0.5
5904	8454	0.5
5905	5905	1.0
5905	8455	0.5
5905	8456	0.5
5906	5906	1.0
5906	8455	0.5
5906	8456	0.5
5907	5907	1.0
5907	8457	0.5
5907	8458	0.5
5908	5908	1.0
5908	8457	0.5
5908	8458	0.5
5909	5909	1.0
5909	8459	0.5
5909	8460	0.5
5910	5910	1.0
5910	8459	0.5
5910	8460	0.5
5911	5911	1.0
5911	8461	0.5
5911	8462	0.5
5912	5912	1.0
5912	8461	0.5
5912	8462	0.5
5913	5913	1.0
5913	8463	0.5
5913	8464	0.5
5914	5914	1.0
5914	8463	0.5
5914	8464	0.5
5915	5915	1.0
5915	8465	0.5
5915	8466	0.5
5916	5916	1.0
5916	8465	0.5
5916	8466	0.5
5917	5917	1.0
5917	8467	0.5
5917	8468	0.5
5918	5918	1.0
5918	8467	0.5
5918	8468	0.5
5919	5919	1.0
5919	8469	0.5
5919	8470	0.5
5920	5920	1.0
5920	8469	0.5
5920	8470	0.5
5921	5921	1.0
5921	8471	0.5
5921	8472	0.5
5922	5922	1.0
5922	8471	0.5
5922	8472	0.5
5923	5923	1.0
5923	8473	0.5
5923	8474	0.5
5924	5924	1.0
5924	8473	0.5
5924	8474	0.5
5925	5925	1.0
5925	8475	0.5
5925	8476	0.5
5926	5926	1.0
5926	8475	0.5
5926	8476	0.5
5927	5927	1.0
5927	8477	0.5
5927	8478	0.5
5928	5928	1.0
5928	8477	0.5
5928	8478	0.5
5929	5929	1.0
5929	8479	0.5
5929	8480	0.5
5930	5930	1.0
5930	8479	0.5
5930	8480	0.5
5931	5931	1.0
5931	8481	0.5
5931	8482	0.5
5932	5932	1.0
5932	8481	0.5
5932	8482	0.5
5933	5933	1.0
5933	8483	0.5
5933	8484	0.5
5934	5934	1.0
5934	8483	0.5
5934	8484	0.5
5935	5935	1.0
5935	8485	0.5
5935	8486	0.5
5936	5936	1.0
5936	8485	0.5
5936	8486	0.5
5937	5937	1.0
5937	8487	0.5
5937	8488	0.5
5938	5938	1.0
5938	8487	0.5
5938	8488	0.5
5939	5939	1.0
5939	8489	0.5
5939	8490	0.5
5940	5940	1.0
5940	8489	0.5
5940	8490	0.5
5941	5941	1.0
5941	8491	0.5
5941	8492	0.5
5942	5942	1.0
5942	8491	0.5
5942	8492	0.5
5943	5943	1.0
5943	8493	0.5
5943	8494	0.5
5944	5944	1.0
5944	8493	0.5
5944	8494	0.5
5945	5945	1.0
5945	8495	0.5
5945	8496	0.5
5946	5946	1.0
5946	8495	0.5
5946	8496	0.5
5947	5947	1.0
5947	8497	0.5
5947	8498	0.5
5948	5948	1.0
5948	8497	0.5
5948	8498	0.5
5949	5949	1.0
5949	8499	0.5
5949	8500	0.5
5950	5950	1.0
5950	8499	0.5
5950	8500	0.5
5951	5951	1.0
5951	5952	0.5
5952	5952	1.0
5953	5953	1.0
5953	5954	0.5
5954	5954	1.0
5955	5955	1.0
5955	5956	0.5
5956	5956	1.0
5957	5957	1.0
5957	5958	0.5
5958	5958	1.0
5959	5959	1.0
5959	5960	0.5
5960	5960	1.0
5961	5961	1.0
5961	5962	0.5
5962	5962	1.0
5963	5963	1.0
5963	5964	0.5
5964	5964	1.0
5965	5965	1.0
5965	5966	0.5
5966	5966	1.0
5967	5967	1.0
5967	5968	0.5
5968	5968	1.0
5969	5969	1.0
5969	5970	0.5
5970	5970	1.0
5971	5971	1.0
5971	5972	0.5
5972	5972	1.0
5973	5973	1.0
5973	5974	0.5
5974	5974	1.0
5975	5975	1.0
5975	5976	0.5
5976	5976	1.0
5977	5977	1.0
5977	5978	0.5
5978	5978	1.0
5979	5979	1.0
5979	5980	0.5
5980	5980	1.0
5981	5981	1.0
5981	5982	0.5
5982	5982	1.0
5983	5983	1.0
5983	5984	0.5
5984	5984	1.0
5985	5985	1.0
5985	5986	0.5
5986	5986	1.0
5987	5987	1.0
5987	5988	0.5
5988	5988	1.0
5989	5989	1.0
5989	5990	0.5
5990	5990	1.0
5991	5991	1.0
5991	5992	0.5
5992	5992	1.0
5993	5993	1.0
5993	5994	0.5
5994	5994	1.0
5995	5995	1.0
5995	5996	0.5
5996	5996	1.0
5997	5997	1.0
5997	5998	0.5
5998	5998	1.0
5999	5999	1.0
5999	6000	0.5
6000	6000	1.0
6001	6001	1.0
6001	6002	0.5
6002	6002	1.0
6003	6003	1.0
6003	6004	0.5
6004	6004	1.0
6005	6005	1.0
6005	6006	0.5
6006	6006	1.0
6007	6007	1.0
6007	6008	0.5
6008	6008	1.0
6009	6009	1.0
6009	6010	0.5
6010	6010	1.0
6011	6011	1.0
6011	6012	0.5
6012	6012	1.0
6013	6013	1.0
6013	6014	0.5
6014	6014	1.0
6015	6015	1.0
6015	6016	0.5
6016	6016	1.0
6017	6017	1.0
6017	6018	0.5
6018	6018	1.0
6019	6019	1.0
6019	6020	0.5
6020	6020	1.0
6021	6021	1.0
6021	6022	0.5
6022	6022	1.0
6023	6023	1.0
6023	6024	0.5
6024	6024	1.0
6025	6025	1.0
6025	6026	0.5
6026	6026	1.0
6027	6027	1.0
6027	6028	0.5
6028	6028	1.0
6029	6029	1.0
6029	6030	0.5
6030	6030	1.0
6031	6031	1.0
6031	6032	0.5
6032	6032	1.0
6033	6033	1.0
6033	6034	0.5
6034	6034	1.0
6035	6035	1.0
6035	6036	0.5
6036	6036	1.0
6037	6037	1.0
6037	6038	0.5
6038	6038	1.0
6039	6039	1.0
6039	6040	0.5
6040	6040	1.0
6041	6041	1.0
6041	6042	0.5
6042	6042	1.0
6043	6043	1.0
6043	6044	0.5
6044	6044	1.0
6045	6045	1.0
6045	6046	0.5
6046	6046	1.0
6047	6047	1.0
6047	6048	0.5
6048	6048	1.0
6049	6049	1.0
6049	6050	0.5
6050	6050	1.0
6051	6051	1.0
6051	6052	0.5
6052	6052	1.0
6053	6053	1.0
6053	6054	0.5
6054	6054	1.0
6055	6055	1.0
6055	6056	0.5
6056	6056	1.0
6057	6057	1.0
6057	6058	0.5
6058	6058	1.0
6059	6059	1.0
6059	6060	0.5
6060	6060	1.0
6061	6061	1.0
6061	6062	0.5
6062	6062	1.0
6063	6063	1.0
6063	6064	0.5
6064	6064	1.0
6065	6065	1.0
6065	6066	0.5
6066	6066	1.0
6067	6067	1.0
6067	6068	0.5
6068	6068	1.0
6069	6069	1.0
6069	6070	0.5
6070	6070	1.0
6071	6071	1.0
6071	6072	0.5
6072	6072	1.0
6073	6073	1.0
6073	6074	0.5
6074	6074	1.0
6075	6075	1.0
6075	6076	0.5
6076	6076	1.0
6077	6077	1.0
6077	6078	0.5
6078	6078	1.0
6079	6079	1.0
6079	6080	0.5
6080	6080	1.0
6081	6081	1.0
6081	6082	0.5
6082	6082	1.0
6083	6083	1.0
6083	6084	0.5
6084	6084	1.0
6085	6085	1.0
6085	6086	0.5
6086	6086	1.0
6087	6087	1.0
6087	6088	0.5
6088	6088	1.0
6089	6089	1.0
6089	6090	0.5
6090	6090	1.0
6091	6091	1.0
6091	6092	0.5
6092	6092	1.0
6093	6093	1.0
6093	6094	0.5
6094	6094	1.0
6095	6095	1.0
6095	6096	0.5
6096	6096	1.0
6097	6097	1.0
6097	6098	0.5
6098	6098	1.0
6099	6099	1.0
6099	6100	0.5
6100	6100	1.0
6101	6101	1.0
6101	6102	0.5
6102	6102	1.0
6103	6103	1.0
6103	6104	0.5
6104	6104	1.0
6105	6105	1.0
6105	6106	0.5
6106	6106	1.0
6107	6107	1.0
6107	6108	0.5
6108	6108	1.0
6109	6109	1.0
6109	6110	0.5
6110	6110	1.0
6111	6111	1.0
6111	6112	0.5
6112	6112	1.0
6113	6113	1.0
6113	6114	0.5
6114	6114	1.0
6115	6115	1.0
6115	6116	0.5
6116	6116	1.0
6117	6117	1.0
6117	6118	0.5
6118	6118	1.0
6119	6119	1.0
6119	6120	0.5
6120	6120	1.0
6121	6121	1.0
6121	6122	0.5
6122	6122	1.0
6123	6123	1.0
6123	6124	0.5
6124	6124	1.0
6125	6125	1.0
6125	6126	0.5
6126	6126	1.0
6127	6127	1.0
6127	6128	0.5
6128	6128	1.0
6129	6129	1.0
6129	6130	0.5
6130	6130	1.0
6131	6131	1.0
6131	6132	0.5
6132	6132	1.0
6133	6133	1.0
6133	6134	0.5
6134	6134	1.0
6135	6135	1.0
6135	6136	0.5
6136	6136	1.0
6137	6137	1.0
6137	6138	0.5
6138	6138	1.0
6139	6139	1.0
6139	6140	0.5
6140	6140	1.0
6141	6141	1.0
6141	6142	0.5
6142	6142	1.0
6143	6143	1.0
6143	6144	0.5
6144	6144	1.0
6145	6145	1.0
6145	6146	0.5
6146	6146	1.0
6147	6147	1.0
6147	6148	0.5
6148	6148	1.0
6149	6149	1.0
6149	6150	0.5
6150	6150	1.0
6151	6151	1.0
6151	6152	0.5
6152	6152	1.0
6153	6153	1.0
6153	6154	0.5
6154	6154	1.0
6155	6155	1.0
6155	6156	0.5
6156	6156	1.0
6157	6157	1.0
6157	6158	0.5
6158	6158	1.0
6159	6159	1.0
6159	6160	0.5
6160	6160	1.0
6161	6161	1.0
6161	6162	0.5
6162	6162	1.0
6163	6163	1.0
6163	6164	0.5
6164	6164	1.0
6165	6165	1.0
6165	6166	0.5
6166	6166	1.0
6167	6167	1.0
6167	6168	0.5
6168	6168	1.0
6169	6169	1.0
6169	6170	0.5
6170	6170	1.0
6171	6171	1.0
6171	6172	0.5
6172	6172	1.0
6173	6173	1.0
6173	6174	0.5
6174	6174	1.0
6175	6175	1.0
6175	6176	0.5
6176	6176	1.0
6177	6177	1.0
6177	6178	0.5
6178	6178	1.0
6179	6179	1.0
6179	6180	0.5
6180	6180	1.0
6181	6181	1.0
6181	6182	0.5
6182	6182	1.0
6183	6183	1.0
6183	6184	0.5
6184	6184	1.0
6185	6185	1.0
6185	6186	0.5
6186	6186	1.0
6187	6187	1.0
6187	6188	0.5
6188	6188	1.0
6189	6189	1.0
6189	6190	0.5
6190	6190	1.0
6191	6191	1.0
6191	6192	0.5
6192	6192	1.0
6193	6193	1.0
6193	6194	0.5
6194	6194	1.0
6195	6195	1.0
6195	6196	0.5
6196	6196	1.0
6197	6197	1.0
6197	6198	0.5
6198	6198	1.0
6199	6199	1.0
6199	6200	0.5
6200	6200	1.0
6201	6201	1.0
6201	6202	0.5
6202	6202	1.0
6203	6203	1.0
6203	6204	0.5
6204	6204	1.0
6205	6205	1.0
6205	6206	0.5
6206	6206	1.0
6207	6207	1.0
6207	6208	0.5
6208	6208	1.0
6209	6209	1.0
6209	6210	0.5
6210	6210	1.0
6211	6211	1.0
6211	6212	0.5
6212	6212	1.0
6213	6213	1.0
6213	6214	0.5
6214	6214	1.0
6215	6215	1.0
6215	6216	0.5
6216	6216	1.0
6217	6217	1.0
6217	6218	0.5
6218	6218	1.0
6219	6219	1.0
6219	6220	0.5
6220	6220	1.0
6221	6221	1.0
6221	6222	0.5
6222	6222	1.0
6223	6223	1.0
6223	6224	0.5
6224	6224	1.0
6225	6225	1.0
6225	6226	0.5
6226	6226	1.0
6227	6227	1.0
6227	6228	0.5
6228	6228	1.0
6229	6229	1.0
6229	6230	0.5
6230	6230	1.0
6231	6231	1.0
6231	6232	0.5
6232	6232	1.0
6233	6233	1.0
6233	6234	0.5
6234	6234	1.0
6235	6235	1.0
6235	6236	0.5
6236	6236	1.0
6237	6237	1.0
6237	6238	0.5
6238	6238	1.0
6239	6239	1.0
6239	6240	0.5
6240	6240	1.0
6241	6241	1.0
6241	6242	0.5
6242	6242	1.0
6243	6243	1.0
6243	6244	0.5
6244	6244	1.0
6245	6245	1.0
6245	6246	0.5
6246	6246	1.0
6247	6247	1.0
6247	6248	0.5
6248	6248	1.0
6249	6249	1.0
6249	6250	0.5
6250	6250	1.0
6251	6251	1.0
6251	6252	0.5
6252	6252	1.0
6253	6253	1.0
6253	6254	0.5
6254	6254	1.0
6255	6255	1.0
6255	6256	0.5
6256	6256	1.0
6257	6257	1.0
6257	6258	0.5
6258	6258	1.0
6259	6259	1.0
6259	6260	0.5
6260	6260	1.0
6261	6261	1.0
6261	6262	0.5
6262	6262	1.0
6263	6263	1.0
6263	6264	0.5
6264	6264	1.0
6265	6265	1.0
6265	6266	0.5
6266	6266	1.0
6267	6267	1.0
6267	6268	0.5
6268	6268	1.0
6269	6269	1.0
6269	6270	0.5
6270	6270	1.0
6271	6271	1.0
6271	6272	0.5
6272	6272	1.0
6273	6273	1.0
6273	6274	0.5
6274	6274	1.0
6275	6275	1.0
6275	6276	0.5
6276	6276	1.0
6277	6277	1.0
6277	6278	0.5
6278	6278	1.0
6279	6279	1.0
6279	6280	0.5
6280	6280	1.0
6281	6281	1.0
6281	6282	0.5
6282	6282	1.0
6283	6283	1.0
6283	6284	0.5
6284	6284	1.0
6285	6285	1.0
6285	6286	0.5
6286	6286	1.0
6287	6287	1.0
6287	6288	0.5
6288	6288	1.0
6289	6289	1.0
6289	6290	0.5
6290	6290	1.0
6291	6291	1.0
6291	6292	0.5
6292	6292	1.0
6293	6293	1.0
6293	6294	0.5
6294	6294	1.0
6295	6295	1.0
6295	6296	0.5
6296	6296	1.0
6297	6297	1.0
6297	6298	0.5
6298	6298	1.0
6299	6299	1.0
6299	6300	0.5
6300	6300	1.0
6301	6301	1.0
6301	6302	0.5
6302	6302	1.0
6303	6303	1.0
6303	6304	0.5
6304	6304	1.0
6305	6305	1.0
6305	6306	0.5
6306	6306	1.0
6307	6307	1.0
6307	6308	0.5
6308	6308	1.0
6309	6309	1.0
6309	6310	0.5
6310	6310	1.0
6311	6311	1.0
6311	6312	0.5
6312	6312	1.0
6313	6313	1.0
6313	6314	0.5
6314	6314	1.0
6315	6315	1.0
6315	6316	0.5
6316	6316	1.0
6317	6317	1.0
6317	6318	0.5
6318	6318	1.0
6319	6319	1.0
6319	6320	0.5
6320	6320	1.0
6321	6321	1.0
6321	6322	0.5
6322	6322	1.0
6323	6323	1.0
6323	6324	0.5
6324	6324	1.0
6325	6325	1.0
6325	6326	0.5
6326	6326	1.0
6327	6327	1.0
6327	6328	0.5
6328	6328	1.0
6329	6329	1.0
6329	6330	0.5
6330	6330	1.0
6331	6331	1.0
6331	6332	0.5
6332	6332	1.0
6333	6333	1.0
6333	6334	0.5
6334	6334	1.0
6335	6335	1.0
6335	6336	0.5
6336	6336	1.0
6337	6337	1.0
6337	6338	0.5
6338	6338	1.0
6339	6339	1.0
6339	6340	0.5
6340	6340	1.0
6341	6341	1.0
6341	6342	0.5
6342	6342	1.0
6343	6343	1.0
6343	6344	0.5
6344	6344	1.0
6345	6345	1.0
6345	6346	0.5
6346	6346	1.0
6347	6347	1.0
6347	6348	0.5
6348	6348	1.0
6349	6349	1.0
6349	6350	0.5
6350	6350	1.0
6351	6351	1.0
6351	6352	0.5
6352	6352	1.0
6353	6353	1.0
6353	6354	0.5
6354	6354	1.0
6355	6355	1.0
6355	6356	0.5
6356	6356	1.0
6357	6357	1.0
6357	6358	0.5
6358	6358	1.0
6359	6359	1.0
6359	6360	0.5
6360	6360	1.0
6361	6361	1.0
6361	6362	0.5
6362	6362	1.0
6363	6363	1.0
6363	6364	0.5
6364	6364	1.0
6365	6365	1.0
6365	6366	0.5
6366	6366	1.0
6367	6367	1.0
6367	6368	0.5
6368	6368	1.0
6369	6369	1.0
6369	6370	0.5
6370	6370	1.0
6371	6371	1.0
6371	6372	0.5
6372	6372	1.0
6373	6373	1.0
6373	6374	0.5
6374	6374	1.0
6375	6375	1.0
6375	6376	0.5
6376	6376	1.0
6377	6377	1.0
6377	6378	0.5
6378	6378	1.0
6379	6379	1.0
6379	6380	0.5
6380	6380	1.0
6381	6381	1.0
6381	6382	0.5
6382	6382	1.0
6383	6383	1.0
6383	6384	0.5
6384	6384	1.0
6385	6385	1.0
6385	6386	0.5
6386	6386	1.0
6387	6387	1.0
6387	6388	0.5
6388	6388	1.0
6389	6389	1.0
6389	6390	0.5
6390	6390	1.0
6391	6391	1.0
6391	6392	0.5
6392	6392	1.0
6393	6393	1.0
6393	6394	0.5
6394	6394	1.0
6395	6395	1.0
6395	6396	0.5
6396	6396	1.0
6397	6397	1.0
6397	6398	0.5
6398	6398	1.0
6399	6399	1.0
6399	6400	0.5
6400	6400	1.0
6401	6401	1.0
6401	6402	0.5
6402	6402	1.0
6403	6403	1.0
6403	6404	0.5
6404	6404	1.0
6405	6405	1.0
6405	6406	0.5
6406	6406	1.0
6407	6407	1.0
6407	6408	0.5
6408	6408	1.0
6409	6409	1.0
6409	6410	0.5
6410	6410	1.0
6411	6411	1.0
6411	6412	0.5
6412	6412	1.0
6413	6413	1.0
6413	6414	0.5
6414	6414	1.0
6415	6415	1.0
6415	6416	0.5
6416	6416	1.0
6417	6417	1.0
6417	6418	0.5
6418	6418	1.0
6419	6419	1.0
6419	6420	0.5
6420	6420	1.0
6421	6421	1.0
6421	6422	0.5
6422	6422	1.0
6423	6423	1.0
6423	6424	0.5
6424	6424	1.0
6425	6425	1.0
6425	6426	0.5
6426	6426	1.0
6427	6427	1.0
6427	6428	0.5
6428	6428	1.0
6429	6429	1.0
6429	6430	0.5
6430	6430	1.0
6431	6431	1.0
6431	6432	0.5
6432	6432	1.0
6433	6433	1.0
6433	6434	0.5
6434	6434	1.0
6435	6435	1.0
6435	6436	0.5
6436	6436	1.0
6437	6437	1.0
6437	6438	0.5
6438	6438	1.0
6439	6439	1.0
6439	6440	0.5
6440	6440	1.0
6441	6441	1.0
6441	6442	0.5
6442	6442	1.0
6443	6443	1.0
6443	6444	0.5
6444	6444	1.0
6445	6445	1.0
6445	6446	0.5
6446	6446	1.0
6447	6447	1.0
6447	6448	0.5
6448	6448	1.0
6449	6449	1.0
6449	6450	0.5
6450	6450	1.0
6451	6451	1.0
6451	6452	0.5
6452	6452	1.0
6453	6453	1.0
6453	6454	0.5
6454	6454	1.0
6455	6455	1.0
6455	6456	0.5
6456	6456	1.0
6457	6457	1.0
6457	6458	0.5
6458	6458	1.0
6459	6459	1.0
6459	6460	0.5
6460	6460	1.0
6461	6461	1.0
6461	6462	0.5
6462	6462	1.0
6463	6463	1.0
6463	6464	0.5
6464	6464	1.0
6465	6465	1.0
6465	6466	0.5
6466	6466	1.0
6467	6467	1.0
6467	6468	0.5
6468	6468	1.0
6469	6469	1.0
6469	6470	0.5
6470	6470	1.0
6471	6471	1.0
6471	6472	0.5
6472	6472	1.0
6473	6473	1.0
6473	6474	0.5
6474	6474	1.0
6475	6475	1.0
6475	6476	0.5
6476	6476	1.0
6477	6477	1.0
6477	6478	0.5
6478	6478	1.0
6479	6479	1.0
6479	6480	0.5
6480	6480	1.0
6481	6481	1.0
6481	6482	0.5
6482	6482	1.0
6483	6483	1.0
6483	6484	0.5
6484	6484	1.0
6485	6485	1.0
6485	6486	0.5
6486	6486	1.0
6487	6487	1.0
6487	6488	0.5
6488	6488	1.0
6489	6489	1.0
6489	6490	0.5
6490	6490	1.0
6491	6491	1.0
6491	6492	0.5
6492	6492	1.0
6493	6493	1.0
6493	6494	0.5
6494	6494	1.0
6495	6495	1.0
6495	6496	0.5
6496	6496	1.0
6497	6497	1.0
6497	6498	0.5
6498	6498	1.0
6499	6499	1.0
6499	6500	0.5
6500	6500	1.0
6501	6501	1.0
6501	6502	0.5
6502	6502	1.0
6503	6503	1.0
6503	6504	0.5
6504	6504	1.0
6505	6505	1.0
6505	6506	0.5
6506	6506	1.0
6507	6507	1.0
6507	6508	0.5
6508	6508	1.0
6509	6509	1.0
6509	6510	0.5
6510	6510	1.0
6511	6511	1.0
6511	6512	0.5
6512	6512	1.0
6513	6513	1.0
6513	6514	0.5
6514	6514	1.0
6515	6515	1.0
6515	6516	0.5
6516	6516	1.0
6517	6517	1.0
6517	6518	0.5
6518	6518	1.0
6519	6519	1.0
6519	6520	0.5
6520	6520	1.0
6521	6521	1.0
6521	6522	0.5
6522	6522	1.0
6523	6523	1.0
6523	6524	0.5
6524	6524	1.0
6525	6525	1.0
6525	6526	0.5
6526	6526	1.0
6527	6527	1.0
6527	6528	0.5
6528	6528	1.0
6529	6529	1.0
6529	6530	0.5
6530	6530	1.0
6531	6531	1.0
6531	6532	0.5
6532	6532	1.0
6533	6533	1.0
6533	6534	0.5
6534	6534	1.0
6535	6535	1.0
6535	6536	0.5
6536	6536	1.0
6537	6537	1.0
6537	6538	0.5
6538	6538	1.0
6539	6539	1.0
6539	6540	0.5
6540	6540	1.0
6541	6541	1.0
6541	6542	0.5
6542	6542	1.0
6543	6543	1.0
6543	6544	0.5
6544	6544	1.0
6545	6545	1.0
6545	6546	0.5
6546	6546	1.0
6547	6547	1.0
6547	6548	0.5
6548	6548	1.0
6549	6549	1.0
6549	6550	0.5
6550	6550	1.0
6551	6551	1.0
6551	6552	0.5
6552	6552	1.0
6553	6553	1.0
6553	6554	0.5
6554	6554	1.0
6555	6555	1.0
6555	6556	0.5
6556	6556	1.0
6557	6557	1.0
6557	6558	0.5
6558	6558	1.0
6559	6559	1.0
6559	6560	0.5
6560	6560	1.0
6561	6561	1.0
6561	6562	0.5
6562	6562	1.0
6563	6563	1.0
6563	6564	0.5
6564	6564	1.0
6565	6565	1.0
6565	6566	0.5
6566	6566	1.0
6567	6567	1.0
6567	6568	0.5
6568	6568	1.0
6569	6569	1.0
6569	6570	0.5
6570	6570	1.0
6571	6571	1.0
6571	6572	0.5
6572	6572	1.0
6573	6573	1.0
6573	6574	0.5
6574	6574	1.0
6575	6575	1.0
6575	6576	0.5
6576	6576	1.0
6577	6577	1.0
6577	6578	0.5
6578	6578	1.0
6579	6579	1.0
6579	6580	0.5
6580	6580	1.0
6581	6581	1.0
6581	6582	0.5
6582	6582	1.0
6583	6583	1.0
6583	6584	0.5
6584	6584	1.0
6585	6585	1.0
6585	6586	0.5
6586	6586	1.0
6587	6587	1.0
6587	6588	0.5
6588	6588	1.0
6589	6589	1.0
6589	6590	0.5
6590	6590	1.0
6591	6591	1.0
6591	6592	0.5
6592	6592	1.0
6593	6593	1.0
6593	6594	0.5
6594	6594	1.0
6595	6595	1.0
6595	6596	0.5
6596	6596	1.0
6597	6597	1.0
6597	6598	0.5
6598	6598	1.0
6599	6599	1.0
6599	6600	0.5
6600	6600	1.0
6601	6601	1.0
6601	6602	0.5
6602	6602	1.0
6603	6603	1.0
6603	6604	0.5
6604	6604	1.0
6605	6605	1.0
6605	6606	0.5
6606	6606	1.0
6607	6607	1.0
6607	6608	0.5
6608	6608	1.0
6609	6609	1.0
6609	6610	0.5
6610	6610	1.0
6611	6611	1.0
6611	6612	0.5
6612	6612	1.0
6613	6613	1.0
6613	6614	0.5
6614	6614	1.0
6615	6615	1.0
6615	6616	0.5
6616	6616	1.0
6617	6617	1.0
6617	6618	0.5
6618	6618	1.0
6619	6619	1.0
6619	6620	0.5
6620	6620	1.0
6621	6621	1.0
6621	6622	0.5
6622	6622	1.0
6623	6623	1.0
6623	6624	0.5
6624	6624	1.0
6625	6625	1.0
6625	6626	0.5
6626	6626	1.0
6627	6627	1.0
6627	6628	0.5
6628	6628	1.0
6629	6629	1.0
6629	6630	0.5
6630	6630	1.0
6631	6631	1.0
6631	6632	0.5
6632	6632	1.0
6633	6633	1.0
6633	6634	0.5
6634	6634	1.0
6635	6635	1.0
6635	6636	0.5
6636	6636	1.0
6637	6637	1.0
6637	6638	0.5
6638	6638	1.0
6639	6639	1.0
6639	6640	0.5
6640	6640	1.0
6641	6641	1.0
6641	6642	0.5
6642	6642	1.0
6643	6643	1.0
6643	6644	0.5
6644	6644	1.0
6645	6645	1.0
6645	6646	0.5
6646	6646	1.0
6647	6647	1.0
6647	6648	0.5
6648	6648	1.0
6649	6649	1.0
6649	6650	0.5
6650	6650	1.0
6651	6651	1.0
6651	6652	0.5
6652	6652	1.0
6653	6653	1.0
6653	6654	0.5
6654	6654	1.0
6655	6655	1.0
6655	6656	0.5
6656	6656	1.0
6657	6657	1.0
6657	6658	0.5
6658	6658	1.0
6659	6659	1.0
6659	6660	0.5
6660	6660	1.0
6661	6661	1.0
6661	6662	0.5
6662	6662	1.0
6663	6663	1.0
6663	6664	0.5
6664	6664	1.0
6665	6665	1.0
6665	6666	0.5
6666	6666	1.0
6667	6667	1.0
6667	6668	0.5
6668	6668	1.0
6669	6669	1.0
6669	6670	0.5
6670	6670	1.0
6671	6671	1.0
6671	6672	0.5
6672	6672	1.0
6673	6673	1.0
6673	6674	0.5
6674	6674	1.0
6675	6675	1.0
6675	6676	0.5
6676	6676	1.0
6677	6677	1.0
6677	6678	0.5
6678	6678	1.0
6679	6679	1.0
6679	6680	0.5
6680	6680	1.0
6681	6681	1.0
6681	6682	0.5
6682	6682	1.0
6683	6683	1.0
6683	6684	0.5
6684	6684	1.0
6685	6685	1.0
6685	6686	0.5
6686	6686	1.0
6687	6687	1.0
6687	6688	0.5
6688	6688	1.0
6689	6689	1.0
6689	6690	0.5
6690	6690	1.0
6691	6691	1.0
6691	6692	0.5
6692	6692	1.0
6693	6693	1.0
6693	6694	0.5
6694	6694	1.0
6695	6695	1.0
6695	6696	0.5
6696	6696	1.0
6697	6697	1.0
6697	6698	0.5
6698	6698	1.0
6699	6699	1.0
6699	6700	0.5
6700	6700	1.0
6701	6701	1.0
6701	6702	0.5
6702	6702	1.0
6703	6703	1.0
6703	6704	0.5
6704	6704	1.0
6705	6705	1.0
6705	6706	0.5
6706	6706	1.0
6707	6707	1.0
6707	6708	0.5
6708	6708	1.0
6709	6709	1.0
6709	6710	0.5
6710	6710	1.0
6711	6711	1.0
6711	6712	0.5
6712	6712	1.0
6713	6713	1.0
6713	6714	0.5
6714	6714	1.0
6715	6715	1.0
6715	6716	0.5
6716	6716	1.0
6717	6717	1.0
6717	6718	0.5
6718	6718	1.0
6719	6719	1.0
6719	6720	0.5
6720	6720	1.0
6721	6721	1.0
6721	6722	0.5
6722	6722	1.0
6723	6723	1.0
6723	6724	0.5
6724	6724	1.0
6725	6725	1.0
6725	6726	0.5
6726	6726	1.0
6727	6727	1.0
6727	6728	0.5
6728	6728	1.0
6729	6729	1.0
6729	6730	0.5
6730	6730	1.0
6731	6731	1.0
6731	6732	0.5
6732	6732	1.0
6733	6733	1.0
6733	6734	0.5
6734	6734	1.0
6735	6735	1.0
6735	6736	0.5
6736	6736	1.0
6737	6737	1.0
6737	6738	0.5
6738	6738	1.0
6739	6739	1.0
6739	6740	0.5
6740	6740	1.0
6741	6741	1.0
6741	6742	0.5
6742	6742	1.0
6743	6743	1.0
6743	6744	0.5
6744	6744	1.0
6745	6745	1.0
6745	6746	0.5
6746	6746	1.0
6747	6747	1.0
6747	6748	0.5
6748	6748	1.0
6749	6749	1.0
6749	6750	0.5
6750	6750	1.0
6751	6751	1.0
6751	6752	0.5
6752	6752	1.0
6753	6753	1.0
6753	6754	0.5
6754	6754	1.0
6755	6755	1.0
6755	6756	0.5
6756	6756	1.0
6757	6757	1.0
6757	6758	0.5
6758	6758	1.0
6759	6759	1.0
6759	6760	0.5
6760	6760	1.0
6761	6761	1.0
6761	6762	0.5
6762	6762	1.0
6763	6763	1.0
6763	6764	0.5
6764	6764	1.0
6765	6765	1.0
6765	6766	0.5
6766	6766	1.0
6767	6767	1.0
6767	6768	0.5
6768	6768	1.0
6769	6769	1.0
6769	6770	0.5
6770	6770	1.0
6771	6771	1.0
6771	6772	0.5
6772	6772	1.0
6773	6773	1.0
6773	6774	0.5
6774	6774	1.0
6775	6775	1.0
6775	6776	0.5
6776	6776	1.0
6777	6777	1.0
6777	6778	0.5
6778	6778	1.0
6779	6779	1.0
6779	6780	0.5
6780	6780	1.0
6781	6781	1.0
6781	6782	0.5
6782	6782	1.0
6783	6783	1.0
6783	6784	0.5
6784	6784	1.0
6785	6785	1.0
6785	6786	0.5
6786	6786	1.0
6787	6787	1.0
6787	6788	0.5
6788	6788	1.0
6789	6789	1.0
6789	6790	0.5
6790	6790	1.0
6791	6791	1.0
6791	6792	0.5
6792	6792	1.0
6793	6793	1.0
6793	6794	0.5
6794	6794	1.0
6795	6795	1.0
6795	6796	0.5
6796	6796	1.0
6797	6797	1.0
6797	6798	0.5
6798	6798	1.0
6799	6799	1.0
6799	6800	0.5
6800	6800	1.0
6801	6801	1.0
6801	6802	0.5
6802	6802	1.0
6803	6803	1.0
6803	6804	0.5
6804	6804	1.0
6805	6805	1.0
6805	6806	0.5
6806	6806	1.0
6807	6807	1.0
6807	6808	0.5
6808	6808	1.0
6809	6809	1.0
6809	6810	0.5
6810	6810	1.0
6811	6811	1.0
6811	6812	0.5
6812	6812	1.0
6813	6813	1.0
6813	6814	0.5
6814	6814	1.0
6815	6815	1.0
6815	6816	0.5
6816	6816	1.0
6817	6817	1.0
6817	6818	0.5
6818	6818	1.0
6819	6819	1.0
6819	6820	0.5
6820	6820	1.0
6821	6821	1.0
6821	6822	0.5
6822	6822	1.0
6823	6823	1.0
6823	6824	0.5
6824	6824	1.0
6825	6825	1.0
6825	6826	0.5
6826	6826	1.0
6827	6827	1.0
6827	6828	0.5
6828	6828	1.0
6829	6829	1.0
6829	6830	0.5
6830	6830	1.0
6831	6831	1.0
6831	6832	0.5
6832	6832	1.0
6833	6833	1.0
6833	6834	0.5
6834	6834	1.0
6835	6835	1.0
6835	6836	0.5
6836	6836	1.0
6837	6837	1.0
6837	6838	0.5
6838	6838	1.0
6839	6839	1.0
6839	6840	0.5
6840	6840	1.0
6841	6841	1.0
6841	6842	0.5
6842	6842	1.0
6843	6843	1.0
6843	6844	0.5
6844	6844	1.0
6845	6845	1.0
6845	6846	0.5
6846	6846	1.0
6847	6847	1.0
6847	6848	0.5
6848	6848	1.0
6849	6849	1.0
6849	6850	0.5
6850	6850	1.0
6851	6851	1.0
6851	6852	0.5
6852	6852	1.0
6853	6853	1.0
6853	6854	0.5
6854	6854	1.0
6855	6855	1.0
6855	6856	0.5
6856	6856	1.0
6857	6857	1.0
6857	6858	0.5
6858	6858	1.0
6859	6859	1.0
6859	6860	0.5
6860	6860	1.0
6861	6861	1.0
6861	6862	0.5
6862	6862	1.0
6863	6863	1.0
6863	6864	0.5
6864	6864	1.0
6865	6865	1.0
6865	6866	0.5
6866	6866	1.0
6867	6867	1.0
6867	6868	0.5
6868	6868	1.0
6869	6869	1.0
6869	6870	0.5
6870	6870	1.0
6871	6871	1.0
6871	6872	0.5
6872	6872	1.0
6873	6873	1.0
6873	6874	0.5
6874	6874	1.0
6875	6875	1.0
6875	6876	0.5
6876	6876	1.0
6877	6877	1.0
6877	6878	0.5
6878	6878	1.0
6879	6879	1.0
6879	6880	0.5
6880	6880	1.0
6881	6881	1.0
6881	6882	0.5
6882	6882	1.0
6883	6883	1.0
6883	6884	0.5
6884	6884	1.0
6885	6885	1.0
6885	6886	0.5
6886	6886	1.0
6887	6887	1.0
6887	6888	0.5
6888	6888	1.0
6889	6889	1.0
6889	6890	0.5
6890	6890	1.0
6891	6891	1.0
6891	6892	0.5
6892	6892	1.0
6893	6893	1.0
6893	6894	0.5
6894	6894	1.0
6895	6895	1.0
6895	6896	0.5
6896	6896	1.0
6897	6897	1.0
6897	6898	0.5
6898	6898	1.0
6899	6899	1.0
6899	6900	0.5
6900	6900	1.0
6901	6901	1.0
6901	6902	0.5
6902	6902	1.0
6903	6903	1.0
6903	6904	0.5
6904	6904	1.0
6905	6905	1.0
6905	6906	0.5
6906	6906	1.0
6907	6907	1.0
6907	6908	0.5
6908	6908	1.0
6909	6909	1.0
6909	6910	0.5
6910	6910	1.0
6911	6911	1.0
6911	6912	0.5
6912	6912	1.0
6913	6913	1.0
6913	6914	0.5
6914	6914	1.0
6915	6915	1.0
6915	6916	0.5
6916	6916	1.0
6917	6917	1.0
6917	6918	0.5
6918	6918	1.0
6919	6919	1.0
6919	6920	0.5
6920	6920	1.0
6921	6921	1.0
6921	6922	0.5
6922	6922	1.0
6923	6923	1.0
6923	6924	0.5
6924	6924	1.0
6925	6925	1.0
6925	6926	0.5
6926	6926	1.0
6927	6927	1.0
6927	6928	0.5
6928	6928	1.0
6929	6929	1.0
6929	6930	0.5
6930	6930	1.0
6931	6931	1.0
6931	6932	0.5
6932	6932	1.0
6933	6933	1.0
6933	6934	0.5
6934	6934	1.0
6935	6935	1.0
6935	6936	0.5
6936	6936	1.0
6937	6937	1.0
6937	6938	0.5
6938	6938	1.0
6939	6939	1.0
6939	6940	0.5
6940	6940	1.0
6941	6941	1.0
6941	6942	0.5
6942	6942	1.0
6943	6943	1.0
6943	6944	0.5
6944	6944	1.0
6945	6945	1.0
6945	6946	0.5
6946	6946	1.0
6947	6947	1.0
6947	6948	0.5
6948	6948	1.0
6949	6949	1.0
6949	6950	0.5
6950	6950	1.0
6951	6951	1.0
6951	6952	0.5
6952	6952	1.0
6953	6953	1.0
6953	6954	0.5
6954	6954	1.0
6955	6955	1.0
6955	6956	0.5
6956	6956	1.0
6957	6957	1.0
6957	6958	0.5
6958	6958	1.0
6959	6959	1.0
6959	6960	0.5
6960	6960	1.0
6961	6961	1.0
6961	6962	0.5
6962	6962	1.0
6963	6963	1.0
6963	6964	0.5
6964	6964	1.0
6965	6965	1.0
6965	6966	0.5
6966	6966	1.0
6967	6967	1.0
6967	6968	0.5
6968	6968	1.0
6969	6969	1.0
6969	6970	0.5
6970	6970	1.0
6971	6971	1.0
6971	6972	0.5
6972	6972	1.0
6973	6973	1.0
6973	6974	0.5
6974	6974	1.0
6975	6975	1.0
6975	6976	0.5
6976	6976	1.0
6977	6977	1.0
6977	6978	0.5
6978	6978	1.0
6979	6979	1.0
6979	6980	0.5
6980	6980	1.0
6981	6981	1.0
6981	6982	0.5
6982	6982	1.0
6983	6983	1.0
6983	6984	0.5
6984	6984	1.0
6985	6985	1.0
6985	6986	0.5
6986	6986	1.0
6987	6987	1.0
6987	6988	0.5
6988	6988	1.0
6989	6989	1.0
6989	6990	0.5
6990	6990	1.0
6991	6991	1.0
6991	6992	0.5
6992	6992	1.0
6993	6993	1.0
6993	6994	0.5
6994	6994	1.0
6995	6995	1.0
6995	6996	0.5
6996	6996	1.0
6997	6997	1.0
6997	6998	0.5
6998	6998	1.0
6999	6999	1.0
6999	7000	0.5
7000	7000	1.0
7001	7001	1.0
7001	7002	0.5
7002	7002	1.0
7003	7003	1.0
7003	7004	0.5
7004	7004	1.0
7005	7005	1.0
7005	7006	0.5
7006	7006	1.0
7007	7007	1.0
7007	7008	0.5
7008	7008	1.0
7009	7009	1.0
7009	7010	0.5
7010	7010	1.0
7011	7011	1.0
7011	7012	0.5
7012	7012	1.0
7013	7013	1.0
7013	7014	0.5
7014	7014	1.0
7015	7015	1.0
7015	7016	0.5
7016	7016	1.0
7017	7017	1.0
7017	7018	0.5
7018	7018	1.0
7019	7019	1.0
7019	7020	0.5
7020	7020	1.0
7021	7021	1.0
7021	7022	0.5
7022	7022	1.0
7023	7023	1.0
7023	7024	0.5
7024	7024	1.0
7025	7025	1.0
7025	7026	0.5
7026	7026	1.0
7027	7027	1.0
7027	7028	0.5
7028	7028	1.0
7029	7029	1.0
7029	7030	0.5
7030	7030	1.0
7031	7031	1.0
7031	7032	0.5
7032	7032	1.0
7033	7033	1.0
7033	7034	0.5
7034	7034	1.0
7035	7035	1.0
7035	7036	0.5
7036	7036	1.0
7037	7037	1.0
7037	7038	0.5
7038	7038	1.0
7039	7039	1.0
7039	7040	0.5
7040	7040	1.0
7041	7041	1.0
7041	7042	0.5
7042	7042	1.0
7043	7043	1.0
7043	7044	0.5
7044	7044	1.0
7045	7045	1.0
7045	7046	0.5
7046	7046	1.0
7047	7047	1.0
7047	7048	0.5
7048	7048	1.0
7049	7049	1.0
7049	7050	0.5
7050	7050	1.0
7051	7051	1.0
7051	7052	0.5
7052	7052	1.0
7053	7053	1.0
7053	7054	0.5
7054	7054	1.0
7055	7055	1.0
7055	7056	0.5
7056	7056	1.0
7057	7057	1.0
7057	7058	0.5
7058	7058	1.0
7059	7059	1.0
7059	7060	0.5
7060	7060	1.0
7061	7061	1.0
7061	7062	0.5
7062	7062	1.0
7063	7063	1.0
7063	7064	0.5
7064	7064	1.0
7065	7065	1.0
7065	7066	0.5
7066	7066	1.0
7067	7067	1.0
7067	7068	0.5
7068	7068	1.0
7069	7069	1.0
7069	7070	0.5
7070	7070	1.0
7071	7071	1.0
7071	7072	0.5
7072	7072	1.0
7073	7073	1.0
7073	7074	0.5
7074	7074	1.0
7075	7075	1.0
7075	7076	0.5
7076	7076	1.0
7077	7077	1.0
7077	7078	0.5
7078	7078	1.0
7079	7079	1.0
7079	7080	0.5
7080	7080	1.0
7081	7081	1.0
7081	7082	0.5
7082	7082	1.0
7083	7083	1.0
7083	7084	0.5
7084	7084	1.0
7085	7085	1.0
7085	7086	0.5
7086	7086	1.0
7087	7087	1.0
7087	7088	0.5
7088	7088	1.0
7089	7089	1.0
7089	7090	0.5
7090	7090	1.0
7091	7091	1.0
7091	7092	0.5
7092	7092	1.0
7093	7093	1.0
7093	7094	0.5
7094	7094	1.0
7095	7095	1.0
7095	7096	0.5
7096	7096	1.0
7097	7097	1.0
7097	7098	0.5
7098	7098	1.0
7099	7099	1.0
7099	7100	0.5
7100	7100	1.0
7101	7101	1.0
7101	7102	0.5
7102	7102	1.0
7103	7103	1.0
7103	7104	0.5
7104	7104	1.0
7105	7105	1.0
7105	7106	0.5
7106	7106	1.0
7107	7107	1.0
7107	7108	0.5
7108	7108	1.0
7109	7109	1.0
7109	7110	0.5
7110	7110	1.0
7111	7111	1.0
7111	7112	0.5
7112	7112	1.0
7113	7113	1.0
7113	7114	0.5
7114	7114	1.0
7115	7115	1.0
7115	7116	0.5
7116	7116	1.0
7117	7117	1.0
7117	7118	0.5
7118	7118	1.0
7119	7119	1.0
7119	7120	0.5
7120	7120	1.0
7121	7121	1.0
7121	7122	0.5
7122	7122	1.0
7123	7123	1.0
7123	7124	0.5
7124	7124	1.0
7125	7125	1.0
7125	7126	0.5
7126	7126	1.0
7127	7127	1.0
7127	7128	0.5
7128	7128	1.0
7129	7129	1.0
7129	7130	0.5
7130	7130	1.0
7131	7131	1.0
7131	7132	0.5
7132	7132	1.0
7133	7133	1.0
7133	7134	0.5
7134	7134	1.0
7135	7135	1.0
7135	7136	0.5
7136	7136	1.0
7137	7137	1.0
7137	7138	0.5
7138	7138	1.0
7139	7139	1.0
7139	7140	0.5
7140	7140	1.0
7141	7141	1.0
7141	7142	0.5
7142	7142	1.0
7143	7143	1.0
7143	7144	0.5
7144	7144	1.0
7145	7145	1.0
7145	7146	0.5
7146	7146	1.0
7147	7147	1.0
7147	7148	0.5
7148	7148	1.0
7149	7149	1.0
7149	7150	0.5
7150	7150	1.0
7151	7151	1.0
7151	7152	0.5
7152	7152	1.0
7153	7153	1.0
7153	7154	0.5
7154	7154	1.0
7155	7155	1.0
7155	7156	0.5
7156	7156	1.0
7157	7157	1.0
7157	7158	0.5
7158	7158	1.0
7159	7159	1.0
7159	7160	0.5
7160	7160	1.0
7161	7161	1.0
7161	7162	0.5
7162	7162	1.0
7163	7163	1.0
7163	7164	0.5
7164	7164	1.0
7165	7165	1.0
7165	7166	0.5
7166	7166	1.0
7167	7167	1.0
7167	7168	0.5
7168	7168	1.0
7169	7169	1.0
7169	7170	0.5
7170	7170	1.0
7171	7171	1.0
7171	7172	0.5
7172	7172	1.0
7173	7173	1.0
7173	7174	0.5
7174	7174	1.0
7175	7175	1.0
7175	7176	0.5
7176	7176	1.0
7177	7177	1.0
7177	7178	0.5
7178	7178	1.0
7179	7179	1.0
7179	7180	0.5
7180	7180	1.0
7181	7181	1.0
7181	7182	0.5
7182	7182	1.0
7183	7183	1.0
7183	7184	0.5
7184	7184	1.0
7185	7185	1.0
7185	7186	0.5
7186	7186	1.0
7187	7187	1.0
7187	7188	0.5
7188	7188	1.0
7189	7189	1.0
7189	7190	0.5
7190	7190	1.0
7191	7191	1.0
7191	7192	0.5
7192	7192	1.0
7193	7193	1.0
7193	7194	0.5
7194	7194	1.0
7195	7195	1.0
7195	7196	0.5
7196	7196	1.0
7197	7197	1.0
7197	7198	0.5
7198	7198	1.0
7199	7199	1.0
7199	7200	0.5
7200	7200	1.0
7201	7201	1.0
7201	7202	0.5
7202	7202	1.0
7203	7203	1.0
7203	7204	0.5
7204	7204	1.0
7205	7205	1.0
7205	7206	0.5
7206	7206	1.0
7207	7207	1.0
7207	7208	0.5
7208	7208	1.0
7209	7209	1.0
7209	7210	0.5
7210	7210	1.0
7211	7211	1.0
7211	7212	0.5
7212	7212	1.0
7213	7213	1.0
7213	7214	0.5
7214	7214	1.0
7215	7215	1.0
7215	7216	0.5
7216	7216	1.0
7217	7217	1.0
7217	7218	0.5
7218	7218	1.0
7219	7219	1.0
7219	7220	0.5
7220	7220	1.0
7221	7221	1.0
7221	7222	0.5
7222	7222	1.0
7223	7223	1.0
7223	7224	0.5
7224	7224	1.0
7225	7225	1.0
7225	7226	0.5
7226	7226	1.0
7227	7227	1.0
7227	7228	0.5
7228	7228	1.0
7229	7229	1.0
7229	7230	0.5
7230	7230	1.0
7231	7231	1.0
7231	7232	0.5
7232	7232	1.0
7233	7233	1.0
7233	7234	0.5
7234	7234	1.0
7235	7235	1.0
7235	7236	0.5
7236	7236	1.0
7237	7237	1.0
7237	7238	0.5
7238	7238	1.0
7239	7239	1.0
7239	7240	0.5
7240	7240	1.0
7241	7241	1.0
7241	7242	0.5
7242	7242	1.0
7243	7243	1.0
7243	7244	0.5
7244	7244	1.0
7245	7245	1.0
7245	7246	0.5
7246	7246	1.0
7247	7247	1.0
7247	7248	0.5
7248	7248	1.0
7249	7249	1.0
7249	7250	0.5
7250	7250	1.0
7251	7251	1.0
7251	7252	0.5
7252	7252	1.0
7253	7253	1.0
7253	7254	0.5
7254	7254	1.0
7255	7255	1.0
7255	7256	0.5
7256	7256	1.0
7257	7257	1.0
7257	7258	0.5
7258	7258	1.0
7259	7259	1.0
7259	7260	0.5
7260	7260	1.0
7261	7261	1.0
7261	7262	0.5
7262	7262	1.0
7263	7263	1.0
7263	7264	0.5
7264	7264	1.0
7265	7265	1.0
7265	7266	0.5
7266	7266	1.0
7267	7267	1.0
7267	7268	0.5
7268	7268	1.0
7269	7269	1.0
7269	7270	0.5
7270	7270	1.0
7271	7271	1.0
7271	7272	0.5
7272	7272	1.0
7273	7273	1.0
7273	7274	0.5
7274	7274	1.0
7275	7275	1.0
7275	7276	0.5
7276	7276	1.0
7277	7277	1.0
7277	7278	0.5
7278	7278	1.0
7279	7279	1.0
7279	7280	0.5
7280	7280	1.0
7281	7281	1.0
7281	7282	0.5
7282	7282	1.0
7283	7283	1.0
7283	7284	0.5
7284	7284	1.0
7285	7285	1.0
7285	7286	0.5
7286	7286	1.0
7287	7287	1.0
7287	7288	0.5
7288	7288	1.0
7289	7289	1.0
7289	7290	0.5
7290	7290	1.0
7291	7291	1.0
7291	7292	0.5
7292	7292	1.0
7293	7293	1.0
7293	7294	0.5
7294	7294	1.0
7295	7295	1.0
7295	7296	0.5
7296	7296	1.0
7297	7297	1.0
7297	7298	0.5
7298	7298	1.0
7299	7299	1.0
7299	7300	0.5
7300	7300	1.0
7301	7301	1.0
7301	7302	0.5
7302	7302	1.0
7303	7303	1.0
7303	7304	0.5
7304	7304	1.0
7305	7305	1.0
7305	7306	0.5
7306	7306	1.0
7307	7307	1.0
7307	7308	0.5
7308	7308	1.0
7309	7309	1.0
7309	7310	0.5
7310	7310	1.0
7311	7311	1.0
7311	7312	0.5
7312	7312	1.0
7313	7313	1.0
7313	7314	0.5
7314	7314	1.0
7315	7315	1.0
7315	7316	0.5
7316	7316	1.0
7317	7317	1.0
7317	7318	0.5
7318	7318	1.0
7319	7319	1.0
7319	7320	0.5
7320	7320	1.0
7321	7321	1.0
7321	7322	0.5
7322	7322	1.0
7323	7323	1.0
7323	7324	0.5
7324	7324	1.0
7325	7325	1.0
7325	7326	0.5
7326	7326	1.0
7327	7327	1.0
7327	7328	0.5
7328	7328	1.0
7329	7329	1.0
7329	7330	0.5
7330	7330	1.0
7331	7331	1.0
7331	7332	0.5
7332	7332	1.0
7333	7333	1.0
7333	7334	0.5
7334	7334	1.0
7335	7335	1.0
7335	7336	0.5
7336	7336	1.0
7337	7337	1.0
7337	7338	0.5
7338	7338	1.0
7339	7339	1.0
7339	7340	0.5
7340	7340	1.0
7341	7341	1.0
7341	7342	0.5
7342	7342	1.0
7343	7343	1.0
7343	7344	0.5
7344	7344	1.0
7345	7345	1.0
7345	7346	0.5
7346	7346	1.0
7347	7347	1.0
7347	7348	0.5
7348	7348	1.0
7349	7349	1.0
7349	7350	0.5
7350	7350	1.0
7351	7351	1.0
7351	7352	0.5
7352	7352	1.0
7353	7353	1.0
7353	7354	0.5
7354	7354	1.0
7355	7355	1.0
7355	7356	0.5
7356	7356	1.0
7357	7357	1.0
7357	7358	0.5
7358	7358	1.0
7359	7359	1.0
7359	7360	0.5
7360	7360	1.0
7361	7361	1.0
7361	7362	0.5
7362	7362	1.0
7363	7363	1.0
7363	7364	0.5
7364	7364	1.0
7365	7365	1.0
7365	7366	0.5
7366	7366	1.0
7367	7367	1.0
7367	7368	0.5
7368	7368	1.0
7369	7369	1.0
7369	7370	0.5
7370	7370	1.0
7371	7371	1.0
7371	7372	0.5
7372	7372	1.0
7373	7373	1.0
7373	7374	0.5
7374	7374	1.0
7375	7375	1.0
7375	7376	0.5
7376	7376	1.0
7377	7377	1.0
7377	7378	0.5
7378	7378	1.0
7379	7379	1.0
7379	7380	0.5
7380	7380	1.0
7381	7381	1.0
7381	7382	0.5
7382	7382	1.0
7383	7383	1.0
7383	7384	0.5
7384	7384	1.0
7385	7385	1.0
7385	7386	0.5
7386	7386	1.0
7387	7387	1.0
7387	7388	0.5
7388	7388	1.0
7389	7389	1.0
7389	7390	0.5
7390	7390	1.0
7391	7391	1.0
7391	7392	0.5
7392	7392	1.0
7393	7393	1.0
7393	7394	0.5
7394	7394	1.0
7395	7395	1.0
7395	7396	0.5
7396	7396	1.0
7397	7397	1.0
7397	7398	0.5
7398	7398	1.0
7399	7399	1.0
7399	7400	0.5
7400	7400	1.0
7401	7401	1.0
7401	7402	0.5
7402	7402	1.0
7403	7403	1.0
7403	7404	0.5
7404	7404	1.0
7405	7405	1.0
7405	7406	0.5
7406	7406	1.0
7407	7407	1.0
7407	7408	0.5
7408	7408	1.0
7409	7409	1.0
7409	7410	0.5
7410	7410	1.0
7411	7411	1.0
7411	7412	0.5
7412	7412	1.0
7413	7413	1.0
7413	7414	0.5
7414	7414	1.0
7415	7415	1.0
7415	7416	0.5
7416	7416	1.0
7417	7417	1.0
7417	7418	0.5
7418	7418	1.0
7419	7419	1.0
7419	7420	0.5
7420	7420	1.0
7421	7421	1.0
7421	7422	0.5
7422	7422	1.0
7423	7423	1.0
7423	7424	0.5
7424	7424	1.0
7425	7425	1.0
7425	7426	0.5
7426	7426	1.0
7427	7427	1.0
7427	7428	0.5
7428	7428	1.0
7429	7429	1.0
7429	7430	0.5
7430	7430	1.0
7431	7431	1.0
7431	7432	0.5
7432	7432	1.0
7433	7433	1.0
7433	7434	0.5
7434	7434	1.0
7435	7435	1.0
7435	7436	0.5
7436	7436	1.0
7437	7437	1.0
7437	7438	0.5
7438	7438	1.0
7439	7439	1.0
7439	7440	0.5
7440	7440	1.0
7441	7441	1.0
7441	7442	0.5
7442	7442	1.0
7443	7443	1.0
7443	7444	0.5
7444	7444	1.0
7445	7445	1.0
7445	7446	0.5
7446	7446	1.0
7447	7447	1.0
7447	7448	0.5
7448	7448	1.0
7449	7449	1.0
7449	7450	0.5
7450	7450	1.0
7451	7451	1.0
7451	7452	0.5
7452	7452	1.0
7453	7453	1.0
7453	7454	0.5
7454	7454	1.0
7455	7455	1.0
7455	7456	0.5
7456	7456	1.0
7457	7457	1.0
7457	7458	0.5
7458	7458	1.0
7459	7459	1.0
7459	7460	0.5
7460	7460	1.0
7461	7461	1.0
7461	7462	0.5
7462	7462	1.0
7463	7463	1.0
7463	7464	0.5
7464	7464	1.0
7465	7465	1.0
7465	7466	0.5
7466	7466	1.0
7467	7467	1.0
7467	7468	0.5
7468	7468	1.0
7469	7469	1.0
7469	7470	0.5
7470	7470	1.0
7471	7471	1.0
7471	7472	0.5
7472	7472	1.0
7473	7473	1.0
7473	7474	0.5
7474	7474	1.0
7475	7475	1.0
7475	7476	0.5
7476	7476	1.0
7477	7477	1.0
7477	7478	0.5
7478	7478	1.0
7479	7479	1.0
7479	7480	0.5
7480	7480	1.0
7481	7481	1.0
7481	7482	0.5
7482	7482	1.0
7483	7483	1.0
7483	7484	0.5
7484	7484	1.0
7485	7485	1.0
7485	7486	0.5
7486	7486	1.0
7487	7487	1.0
7487	7488	0.5
7488	7488	1.0
7489	7489	1.0
7489	7490	0.5
7490	7490	1.0
7491	7491	1.0
7491	7492	0.5
7492	7492	1.0
7493	7493	1.0
7493	7494	0.5
7494	7494	1.0
7495	7495	1.0
7495	7496	0.5
7496	7496	1.0
7497	7497	1.0
7497	7498	0.5
7498	7498	1.0
7499	7499	1.0
7499	7500	0.5
7500	7500	1.0
7501	7501	1.0
7501	7502	0.5
7502	7502	1.0
7503	7503	1.0
7503	7504	0.5
7504	7504	1.0
7505	7505	1.0
7505	7506	0.5
7506	7506	1.0
7507	7507	1.0
7507	7508	0.5
7508	7508	1.0
7509	7509	1.0
7509	7510	0.5
7510	7510	1.0
7511	7511	1.0
7511	7512	0.5
7512	7512	1.0
7513	7513	1.0
7513	7514	0.5
7514	7514	1.0
7515	7515	1.0
7515	7516	0.5
7516	7516	1.0
7517	7517	1.0
7517	7518	0.5
7518	7518	1.0
7519	7519	1.0
7519	7520	0.5
7520	7520	1.0
7521	7521	1.0
7521	7522	0.5
7522	7522	1.0
7523	7523	1.0
7523	7524	0.5
7524	7524	1.0
7525	7525	1.0
7525	7526	0.5
7526	7526	1.0
7527	7527	1.0
7527	7528	0.5
7528	7528	1.0
7529	7529	1.0
7529	7530	0.5
7530	7530	1.0
7531	7531	1.0
7531	7532	0.5
7532	7532	1.0
7533	7533	1.0
7533	7534	0.5
7534	7534	1.0
7535	7535	1.0
7535	7536	0.5
7536	7536	1.0
7537	7537	1.0
7537	7538	0.5
7538	7538	1.0
7539	7539	1.0
7539	7540	0.5
7540	7540	1.0
7541	7541	1.0
7541	7542	0.5
7542	7542	1.0
7543	7543	1.0
7543	7544	0.5
7544	7544	1.0
7545	7545	1.0
7545	7546	0.5
7546	7546	1.0
7547	7547	1.0
7547	7548	0.5
7548	7548	1.0
7549	7549	1.0
7549	7550	0.5
7550	7550	1.0
7551	7551	1.0
7551	7552	0.5
7552	7552	1.0
7553	7553	1.0
7553	7554	0.5
7554	7554	1.0
7555	7555	1.0
7555	7556	0.5
7556	7556	1.0
7557	7557	1.0
7557	7558	0.5
7558	7558	1.0
7559	7559	1.0
7559	7560	0.5
7560	7560	1.0
7561	7561	1.0
7561	7562	0.5
7562	7562	1.0
7563	7563	1.0
7563	7564	0.5
7564	7564	1.0
7565	7565	1.0
7565	7566	0.5
7566	7566	1.0
7567	7567	1.0
7567	7568	0.5
7568	7568	1.0
7569	7569	1.0
7569	7570	0.5
7570	7570	1.0
7571	7571	1.0
7571	7572	0.5
7572	7572	1.0
7573	7573	1.0
7573	7574	0.5
7574	7574	1.0
7575	7575	1.0
7575	7576	0.5
7576	7576	1.0
7577	7577	1.0
7577	7578	0.5
7578	7578	1.0
7579	7579	1.0
7579	7580	0.5
7580	7580	1.0
7581	7581	1.0
7581	7582	0.5
7582	7582	1.0
7583	7583	1.0
7583	7584	0.5
7584	7584	1.0
7585	7585	1.0
7585	7586	0.5
7586	7586	1.0
7587	7587	1.0
7587	7588	0.5
7588	7588	1.0
7589	7589	1.0
7589	7590	0.5
7590	7590	1.0
7591	7591	1.0
7591	7592	0.5
7592	7592	1.0
7593	7593	1.0
7593	7594	0.5
7594	7594	1.0
7595	7595	1.0
7595	7596	0.5
7596	7596	1.0
7597	7597	1.0
7597	7598	0.5
7598	7598	1.0
7599	7599	1.0
7599	7600	0.5
7600	7600	1.0
7601	7601	1.0
7601	7602	0.5
7602	7602	1.0
7603	7603	1.0
7603	7604	0.5
7604	7604	1.0
7605	7605	1.0
7605	7606	0.5
7606	7606	1.0
7607	7607	1.0
7607	7608	0.5
7608	7608	1.0
7609	7609	1.0
7609	7610	0.5
7610	7610	1.0
7611	7611	1.0
7611	7612	0.5
7612	7612	1.0
7613	7613	1.0
7613	7614	0.5
7614	7614	1.0
7615	7615	1.0
7615	7616	0.5
7616	7616	1.0
7617	7617	1.0
7617	7618	0.5
7618	7618	1.0
7619	7619	1.0
7619	7620	0.5
7620	7620	1.0
7621	7621	1.0
7621	7622	0.5
7622	7622	1.0
7623	7623	1.0
7623	7624	0.5
7624	7624	1.0
7625	7625	1.0
7625	7626	0.5
7626	7626	1.0
7627	7627	1.0
7627	7628	0.5
7628	7628	1.0
7629	7629	1.0
7629	7630	0.5
7630	7630	1.0
7631	7631	1.0
7631	7632	0.5
7632	7632	1.0
7633	7633	1.0
7633	7634	0.5
7634	7634	1.0
7635	7635	1.0
7635	7636	0.5
7636	7636	1.0
7637	7637	1.0
7637	7638	0.5
7638	7638	1.0
7639	7639	1.0
7639	7640	0.5
7640	7640	1.0
7641	7641	1.0
7641	7642	0.5
7642	7642	1.0
7643	7643	1.0
7643	7644	0.5
7644	7644	1.0
7645	7645	1.0
7645	7646	0.5
7646	7646	1.0
7647	7647	1.0
7647	7648	0.5
7648	7648	1.0
7649	7649	1.0
7649	7650	0.5
7650	7650	1.0
7651	7651	1.0
7651	7652	0.5
7652	7652	1.0
7653	7653	1.0
7653	7654	0.5
7654	7654	1.0
7655	7655	1.0
7655	7656	0.5
7656	7656	1.0
7657	7657	1.0
7657	7658	0.5
7658	7658	1.0
7659	7659	1.0
7659	7660	0.5
7660	7660	1.0
7661	7661	1.0
7661	7662	0.5
7662	7662	1.0
7663	7663	1.0
7663	7664	0.5
7664	7664	1.0
7665	7665	1.0
7665	7666	0.5
7666	7666	1.0
7667	7667	1.0
7667	7668	0.5
7668	7668	1.0
7669	7669	1.0
7669	7670	0.5
7670	7670	1.0
7671	7671	1.0
7671	7672	0.5
7672	7672	1.0
7673	7673	1.0
7673	7674	0.5
7674	7674	1.0
7675	7675	1.0
7675	7676	0.5
7676	7676	1.0
7677	7677	1.0
7677	7678	0.5
7678	7678	1.0
7679	7679	1.0
7679	7680	0.5
7680	7680	1.0
7681	7681	1.0
7681	7682	0.5
7682	7682	1.0
7683	7683	1.0
7683	7684	0.5
7684	7684	1.0
7685	7685	1.0
7685	7686	0.5
7686	7686	1.0
7687	7687	1.0
7687	7688	0.5
7688	7688	1.0
7689	7689	1.0
7689	7690	0.5
7690	7690	1.0
7691	7691	1.0
7691	7692	0.5
7692	7692	1.0
7693	7693	1.0
7693	7694	0.5
7694	7694	1.0
7695	7695	1.0
7695	7696	0.5
7696	7696	1.0
7697	7697	1.0
7697	7698	0.5
7698	7698	1.0
7699	7699	1.0
7699	7700	0.5
7700	7700	1.0
7701	7701	1.0
7701	7702	0.5
7702	7702	1.0
7703	7703	1.0
7703	7704	0.5
7704	7704	1.0
7705	7705	1.0
7705	7706	0.5
7706	7706	1.0
7707	7707	1.0
7707	7708	0.5
7708	7708	1.0
7709	7709	1.0
7709	7710	0.5
7710	7710	1.0
7711	7711	1.0
7711	7712	0.5
7712	7712	1.0
7713	7713	1.0
7713	7714	0.5
7714	7714	1.0
7715	7715	1.0
7715	7716	0.5
7716	7716	1.0
7717	7717	1.0
7717	7718	0.5
7718	7718	1.0
7719	7719	1.0
7719	7720	0.5
7720	7720	1.0
7721	7721	1.0
7721	7722	0.5
7722	7722	1.0
7723	7723	1.0
7723	7724	0.5
7724	7724	1.0
7725	7725	1.0
7725	7726	0.5
7726	7726	1.0
7727	7727	1.0
7727	7728	0.5
7728	7728	1.0
7729	7729	1.0
7729	7730	0.5
7730	7730	1.0
7731	7731	1.0
7731	7732	0.5
7732	7732	1.0
7733	7733	1.0
7733	7734	0.5
7734	7734	1.0
7735	7735	1.0
7735	7736	0.5
7736	7736	1.0
7737	7737	1.0
7737	7738	0.5
7738	7738	1.0
7739	7739	1.0
7739	7740	0.5
7740	7740	1.0
7741	7741	1.0
7741	7742	0.5
7742	7742	1.0
7743	7743	1.0
7743	7744	0.5
7744	7744	1.0
7745	7745	1.0
7745	7746	0.5
7746	7746	1.0
7747	7747	1.0
7747	7748	0.5
7748	7748	1.0
7749	7749	1.0
7749	7750	0.5
7750	7750	1.0
7751	7751	1.0
7751	7752	0.5
7752	7752	1.0
7753	7753	1.0
7753	7754	0.5
7754	7754	1.0
7755	7755	1.0
7755	7756	0.5
7756	7756	1.0
7757	7757	1.0
7757	7758	0.5
7758	7758	1.0
7759	7759	1.0
7759	7760	0.5
7760	7760	1.0
7761	7761	1.0
7761	7762	0.5
7762	7762	1.0
7763	7763	1.0
7763	7764	0.5
7764	7764	1.0
7765	7765	1.0
7765	7766	0.5
7766	7766	1.0
7767	7767	1.0
7767	7768	0.5
7768	7768	1.0
7769	7769	1.0
7769	7770	0.5
7770	7770	1.0
7771	7771	1.0
7771	7772	0.5
7772	7772	1.0
7773	7773	1.0
7773	7774	0.5
7774	7774	1.0
7775	7775	1.0
7775	7776	0.5
7776	7776	1.0
7777	7777	1.0
7777	7778	0.5
7778	7778	1.0
7779	7779	1.0
7779	7780	0.5
7780	7780	1.0
7781	7781	1.0
7781	7782	0.5
7782	7782	1.0
7783	7783	1.0
7783	7784	0.5
7784	7784	1.0
7785	7785	1.0
7785	7786	0.5
7786	7786	1.0
7787	7787	1.0
7787	7788	0.5
7788	7788	1.0
7789	7789	1.0
7789	7790	0.5
7790	7790	1.0
7791	7791	1.0
7791	7792	0.5
7792	7792	1.0
7793	7793	1.0
7793	7794	0.5
7794	7794	1.0
7795	7795	1.0
7795	7796	0.5
7796	7796	1.0
7797	7797	1.0
7797	7798	0.5
7798	7798	1.0
7799	7799	1.0
7799	7800	0.5
7800	7800	1.0
7801	7801	1.0
7801	7802	0.5
7802	7802	1.0
7803	7803	1.0
7803	7804	0.5
7804	7804	1.0
7805	7805	1.0
7805	7806	0.5
7806	7806	1.0
7807	7807	1.0
7807	7808	0.5
7808	7808	1.0
7809	7809	1.0
7809	7810	0.5
7810	7810	1.0
7811	7811	1.0
7811	7812	0.5
7812	7812	1.0
7813	7813	1.0
7813	7814	0.5
7814	7814	1.0
7815	7815	1.0
7815	7816	0.5
7816	7816	1.0
7817	7817	1.0
7817	7818	0.5
7818	7818	1.0
7819	7819	1.0
7819	7820	0.5
7820	7820	1.0
7821	7821	1.0
7821	7822	0.5
7822	7822	1.0
7823	7823	1.0
7823	7824	0.5
7824	7824	1.0
7825	7825	1.0
7825	7826	0.5
7826	7826	1.0
7827	7827	1.0
7827	7828	0.5
7828	7828	1.0
7829	7829	1.0
7829	7830	0.5
7830	7830	1.0
7831	7831	1.0
7831	7832	0.5
7832	7832	1.0
7833	7833	1.0
7833	7834	0.5
7834	7834	1.0
7835	7835	1.0
7835	7836	0.5
7836	7836	1.0
7837	7837	1.0
7837	7838	0.5
7838	7838	1.0
7839	7839	1.0
7839	7840	0.5
7840	7840	1.0
7841	7841	1.0
7841	7842	0.5
7842	7842	1.0
7843	7843	1.0
7843	7844	0.5
7844	7844	1.0
7845	7845	1.0
7845	7846	0.5
7846	7846	1.0
7847	7847	1.0
7847	7848	0.5
7848	7848	1.0
7849	7849	1.0
7849	7850	0.5
7850	7850	1.0
7851	7851	1.0
7851	7852	0.5
7852	7852	1.0
7853	7853	1.0
7853	7854	0.5
7854	7854	1.0
7855	7855	1.0
7855	7856	0.5
7856	7856	1.0
7857	7857	1.0
7857	7858	0.5
7858	7858	1.0
7859	7859	1.0
7859	7860	0.5
7860	7860	1.0
7861	7861	1.0
7861	7862	0.5
7862	7862	1.0
7863	7863	1.0
7863	7864	0.5
7864	7864	1.0
7865	7865	1.0
7865	7866	0.5
7866	7866	1.0
7867	7867	1.0
7867	7868	0.5
7868	7868	1.0
7869	7869	1.0
7869	7870	0.5
7870	7870	1.0
7871	7871	1.0
7871	7872	0.5
7872	7872	1.0
7873	7873	1.0
7873	7874	0.5
7874	7874	1.0
7875	7875	1.0
7875	7876	0.5
7876	7876	1.0
7877	7877	1.0
7877	7878	0.5
7878	7878	1.0
7879	7879	1.0
7879	7880	0.5
7880	7880	1.0
7881	7881	1.0
7881	7882	0.5
7882	7882	1.0
7883	7883	1.0
7883	7884	0.5
7884	7884	1.0
7885	7885	1.0
7885	7886	0.5
7886	7886	1.0
7887	7887	1.0
7887	7888	0.5
7888	7888	1.0
7889	7889	1.0
7889	7890	0.5
7890	7890	1.0
7891	7891	1.0
7891	7892	0.5
7892	7892	1.0
7893	7893	1.0
7893	7894	0.5
7894	7894	1.0
7895	7895	1.0
7895	7896	0.5
7896	7896	1.0
7897	7897	1.0
7897	7898	0.5
7898	7898	1.0
7899	7899	1.0
7899	7900	0.5
7900	7900	1.0
7901	7901	1.0
7901	7902	0.5
7902	7902	1.0
7903	7903	1.0
7903	7904	0.5
7904	7904	1.0
7905	7905	1.0
7905	7906	0.5
7906	7906	1.0
7907	7907	1.0
7907	7908	0.5
7908	7908	1.0
7909	7909	1.0
7909	7910	0.5
7910	7910	1.0
7911	7911	1.0
7911	7912	0.5
7912	7912	1.0
7913	7913	1.0
7913	7914	0.5
7914	7914	1.0
7915	7915	1.0
7915	7916	0.5
7916	7916	1.0
7917	7917	1.0
7917	7918	0.5
7918	7918	1.0
7919	7919	1.0
7919	7920	0.5
7920	7920	1.0
7921	7921	1.0
7921	7922	0.5
7922	7922	1.0
7923	7923	1.0
7923	7924	0.5
7924	7924	1.0
7925	7925	1.0
7925	7926	0.5
7926	7926	1.0
7927	7927	1.0
7927	7928	0.5
7928	7928	1.0
7929	7929	1.0
7929	7930	0.5
7930	7930	1.0
7931	7931	1.0
7931	7932	0.5
7932	7932	1.0
7933	7933	1.0
7933	7934	0.5
7934	7934	1.0
7935	7935	1.0
7935	7936	0.5
7936	7936	1.0
7937	7937	1.0
7937	7938	0.5
7938	7938	1.0
7939	7939	1.0
7939	7940	0.5
7940	7940	1.0
7941	7941	1.0
7941	7942	0.5
7942	7942	1.0
7943	7943	1.0
7943	7944	0.5
7944	7944	1.0
7945	7945	1.0
7945	7946	0.5
7946	7946	1.0
7947	7947	1.0
7947	7948	0.5
7948	7948	1.0
7949	7949	1.0
7949	7950	0.5
7950	7950	1.0
7951	7951	1.0
7951	7952	0.5
7952	7952	1.0
7953	7953	1.0
7953	7954	0.5
7954	7954	1.0
7955	7955	1.0
7955	7956	0.5
7956	7956	1.0
7957	7957	1.0
7957	7958	0.5
7958	7958	1.0
7959	7959	1.0
7959	7960	0.5
7960	7960	1.0
7961	7961	1.0
7961	7962	0.5
7962	7962	1.0
7963	7963	1.0
7963	7964	0.5
7964	7964	1.0
7965	7965	1.0
7965	7966	0.5
7966	7966	1.0
7967	7967	1.0
7967	7968	0.5
7968	7968	1.0
7969	7969	1.0
7969	7970	0.5
7970	7970	1.0
7971	7971	1.0
7971	7972	0.5
7972	7972	1.0
7973	7973	1.0
7973	7974	0.5
7974	7974	1.0
7975	7975	1.0
7975	7976	0.5
7976	7976	1.0
7977	7977	1.0
7977	7978	0.5
7978	7978	1.0
7979	7979	1.0
7979	7980	0.5
7980	7980	1.0
7981	7981	1.0
7981	7982	0.5
7982	7982	1.0
7983	7983	1.0
7983	7984	0.5
7984	7984	1.0
7985	7985	1.0
7985	7986	0.5
7986	7986	1.0
7987	7987	1.0
7987	7988	0.5
7988	7988	1.0
7989	7989	1.0
7989	7990	0.5
7990	7990	1.0
7991	7991	1.0
7991	7992	0.5
7992	7992	1.0
7993	7993	1.0
7993	7994	0.5
7994	7994	1.0
7995	7995	1.0
7995	7996	0.5
7996	7996	1.0
7997	7997	1.0
7997	7998	0.5
7998	7998	1.0
7999	7999	1.0
7999	8000	0.5
8000	8000	1.0
8001	8001	1.0
8001	8002	0.5
8002	8002	1.0
8003	8003	1.0
8003	8004	0.5
8004	8004	1.0
8005	8005	1.0
8005	8006	0.5
8006	8006	1.0
8007	8007	1.0
8007	8008	0.5
8008	8008	1.0
8009	8009	1.0
8009	8010	0.5
8010	8010	1.0
8011	8011	1.0
8011	8012	0.5
8012	8012	1.0
8013	8013	1.0
8013	8014	0.5
8014	8014	1.0
8015	8015	1.0
8015	8016	0.5
8016	8016	1.0
8017	8017	1.0
8017	8018	0.5
8018	8018	1.0
8019	8019	1.0
8019	8020	0.5
8020	8020	1.0
8021	8021	1.0
8021	8022	0.5
8022	8022	1.0
8023	8023	1.0
8023	8024	0.5
8024	8024	1.0
8025	8025	1.0
8025	8026	0.5
8026	8026	1.0
8027	8027	1.0
8027	8028	0.5
8028	8028	1.0
8029	8029	1.0
8029	8030	0.5
8030	8030	1.0
8031	8031	1.0
8031	8032	0.5
8032	8032	1.0
8033	8033	1.0
8033	8034	0.5
8034	8034	1.0
8035	8035	1.0
8035	8036	0.5
8036	8036	1.0
8037	8037	1.0
8037	8038	0.5
8038	8038	1.0
8039	8039	1.0
8039	8040	0.5
8040	8040	1.0
8041	8041	1.0
8041	8042	0.5
8042	8042	1.0
8043	8043	1.0
8043	8044	0.5
8044	8044	1.0
8045	8045	1.0
8045	8046	0.5
8046	8046	1.0
8047	8047	1.0
8047	8048	0.5
8048	8048	1.0
8049	8049	1.0
8049	8050	0.5
8050	8050	1.0
8051	8051	1.0
8051	8052	0.5
8052	8052	1.0
8053	8053	1.0
8053	8054	0.5
8054	8054	1.0
8055	8055	1.0
8055	8056	0.5
8056	8056	1.0
8057	8057	1.0
8057	8058	0.5
8058	8058	1.0
8059	8059	1.0
8059	8060	0.5
8060	8060	1.0
8061	8061	1.0
8061	8062	0.5
8062	8062	1.0
8063	8063	1.0
8063	8064	0.5
8064	8064	1.0
8065	8065	1.0
8065	8066	0.5
8066	8066	1.0
8067	8067	1.0
8067	8068	0.5
8068	8068	1.0
8069	8069	1.0
8069	8070	0.5
8070	8070	1.0
8071	8071	1.0
8071	8072	0.5
8072	8072	1.0
8073	8073	1.0
8073	8074	0.5
8074	8074	1.0
8075	8075	1.0
8075	8076	0.5
8076	8076	1.0
8077	8077	1.0
8077	8078	0.5
8078	8078	1.0
8079	8079	1.0
8079	8080	0.5
8080	8080	1.0
8081	8081	1.0
8081	8082	0.5
8082	8082	1.0
8083	8083	1.0
8083	8084	0.5
8084	8084	1.0
8085	8085	1.0
8085	8086	0.5
8086	8086	1.0
8087	8087	1.0
8087	8088	0.5
8088	8088	1.0
8089	8089	1.0
8089	8090	0.5
8090	8090	1.0
8091	8091	1.0
8091	8092	0.5
8092	8092	1.0
8093	8093	1.0
8093	8094	0.5
8094	8094	1.0
8095	8095	1.0
8095	8096	0.5
8096	8096	1.0
8097	8097	1.0
8097	8098	0.5
8098	8098	1.0
8099	8099	1.0
8099	8100	0.5
8100	8100	1.0
8101	8101	1.0
8101	8102	0.5
8102	8102	1.0
8103	8103	1.0
8103	8104	0.5
8104	8104	1.0
8105	8105	1.0
8105	8106	0.5
8106	8106	1.0
8107	8107	1.0
8107	8108	0.5
8108	8108	1.0
8109	8109	1.0
8109	8110	0.5
8110	8110	1.0
8111	8111	1.0
8111	8112	0.5
8112	8112	1.0
8113	8113	1.0
8113	8114	0.5
8114	8114	1.0
8115	8115	1.0
8115	8116	0.5
8116	8116	1.0
8117	8117	1.0
8117	8118	0.5
8118	8118	1.0
8119	8119	1.0
8119	8120	0.5
8120	8120	1.0
8121	8121	1.0
8121	8122	0.5
8122	8122	1.0
8123	8123	1.0
8123	8124	0.5
8124	8124	1.0
8125	8125	1.0
8125	8126	0.5
8126	8126	1.0
8127	8127	1.0
8127	8128	0.5
8128	8128	1.0
8129	8129	1.0
8129	8130	0.5
8130	8130	1.0
8131	8131	1.0
8131	8132	0.5
8132	8132	1.0
8133	8133	1.0
8133	8134	0.5
8134	8134	1.0
8135	8135	1.0
8135	8136	0.5
8136	8136	1.0
8137	8137	1.0
8137	8138	0.5
8138	8138	1.0
8139	8139	1.0
8139	8140	0.5
8140	8140	1.0
8141	8141	1.0
8141	8142	0.5
8142	8142	1.0
8143	8143	1.0
8143	8144	0.5
8144	8144	1.0
8145	8145	1.0
8145	8146	0.5
8146	8146	1.0
8147	8147	1.0
8147	8148	0.5
8148	8148	1.0
8149	8149	1.0
8149	8150	0.5
8150	8150	1.0
8151	8151	1.0
8151	8152	0.5
8152	8152	1.0
8153	8153	1.0
8153	8154	0.5
8154	8154	1.0
8155	8155	1.0
8155	8156	0.5
8156	8156	1.0
8157	8157	1.0
8157	8158	0.5
8158	8158	1.0
8159	8159	1.0
8159	8160	0.5
8160	8160	1.0
8161	8161	1.0
8161	8162	0.5
8162	8162	1.0
8163	8163	1.0
8163	8164	0.5
8164	8164	1.0
8165	8165	1.0
8165	8166	0.5
8166	8166	1.0
8167	8167	1.0
8167	8168	0.5
8168	8168	1.0
8169	8169	1.0
8169	8170	0.5
8170	8170	1.0
8171	8171	1.0
8171	8172	0.5
8172	8172	1.0
8173	8173	1.0
8173	8174	0.5
8174	8174	1.0
8175	8175	1.0
8175	8176	0.5
8176	8176	1.0
8177	8177	1.0
8177	8178	0.5
8178	8178	1.0
8179	8179	1.0
8179	8180	0.5
8180	8180	1.0
8181	8181	1.0
8181	8182	0.5
8182	8182	1.0
8183	8183	1.0
8183	8184	0.5
8184	8184	1.0
8185	8185	1.0
8185	8186	0.5
8186	8186	1.0
8187	8187	1.0
8187	8188	0.5
8188	8188	1.0
8189	8189	1.0
8189	8190	0.5
8190	8190	1.0
8191	8191	1.0
8191	8192	0.5
8192	8192	1.0
8193	8193	1.0
8193	8194	0.5
8194	8194	1.0
8195	8195	1.0
8195	8196	0.5
8196	8196	1.0
8197	8197	1.0
8197	8198	0.5
8198	8198	1.0
8199	8199	1.0
8199	8200	0.5
8200	8200	1.0
8201	8201	1.0
8201	8202	0.5
8202	8202	1.0
8203	8203	1.0
8203	8204	0.5
8204	8204	1.0
8205	8205	1.0
8205	8206	0.5
8206	8206	1.0
8207	8207	1.0
8207	8208	0.5
8208	8208	1.0
8209	8209	1.0
8209	8210	0.5
8210	8210	1.0
8211	8211	1.0
8211	8212	0.5
8212	8212	1.0
8213	8213	1.0
8213	8214	0.5
8214	8214	1.0
8215	8215	1.0
8215	8216	0.5
8216	8216	1.0
8217	8217	1.0
8217	8218	0.5
8218	8218	1.0
8219	8219	1.0
8219	8220	0.5
8220	8220	1.0
8221	8221	1.0
8221	8222	0.5
8222	8222	1.0
8223	8223	1.0
8223	8224	0.5
8224	8224	1.0
8225	8225	1.0
8225	8226	0.5
8226	8226	1.0
8227	8227	1.0
8227	8228	0.5
8228	8228	1.0
8229	8229	1.0
8229	8230	0.5
8230	8230	1.0
8231	8231	1.0
8231	8232	0.5
8232	8232	1.0
8233	8233	1.0
8233	8234	0.5
8234	8234	1.0
8235	8235	1.0
8235	8236	0.5
8236	8236	1.0
8237	8237	1.0
8237	8238	0.5
8238	8238	1.0
8239	8239	1.0
8239	8240	0.5
8240	8240	1.0
8241	8241	1.0
8241	8242	0.5
8242	8242	1.0
8243	8243	1.0
8243	8244	0.5
8244	8244	1.0
8245	8245	1.0
8245	8246	0.5
8246	8246	1.0
8247	8247	1.0
8247	8248	0.5
8248	8248	1.0
8249	8249	1.0
8249	8250	0.5
8250	8250	1.0
8251	8251	1.0
8251	8252	0.5
8252	8252	1.0
8253	8253	1.0
8253	8254	0.5
8254	8254	1.0
8255	8255	1.0
8255	8256	0.5
8256	8256	1.0
8257	8257	1.0
8257	8258	0.5
8258	8258	1.0
8259	8259	1.0
8259	8260	0.5
8260	8260	1.0
8261	8261	1.0
8261	8262	0.5
8262	8262	1.0
8263	8263	1.0
8263	8264	0.5
8264	8264	1.0
8265	8265	1.0
8265	8266	0.5
8266	8266	1.0
8267	8267	1.0
8267	8268	0.5
8268	8268	1.0
8269	8269	1.0
8269	8270	0.5
8270	8270	1.0
8271	8271	1.0
8271	8272	0.5
8272	8272	1.0
8273	8273	1.0
8273	8274	0.5
8274	8274	1.0
8275	8275	1.0
8275	8276	0.5
8276	8276	1.0
8277	8277	1.0
8277	8278	0.5
8278	8278	1.0
8279	8279	1.0
8279	8280	0.5
8280	8280	1.0
8281	8281	1.0
8281	8282	0.5
8282	8282	1.0
8283	8283	1.0
8283	8284	0.5
8284	8284	1.0
8285	8285	1.0
8285	8286	0.5
8286	8286	1.0
8287	8287	1.0
8287	8288	0.5
8288	8288	1.0
8289	8289	1.0
8289	8290	0.5
8290	8290	1.0
8291	8291	1.0
8291	8292	0.5
8292	8292	1.0
8293	8293	1.0
8293	8294	0.5
8294	8294	1.0
8295	8295	1.0
8295	8296	0.5
8296	8296	1.0
8297	8297	1.0
8297	8298	0.5
8298	8298	1.0
8299	8299	1.0
8299	8300	0.5
8300	8300	1.0
8301	8301	1.0
8301	8302	0.5
8302	8302	1.0
8303	8303	1.0
8303	8304	0.5
8304	8304	1.0
8305	8305	1.0
8305	8306	0.5
8306	8306	1.0
8307	8307	1.0
8307	8308	0.5
8308	8308	1.0
8309	8309	1.0
8309	8310	0.5
8310	8310	1.0
8311	8311	1.0
8311	8312	0.5
8312	8312	1.0
8313	8313	1.0
8313	8314	0.5
8314	8314	1.0
8315	8315	1.0
8315	8316	0.5
8316	8316	1.0
8317	8317	1.0
8317	8318	0.5
8318	8318	1.0
8319	8319	1.0
8319	8320	0.5
8320	8320	1.0
8321	8321	1.0
8321	8322	0.5
8322	8322	1.0
8323	8323	1.0
8323	8324	0.5
8324	8324	1.0
8325	8325	1.0
8325	8326	0.5
8326	8326	1.0
8327	8327	1.0
8327	8328	0.5
8328	8328	1.0
8329	8329	1.0
8329	8330	0.5
8330	8330	1.0
8331	8331	1.0
8331	8332	0.5
8332	8332	1.0
8333	8333	1.0
8333	8334	0.5
8334	8334	1.0
8335	8335	1.0
8335	8336	0.5
8336	8336	1.0
8337	8337	1.0
8337	8338	0.5
8338	8338	1.0
8339	8339	1.0
8339	8340	0.5
8340	8340	1.0
8341	8341	1.0
8341	8342	0.5
8342	8342	1.0
8343	8343	1.0
8343	8344	0.5
8344	8344	1.0
8345	8345	1.0
8345	8346	0.5
8346	8346	1.0
8347	8347	1.0
8347	8348	0.5
8348	8348	1.0
8349	8349	1.0
8349	8350	0.5
8350	8350	1.0
8351	8351	1.0
8351	8352	0.5
8352	8352	1.0
8353	8353	1.0
8353	8354	0.5
8354	8354	1.0
8355	8355	1.0
8355	8356	0.5
8356	8356	1.0
8357	8357	1.0
8357	8358	0.5
8358	8358	1.0
8359	8359	1.0
8359	8360	0.5
8360	8360	1.0
8361	8361	1.0
8361	8362	0.5
8362	8362	1.0
8363	8363	1.0
8363	8364	0.5
8364	8364	1.0
8365	8365	1.0
8365	8366	0.5
8366	8366	1.0
8367	8367	1.0
8367	8368	0.5
8368	8368	1.0
8369	8369	1.0
8369	8370	0.5
8370	8370	1.0
8371	8371	1.0
8371	8372	0.5
8372	8372	1.0
8373	8373	1.0
8373	8374	0.5
8374	8374	1.0
8375	8375	1.0
8375	8376	0.5
8376	8376	1.0
8377	8377	1.0
8377	8378	0.5
8378	8378	1.0
8379	8379	1.0
8379	8380	0.5
8380	8380	1.0
8381	8381	1.0
8381	8382	0.5
8382	8382	1.0
8383	8383	1.0
8383	8384	0.5
8384	8384	1.0
8385	8385	1.0
8385	8386	0.5
8386	8386	1.0
8387	8387	1.0
8387	8388	0.5
8388	8388	1.0
8389	8389	1.0
8389	8390	0.5
8390	8390	1.0
8391	8391	1.0
8391	8392	0.5
8392	8392	1.0
8393	8393	1.0
8393	8394	0.5
8394	8394	1.0
8395	8395	1.0
8395	8396	0.5
8396	8396	1.0
8397	8397	1.0
8397	8398	0.5
8398	8398	1.0
8399	8399	1.0
8399	8400	0.5
8400	8400	1.0
8401	8401	1.0
8401	8402	0.5
8402	8402	1.0
8403	8403	1.0
8403	8404	0.5
8404	8404	1.0
8405	8405	1.0
8405	8406	0.5
8406	8406	1.0
8407	8407	1.0
8407	8408	0.5
8408	8408	1.0
8409	8409	1.0
8409	8410	0.5
8410	8410	1.0
8411	8411	1.0
8411	8412	0.5
8412	8412	1.0
8413	8413	1.0
8413	8414	0.5
8414	8414	1.0
8415	8415	1.0
8415	8416	0.5
8416	8416	1.0
8417	8417	1.0
8417	8418	0.5
8418	8418	1.0
8419	8419	1.0
8419	8420	0.5
8420	8420	1.0
8421	8421	1.0
8421	8422	0.5
8422	8422	1.0
8423	8423	1.0
8423	8424	0.5
8424	8424	1.0
8425	8425	1.0
8425	8426	0.5
8426	8426	1.0
8427	8427	1.0
8427	8428	0.5
8428	8428	1.0
8429	8429	1.0
8429	8430	0.5
8430	8430	1.0
8431	8431	1.0
8431	8432	0.5
8432	8432	1.0
8433	8433	1.0
8433	8434	0.5
8434	8434	1.0
8435	8435	1.0
8435	8436	0.5
8436	8436	1.0
8437	8437	1.0
8437	8438	0.5
8438	8438	1.0
8439	8439	1.0
8439	8440	0.5
8440	8440	1.0
8441	8441	1.0
8441	8442	0.5
8442	8442	1.0
8443	8443	1.0
8443	8444	0.5
8444	8444	1.0
8445	8445	1.0
8445	8446	0.5
8446	8446	1.0
8447	8447	1.0
8447	8448	0.5
8448	8448	1.0
8449	8449	1.0
8449	8450	0.5
8450	8450	1.0
8451	8451	1.0
8451	8452	0.5
8452	8452	1.0
8453	8453	1.0
8453	8454	0.5
8454	8454	1.0
8455	8455	1.0
8455	8456	0.5
8456	8456	1.0
8457	8457	1.0
8457	8458	0.5
8458	8458	1.0
8459	8459	1.0
8459	8460	0.5
8460	8460	1.0
8461	8461	1.0
8461	8462	0.5
8462	8462	1.0
8463	8463	1.0
8463	8464	0.5
8464	8464	1.0
8465	8465	1.0
8465	8466	0.5
8466	8466	1.0
8467	8467	1.0
8467	8468	0.5
8468	8468	1.0
8469	8469	1.0
8469	8470	0.5
8470	8470	1.0
8471	8471	1.0
8471	8472	0.5
8472	8472	1.0
8473	8473	1.0
8473	8474	0.5
8474	8474	1.0
8475	8475	1.0
8475	8476	0.5
8476	8476	1.0
8477	8477	1.0
8477	8478	0.5
8478	8478	1.0
8479	8479	1.0
8479	8480	0.5
8480	8480	1.0
8481	8481	1.0
8481	8482	0.5
8482	8482	1.0
8483	8483	1.0
8483	8484	0.5
8484	8484	1.0
8485	8485	1.0
8485	8486	0.5
8486	8486	1.0
8487	8487	1.0
8487	8488	0.5
8488	8488	1.0
8489	8489	1.0
8489	8490	0.5
8490	8490	1.0
8491	8491	1.0
8491	8492	0.5
8492	8492	1.0
8493	8493	1.0
8493	8494	0.5
8494	8494	1.0
8495	8495	1.0
8495	8496	0.5
8496	8496	1.0
8497	8497	1.0
8497	8498	0.5
8498	8498	1.0
8499	8499	1.0
8499	8500	0.5
8500	8500	1.0
